-- MySQL dump 10.13  Distrib 5.5.32, for debian-linux-gnu (i686)
--
-- Host: localhost    Database: kohels65
-- ------------------------------------------------------
-- Server version	5.5.32-0ubuntu0.12.04.1

/*!40101 SET @OLD_CHARACTER_SET_CLIENT=@@CHARACTER_SET_CLIENT */;
/*!40101 SET @OLD_CHARACTER_SET_RESULTS=@@CHARACTER_SET_RESULTS */;
/*!40101 SET @OLD_COLLATION_CONNECTION=@@COLLATION_CONNECTION */;
/*!40101 SET NAMES utf8 */;
/*!40103 SET @OLD_TIME_ZONE=@@TIME_ZONE */;
/*!40103 SET TIME_ZONE='+00:00' */;
/*!40014 SET @OLD_UNIQUE_CHECKS=@@UNIQUE_CHECKS, UNIQUE_CHECKS=0 */;
/*!40014 SET @OLD_FOREIGN_KEY_CHECKS=@@FOREIGN_KEY_CHECKS, FOREIGN_KEY_CHECKS=0 */;
/*!40101 SET @OLD_SQL_MODE=@@SQL_MODE, SQL_MODE='NO_AUTO_VALUE_ON_ZERO' */;
/*!40111 SET @OLD_SQL_NOTES=@@SQL_NOTES, SQL_NOTES=0 */;

--
-- Table structure for table `AI`
--

DROP TABLE IF EXISTS `AI`;
/*!40101 SET @saved_cs_client     = @@character_set_client */;
/*!40101 SET character_set_client = utf8 */;
CREATE TABLE `AI` (
  `id` varchar(5) NOT NULL,
  `course_no` varchar(8) DEFAULT NULL,
  `f_member` varchar(10) DEFAULT NULL,
  `sem_taken` varchar(12) DEFAULT NULL,
  PRIMARY KEY (`id`),
  UNIQUE KEY `id` (`id`)
) ENGINE=InnoDB DEFAULT CHARSET=latin1;
/*!40101 SET character_set_client = @saved_cs_client */;

--
-- Dumping data for table `AI`
--

LOCK TABLES `AI` WRITE;
/*!40000 ALTER TABLE `AI` DISABLE KEYS */;
INSERT INTO AI VALUES('F2F12','F2',null,null,'Spring 2011');
INSERT INTO AI VALUES('F2F11','F2',null,null,'Spring 2011');
INSERT INTO AI VALUES('H3F12','H3',null,null,'Spring 2011');
INSERT INTO AI VALUES('H3F11','H3',null,null,'Spring 2011');
INSERT INTO AI VALUES('J1S12','J1',null,null,'Spring 2011');
INSERT INTO AI VALUES('D2F11','D2',null,null,'Fall 2011');
INSERT INTO AI VALUES('B2F12','B2',null,null,'Fall 2010');
INSERT INTO AI VALUES('B2F11','B2',null,null,'Fall 2011');
INSERT INTO AI VALUES('D2F12','D2',null,null,'Fall 2011');
INSERT INTO AI VALUES('E1S12','E1',null,null,'Spring 2012');
INSERT INTO AI VALUES('K3F11','K3',null,null,'Spring 2011');
INSERT INTO AI VALUES('K3F12','K3',null,null,'Spring 2011');
INSERT INTO AI VALUES('I3S12','I3',null,null,'Spring 2012');
INSERT INTO AI VALUES('E3S12','E3',null,null,'Spring 2011');
INSERT INTO AI VALUES('E2F11','E2',null,null,'Spring 2011');
INSERT INTO AI VALUES('E2F12','E2',null,null,'Spring 2011');
INSERT INTO AI VALUES('J3F12','J2',null,null,'Fall 2011');
INSERT INTO AI VALUES('J3F11','J3',null,null,'Fall 2011');
INSERT INTO AI VALUES('H1S12','H1',null,null,'Spring 2012');
INSERT INTO AI VALUES('F3F11','F3',null,null,'Spring 2011');
INSERT INTO AI VALUES('C1F12','C1',null,null,'Spring 2012');
INSERT INTO AI VALUES('C1F11','C1',null,null,'Spring 2011');
INSERT INTO AI VALUES('F3F12','F3',null,null,'Spring 2011');
INSERT INTO AI VALUES('D1S12','D1',null,null,'Fall 2011');
INSERT INTO AI VALUES('H3S12','H3',null,null,'Spring 2012');
INSERT INTO AI VALUES('E3F11','E3',null,null,'Spring 2011');
INSERT INTO AI VALUES('G1F12','G1',null,null,'Spring 2011');
INSERT INTO AI VALUES('G1F11','G1',null,null,'Fall 2011');
INSERT INTO AI VALUES('E3F12','E3',null,null,'Spring 2011');
INSERT INTO AI VALUES('J6S12','J6',null,null,'Fall 2010');
INSERT INTO AI VALUES('F3S12','F3',null,null,'Spring 2012');
INSERT INTO AI VALUES('G3S12','G3',null,null,'Spring 2012');
INSERT INTO AI VALUES('B1S12','B1',null,null,'Fall 2010');
INSERT INTO AI VALUES('H1F11','H1',null,null,'Fall 2011');
INSERT INTO AI VALUES('B3F12','B3',null,null,'Fall 2012');
INSERT INTO AI VALUES('J4F11','J4',null,null,'Spring 2011');
INSERT INTO AI VALUES('B3F11','B3',null,null,'Spring 2011');
INSERT INTO AI VALUES('H1F12','H1',null,null,'Spring 2011');
INSERT INTO AI VALUES('J4F12','J4',null,null,'Spring 2011');
INSERT INTO AI VALUES('I2F11','I2',null,null,'Fall 2010');
INSERT INTO AI VALUES('I2F12','I2',null,null,'Spring 2012');
INSERT INTO AI VALUES('K3S12','K3',null,null,'Spring 2012');
INSERT INTO AI VALUES('H2F12','H2',null,null,'Spring 2011');
INSERT INTO AI VALUES('H2F11','H2',null,null,'Spring 2011');
INSERT INTO AI VALUES('F1F11','F1',null,null,'Fall 2011');
INSERT INTO AI VALUES('C3F11','C3',null,null,'Fall 2011');
INSERT INTO AI VALUES('D2S12','D2',null,null,'Fall 2011');
INSERT INTO AI VALUES('C3S12','C3',null,null,'Fall 2012');
INSERT INTO AI VALUES('C3F12','C3',null,null,'Spring 2012');
INSERT INTO AI VALUES('F1S12','F1',null,null,'Spring 2012');
INSERT INTO AI VALUES('J2S12','J2',null,null,'Fall 2011');
INSERT INTO AI VALUES('F1F12','F1',null,null,'Spring 2011');
INSERT INTO AI VALUES('K1S12','K1',null,null,'Fall 2011');
INSERT INTO AI VALUES('K2S12','K2',null,null,'Fall 2010');
INSERT INTO AI VALUES('A1F10','A1',null,null,'Fall 2010');
INSERT INTO AI VALUES('I2S12','I2',null,null,'Spring 2011');
INSERT INTO AI VALUES('J4S12','J4',null,null,'Spring 2012');
INSERT INTO AI VALUES('I3S11','I3',null,null,'Spring 2011');
INSERT INTO AI VALUES('F2S12','F2',null,null,'Spring 2011');
INSERT INTO AI VALUES('J6F11','J6',null,null,'Fall 2011');
INSERT INTO AI VALUES('J6F12','J6',null,null,'Fall 2012');
INSERT INTO AI VALUES('E2S12','E2',null,null,'Spring 2012');
INSERT INTO AI VALUES('E1F11','E1',null,null,'Fall 2011');
INSERT INTO AI VALUES('E1F12','E1',null,null,'Spring 2011');
INSERT INTO AI VALUES('G2F11','G2',null,null,'Spring 2011');
INSERT INTO AI VALUES('I1S12','I2',null,null,'Fall 2011');
INSERT INTO AI VALUES('J3S12','J3',null,null,'Fall 2011');
INSERT INTO AI VALUES('B4F12','B4',null,null,'Spring 2011');
INSERT INTO AI VALUES('C1S12','C1',null,null,'Spring 2012');
INSERT INTO AI VALUES('B4F11','B4',null,null,'Spring 2011');
INSERT INTO AI VALUES('I1F11','I2',null,null,'Spring 2012');
INSERT INTO AI VALUES('D1F12','D1',null,null,'Fall 2012');
INSERT INTO AI VALUES('I1F12','I1',null,null,'Fall 2012');
INSERT INTO AI VALUES('B2S12','B2',null,null,'Fall 2012');
INSERT INTO AI VALUES('D1F11','D1',null,null,'Fall 2011');
INSERT INTO AI VALUES('G2F12','G2',null,null,'Spring 2011');
INSERT INTO AI VALUES('J5F12','J5',null,null,'Fall 2012');
INSERT INTO AI VALUES('K1F11','K1',null,null,'Fall 2011');
INSERT INTO AI VALUES('I3F11','I3',null,null,'Spring 2011');
INSERT INTO AI VALUES('J5F11','J5',null,null,'Spring 2012');
INSERT INTO AI VALUES('K1F12','K1',null,null,'Fall 2012');
INSERT INTO AI VALUES('I3F12','I3',null,null,'Spring 2011');
INSERT INTO AI VALUES('D3F11','D3',null,null,'Spring 2011');
INSERT INTO AI VALUES('D3F12','D3',null,null,'Spring 2012');
INSERT INTO AI VALUES('A1S12','A1',null,null,'Fall 2010');
INSERT INTO AI VALUES('K2F11','K2',null,null,'Fall 2011');
INSERT INTO AI VALUES('A2S12','A2',null,null,'Spring 2012');
INSERT INTO AI VALUES('A1F12','A1',null,null,'Fall 2012');
INSERT INTO AI VALUES('A1F11','A1',null,null,'Fall 2011');
INSERT INTO AI VALUES('K2F12','K2',null,null,'Spring 2012');
INSERT INTO AI VALUES('C2S12','C2',null,null,'Fall 2010');
INSERT INTO AI VALUES('H2S12','H2',null,null,'Spring 2011');
INSERT INTO AI VALUES('A3S12','A3',null,null,'Spring 2011');
INSERT INTO AI VALUES('J1F11','J1',null,null,'Spring 2011');
INSERT INTO AI VALUES('K3S11','K3',null,null,'Spring 2011');
INSERT INTO AI VALUES('J5S12','J5',null,null,'Fall 2010');
INSERT INTO AI VALUES('A4S12','A4',null,null,'Fall 2012');
INSERT INTO AI VALUES('B1F11','B1',null,null,'Fall 2011');
INSERT INTO AI VALUES('B1F12','B1',null,null,'Fall 2012');
INSERT INTO AI VALUES('G3F11','G3',null,null,'Spring 2011');
INSERT INTO AI VALUES('G3F12','G3',null,null,'Spring 2011');
INSERT INTO AI VALUES('G2S12','G2',null,null,'Spring 2011');
INSERT INTO AI VALUES('A2F11','A2',null,null,'Spring 2012');
INSERT INTO AI VALUES('D3S12','D3',null,null,'Spring 2011');
INSERT INTO AI VALUES('A2F12','A2',null,null,'Fall 2012');
INSERT INTO AI VALUES('A3F12','A3',null,null,'Spring 2011');
INSERT INTO AI VALUES('A3F11','A3',null,null,'Fall 2012');
INSERT INTO AI VALUES('A4F11','A4',null,null,'Spring 2011');
INSERT INTO AI VALUES('A4F12','A4',null,null,'Fall 2012');
INSERT INTO AI VALUES('J2F11','J2',null,null,'Fall 2011');
INSERT INTO AI VALUES('J2F12','J2',null,null,'Fall 2012');
INSERT INTO AI VALUES('J1F12','J1',null,null,'Fall 2012');
INSERT INTO AI VALUES('G1S12','G1',null,null,'Spring 2012');
INSERT INTO AI VALUES('C2F11','C2',null,null,'Spring 2012');
INSERT INTO AI VALUES('B3S12','B3',null,null,'Fall 2012');
INSERT INTO AI VALUES('C2F12','C2',null,null,'Spring 2012');
INSERT INTO AI VALUES('B4S12','B4',null,null,'Fall 2012');
/*!40000 ALTER TABLE `AI` ENABLE KEYS */;
UNLOCK TABLES;

--
-- Table structure for table `CIS`
--

DROP TABLE IF EXISTS `CIS`;
/*!40101 SET @saved_cs_client     = @@character_set_client */;
/*!40101 SET character_set_client = utf8 */;
CREATE TABLE `CIS` (
  `uid` mediumint(9) NOT NULL,
  `b_date` varchar(12) DEFAULT NULL,
  `e_date` varchar(12) DEFAULT NULL,
  UNIQUE KEY `uid` (`uid`),
  CONSTRAINT `CIS_ibfk_1` FOREIGN KEY (`uid`) REFERENCES `Student` (`uid`)
) ENGINE=InnoDB DEFAULT CHARSET=latin1;
/*!40101 SET character_set_client = @saved_cs_client */;

--
-- Dumping data for table `CIS`
--

LOCK TABLES `CIS` WRITE;
/*!40000 ALTER TABLE `CIS` DISABLE KEYS */;
INSERT INTO `CIS` VALUES (100000,'Fall 2010','Spring 2011'),(100003,'Spring 2011','Spring 2012'),(100007,'Fall 2010','Spring 2012'),(100018,'Fall 2010','Fall 2012'),(100034,'Spring 2011','Spring 2012'),(100035,'Fall 2010','Fall 2012'),(100037,'Spring 2011','Fall 2012'),(100046,'Spring 2011','Spring 2011'),(100049,'Fall 2010','Fall 2012'),(100053,'Fall 2010','Spring 2012'),(100054,'Fall 2010','Spring 2012'),(100056,'Fall 2011','Fall 2011'),(100076,'Spring 2011','Fall 2012'),(100077,'Spring 2011','Spring 2012'),(100087,'Spring 2011','Spring 2011'),(100105,'Spring 2011','Spring 2011'),(100119,'Spring 2011','Fall 2012'),(100121,'Fall 2011','Spring 2012'),(100133,'Fall 2010','Spring 2012'),(100135,'Fall 2011','Fall 2011'),(100153,'Spring 2012','Spring 2012'),(100156,'Fall 2010','Spring 2012'),(100159,'Fall 2011','Fall 2012'),(100163,'Fall 2012','Fall 2012'),(100171,'Fall 2010','Spring 2012'),(100172,'Spring 2011','Spring 2012'),(100177,'Spring 2012','Spring 2012'),(100184,'Fall 2011','Fall 2011'),(100200,'Spring 2011','Fall 2012'),(100206,'Spring 2011','Fall 2012'),(100220,'Fall 2010','Spring 2012'),(100243,'Spring 2011','Spring 2011'),(100246,'Fall 2012','Fall 2012'),(100247,'Fall 2011','Spring 2012'),(100268,'Spring 2011','Spring 2011'),(100274,'Fall 2011','Fall 2011'),(100278,'Spring 2011','Spring 2012');
/*!40000 ALTER TABLE `CIS` ENABLE KEYS */;
UNLOCK TABLES;

--
-- Table structure for table `CS`
--

DROP TABLE IF EXISTS `CS`;
/*!40101 SET @saved_cs_client     = @@character_set_client */;
/*!40101 SET character_set_client = utf8 */;
CREATE TABLE `CS` (
  `uid` mediumint(9) NOT NULL,
  `b_date` varchar(12) DEFAULT NULL,
  `e_date` varchar(12) DEFAULT NULL,
  UNIQUE KEY `uid` (`uid`),
  CONSTRAINT `CS_ibfk_1` FOREIGN KEY (`uid`) REFERENCES `Student` (`uid`)
) ENGINE=InnoDB DEFAULT CHARSET=latin1;
/*!40101 SET character_set_client = @saved_cs_client */;

--
-- Dumping data for table `CS`
--

LOCK TABLES `CS` WRITE;
/*!40000 ALTER TABLE `CS` DISABLE KEYS */;
INSERT INTO `CS` VALUES (100004,'Fall 2011','Fall 2011'),(100013,'Spring 2011','Spring 2011'),(100014,'Fall 2011','Spring 2012'),(100015,'Fall 2010','Fall 2012'),(100032,'Spring 2011','Fall 2012'),(100041,'Fall 2010','Fall 2012'),(100045,'Spring 2011','Fall 2012'),(100050,'Fall 2011','Spring 2012'),(100066,'Fall 2011','Fall 2011'),(100068,'Fall 2010','Fall 2012'),(100082,'Fall 2011','Fall 2011'),(100091,'Spring 2011','Spring 2011'),(100093,'Fall 2011','Spring 2012'),(100098,'Spring 2011','Fall 2012'),(100139,'Spring 2011','Fall 2012'),(100141,'Spring 2011','Fall 2012'),(100143,'Fall 2010','Fall 2011'),(100146,'Fall 2011','Fall 2011'),(100187,'Spring 2011','Fall 2012'),(100194,'Spring 2011','Fall 2012'),(100195,'Fall 2011','Spring 2012'),(100201,'Spring 2011','Fall 2012'),(100207,'Fall 2010','Spring 2012'),(100230,'Fall 2010','Fall 2012'),(100233,'Fall 2012','Fall 2012'),(100236,'Fall 2010','Spring 2012'),(100237,'Spring 2012','Spring 2012'),(100249,'Fall 2010','Fall 2012'),(100264,'Spring 2011','Fall 2012'),(100265,'Spring 2011','Fall 2012'),(100269,'Fall 2010','Spring 2012'),(100280,'Fall 2011','Spring 2012'),(100285,'Fall 2010','Fall 2012'),(100286,'Fall 2012','Fall 2012');
/*!40000 ALTER TABLE `CS` ENABLE KEYS */;
UNLOCK TABLES;

--
-- Table structure for table `Criteria`
--

DROP TABLE IF EXISTS `Criteria`;
/*!40101 SET @saved_cs_client     = @@character_set_client */;
/*!40101 SET character_set_client = utf8 */;
CREATE TABLE `Criteria` (
  `crit_id` varchar(7) NOT NULL,
  `rubric` varchar(3) DEFAULT NULL,
  `id` varchar(5) DEFAULT NULL,
  PRIMARY KEY (`crit_id`),
  UNIQUE KEY `crit_id` (`crit_id`),
  KEY `id` (`id`),
  CONSTRAINT `Criteria_ibfk_1` FOREIGN KEY (`id`) REFERENCES `AI` (`id`)
) ENGINE=InnoDB DEFAULT CHARSET=latin1;
/*!40101 SET character_set_client = @saved_cs_client */;

--
-- Dumping data for table `Criteria`
--

LOCK TABLES `Criteria` WRITE;
/*!40000 ALTER TABLE `Criteria` DISABLE KEYS */;
INSERT INTO `Criteria` VALUES ('A1CF104','1-4','A1F10'),('A1F10C1','1-4','A1F10'),('A1F10C2','1-4','A1F10'),('A1F10C3','1-4','A1F10'),('A1F11C1','1-4','A1F11'),('A1F11C2','1-4','A1F11'),('A1F11C3','1-4','A1F11'),('A1F11C4','1-4','A1F11'),('A1F12C1','1-4','A1F12'),('A1F12C2','1-4','A1F12'),('A1F12C3','1-4','A1F12'),('A1F12C4','1-4','A1F12'),('A1S12C1','1-4','A1S12'),('A1S12C2','1-4','A1S12'),('A1S12C3','1-4','A1S12'),('A1S12C4','1-4','A1S12'),('A2F11C1','1-4','A2F11'),('A2F11C2','1-4','A2F11'),('A2F11C3','1-4','A2F11'),('A2F11C4','1-4','A2F11'),('A2F12C1','1-4','A2F12'),('A2F12C2','1-4','A2F12'),('A2F12C3','1-4','A2F12'),('A2F12C4','1-4','A2F12'),('A2S12C1','1-4','A2S12'),('A2S12C2','1-4','A2S12'),('A2S12C3','1-4','A2S12'),('A2S12C4','1-4','A2S12'),('A3F11C1','1-4','A3F11'),('A3F11C2','1-4','A3F11'),('A3F11C3','1-4','A3F11'),('A3F12C1','1-4','A3F12'),('A3F12C2','1-4','A3F12'),('A3F12C3','1-4','A3F12'),('A3S12C1','1-4','A3S12'),('A3S12C2','1-4','A3S12'),('A3S12C3','1-4','A3S12'),('A4F11C1','1-4','A4F11'),('A4F11C2','1-4','A4F11'),('A4F11C3','1-4','A4F11'),('A4F12C1','1-4','A4F12'),('A4F12C2','1-4','A4F12'),('A4F12C3','1-4','A4F12'),('A4S12C1','1-4','A4S12'),('A4S12C2','1-4','A4S12'),('A4S12C3','1-4','A4S12'),('B1F11C1','1-4','B1F11'),('B1F11C2','1-4','B1F11'),('B1F11C3','1-4','B1F11'),('B1F11C4','1-4','B1F11'),('B1F11C5','1-4','B1F11'),('B1F12C1','1-4','B1F12'),('B1F12C2','1-4','B1F12'),('B1F12C3','1-4','B1F12'),('B1S12C1','1-4','B1S12'),('B1S12C2','1-4','B1S12'),('B1S12C3','1-4','B1S12'),('B2F11C1','1-4','B2F11'),('B2F11C2','1-4','B2F11'),('B2F11C3','1-4','B2F11'),('B2F12C1','1-4','B2F12'),('B2F12C2','1-4','B2F12'),('B2F12C3','1-4','B2F12'),('B2S12C1','1-4','B2S12'),('B2S12C2','1-4','B2S12'),('B2S12C3','1-4','B2S12'),('B3F11C1','1-4','B3F11'),('B3F11C2','1-4','B3F11'),('B3F11C3','1-4','B3F11'),('B3F12C1','1-4','B3F12'),('B3F12C2','1-4','B3F12'),('B3F12C3','1-4','B3F12'),('B3S12C1','1-4','B3S12'),('B3S12C2','1-4','B3S12'),('B3S12C3','1-4','B3S12'),('B4F11C1','1-4','B4F11'),('B4F11C2','1-4','B4F11'),('B4F11C3','1-4','B4F11'),('B4F12C1','1-4','B4F12'),('B4F12C2','1-4','B4F12'),('B4F12C3','1-4','B4F12'),('B4S12C1','1-4','B4S12'),('B4S12C2','1-4','B4S12'),('B4S12C3','1-4','B4S12'),('C1F11C1','1-4','C1F11'),('C1F11C2','1-4','C1F11'),('C1F11C3','1-4','C1F11'),('C1F11C4','1-4','C1F11'),('C1F12C1','1-4','C1F12'),('C1F12C2','1-4','C1F12'),('C1F12C3','1-4','C1F12'),('C1F12C4','1-4','C1F12'),('C1S12C1','1-4','C1S12'),('C1S12C2','1-4','C1S12'),('C1S12C3','1-4','C1S12'),('C1S12C4','1-4','C1S12'),('C2F11C1','1-4','C2F11'),('C2F11C2','1-4','C2F11'),('C2F11C3','1-4','C2F11'),('C2F11C4','1-4','C2F11'),('C2F12C1','1-4','C2F12'),('C2F12C2','1-4','C2F12'),('C2F12C3','1-4','C2F12'),('C2F12C4','1-4','C2F12'),('C2S12C1','1-4','C2S12'),('C2S12C2','1-4','C2S12'),('C2S12C3','1-4','C2S12'),('C2S12C4','1-4','C2S12'),('C3F11C1','1-4','C3F11'),('C3F11C2','1-4','C3F11'),('C3F11C3','1-4','C3F11'),('C3F11C4','1-4','C3F11'),('C3F12C1','1-4','C3F12'),('C3F12C2','1-4','C3F12'),('C3F12C3','1-4','C3F12'),('C3F12C4','1-4','C3F12'),('C3S12C1','1-4','C3S12'),('C3S12C2','1-4','C3S12'),('C3S12C3','1-4','C3S12'),('C3S12C4','1-4','C3S12'),('D1F11C1','1-4','D1F11'),('D1F11C2','1-4','D1F11'),('D1F11C3','1-4','D1F11'),('D1F11C4','1-4','D1F11'),('D1F11C5','1-4','D1F11'),('D1F11C6','1-4','D1F11'),('D1F12C1','1-4','D1F12'),('D1F12C2','1-4','D1F12'),('D1F12C3','1-4','D1F12'),('D1F12C4','1-4','D1F12'),('D1F12C5','1-4','D1F12'),('D1F12C6','1-4','D1F12'),('D1S12C1','1-4','D1S12'),('D1S12C2','1-4','D1S12'),('D1S12C3','1-4','D1S12'),('D1S12C4','1-4','D1S12'),('D1S12C5','1-4','D1S12'),('D1S12C6','1-4','D1S12'),('D2F11C1','1-4','D2F11'),('D2F11C2','1-4','D2F11'),('D2F11C3','1-4','D2F11'),('D2F11C4','1-4','D2F11'),('D2F11C6','1-4','D2F11'),('D2F12C1','1-4','D2F12'),('D2F12C2','1-4','D2F12'),('D2F12C3','1-4','D2F12'),('D2F12C4','1-4','D2F12'),('D2F12C6','1-4','D2F12'),('D2S12C1','1-4','D2S12'),('D2S12C2','1-4','D2S12'),('D2S12C3','1-4','D2S12'),('D2S12C4','1-4','D2S12'),('D2S12C6','1-4','D2S12'),('D3F11C1','1-4','D3F11'),('D3F11C2','1-4','D3F11'),('D3F11C3','1-4','D3F11'),('D3F11C4','1-4','D3F11'),('D3F11C5','1-4','D3F11'),('D3F12C1','1-4','D3F12'),('D3F12C2','1-4','D3F12'),('D3F12C3','1-4','D3F12'),('D3F12C4','1-4','D3F12'),('D3F12C5','1-4','D3F12'),('D3S12C1','1-4','D3S12'),('D3S12C2','1-4','D3S12'),('D3S12C3','1-4','D3S12'),('D3S12C4','1-4','D3S12'),('E1F11C1','1-4','E1F11'),('E1F11C2','1-4','E1F11'),('E1F11C3','1-4','E1F11'),('E1F11C4','1-4','E1F11'),('E1F11C5','1-4','E1F11'),('E1F12C1','1-4','E1F12'),('E1F12C2','1-4','E1F12'),('E1F12C3','1-4','E1F12'),('E1F12C4','1-4','E1F12'),('E1F12C5','1-4','E1F12'),('E1S12C1','1-4','E1S12'),('E1S12C2','1-4','E1S12'),('E1S12C3','1-4','E1S12'),('E1S12C4','1-4','E1S12'),('E1S12C5','1-4','E1S12'),('E2F11C1','1-4','E2F11'),('E2F11C2','1-4','E2F11'),('E2F11C3','1-4','E2F11'),('E2F11C4','1-4','E2F11'),('E2F11C5','1-4','E2F11'),('E2F11C6','1-4','E2F11'),('E2F11C7','1-4','E2F11'),('E2F12C1','1-4','E2F12'),('E2F12C2','1-4','E2F12'),('E2F12C3','1-4','E2F12'),('E2F12C4','1-4','E2F12'),('E2F12C5','1-4','E2F12'),('E2F12C6','1-4','E2F12'),('E2F12C7','1-4','E2F12'),('E2S12C1','1-4','E2S12'),('E2S12C2','1-4','E2S12'),('E2S12C3','1-4','E2S12'),('E2S12C4','1-4','E2S12'),('E2S12C5','1-4','E2S12'),('E2S12C6','1-4','E2S12'),('E2S12C7','1-4','E2S12'),('E3F11C1','1-4','E3F11'),('E3F11C2','1-4','E3F11'),('E3F11C3','1-4','E3F11'),('E3F11C4','1-4','E3F11'),('E3F12C1','1-4','E3F12'),('E3F12C2','1-4','E3F12'),('E3F12C3','1-4','E3F12'),('E3F12C4','1-4','E3F12'),('E3S12C1','1-4','E3S12'),('E3S12C2','1-4','E3S12'),('F1F11C1','1-4','F1F11'),('F1F11C2','1-4','F1F11'),('F1F11C3','1-4','F1F11'),('F1F11C4','1-4','F1F11'),('F1F12C1','1-4','F1F12'),('F1F12C2','1-4','F1F12'),('F1F12C3','1-4','F1F12'),('F1F12C4','1-4','F1F12'),('F1S12C1','1-4','F1S12'),('F1S12C2','1-4','F1S12'),('F1S12C3','1-4','F1S12'),('F1S12C4','1-4','F1S12'),('F2F11C1','1-4','F2F11'),('F2F11C2','1-4','F2F11'),('F2F11C3','1-4','F2F11'),('F2F11C4','1-4','F2F11'),('F2F12C1','1-4','F2F12'),('F2F12C2','1-4','F2F12'),('F2F12C3','1-4','F2F12'),('F2F12C4','1-4','F2F12'),('F2S12C1','1-4','F2S12'),('F2S12C2','1-4','F2S12'),('F2S12C3','1-4','F2S12'),('F2S12C4','1-4','F2S12'),('F3F11C1','1-4','F3F11'),('F3F11C2','1-4','F3F11'),('F3F11C3','1-4','F3F11'),('F3F11C4','1-4','F3F11'),('F3F11Cd','1-4','F3F11'),('F3F12C1','1-4','F3F12'),('F3F12C2','1-4','F3F12'),('F3F12C3','1-4','F3F12'),('F3F12C4','1-4','F3F12'),('F3F12Cd','1-4','F3F12'),('F3S12C1','1-4','F3S12'),('F3S12C2','1-4','F3S12'),('F3S12C3','1-4','F3S12'),('F3S12C4','1-4','F3S12'),('G1F11C1','1-4','G1F11'),('G1F11C2','1-4','G1F11'),('G1F11C3','1-4','G1F11'),('G1F12C1','1-4','G1F12'),('G1F12C2','1-4','G1F12'),('G1F12C3','1-4','G1F12'),('G1S12C1','1-4','G1S12'),('G1S12C2','1-4','G1S12'),('G1S12C3','1-4','G1S12'),('G2F11C1','1-4','G2F11'),('G2F11C2','1-4','G2F11'),('G2F11C3','1-4','G2F11'),('G2F12C1','1-4','G2F12'),('G2F12C2','1-4','G2F12'),('G2S12C1','1-4','G2S12'),('G2S12C2','1-4','G2S12'),('G3F11C1','1-4','G3F11'),('G3F11C2','1-4','G3F11'),('G3F11C3','1-4','G3F11'),('G3F11C4','1-4','G3F11'),('G3F12C1','1-4','G3F12'),('G3F12C2','1-4','G3F12'),('G3F12C3','1-4','G3F12'),('G3F12C4','1-4','G3F12'),('G3S12C1','1-4','G3S12'),('G3S12C2','1-4','G3S12'),('G3S12C3','1-4','G3S12'),('G3S12C4','1-4','G3S12'),('H1F11C1','1-4','H1F11'),('H1F11C2','1-4','H1F11'),('H1F11C3','1-4','H1F11'),('H1F11C4','1-4','H1F11'),('H1F12C1','1-4','H1F12'),('H1F12C2','1-4','H1F12'),('H1F12C3','1-4','H1F12'),('H1F12C4','1-4','H1F12'),('H1S12C1','1-4','H1S12'),('H1S12C2','1-4','H1S12'),('H1S12C3','1-4','H1S12'),('H1S12C4','1-4','H1S12'),('H2F11C1','1-4','H2F11'),('H2F12C1','1-4','H2F12'),('H2S12C1','1-4','H2S12'),('H3F11C1','1-4','H3F11'),('H3F11C2','1-4','H3F11'),('H3F11C3','1-4','H3F11'),('H3F12C1','1-4','H3F12'),('H3F12C2','1-4','H3F12'),('H3F12C3','1-4','H3F12'),('H3S12C1','1-4','H3S12'),('H3S12C2','1-4','H3S12'),('H3S12C3','1-4','H3S12'),('I1F11C1','1-4','I1F11'),('I1F11C2','1-4','I1F11'),('I1F11C3','1-4','I1F11'),('I1F12C1','1-4','I1F12'),('I1F12C2','1-4','I1F12'),('I1F12C3','1-4','I1F12'),('I1S12C1','1-4','I1S12'),('I1S12C2','1-4','I1S12'),('I1S12C3','1-4','I1S12'),('I2F11C1','1-4','I2F11'),('I2F11C2','1-4','I2F11'),('I2F11C3','1-4','I2F11'),('I2F11C4','1-4','I2F11'),('I2F12C1','1-4','I2F12'),('I2F12C2','1-4','I2F12'),('I2F12C3','1-4','I2F12'),('I2F12C4','1-4','I2F12'),('I2S12C1','1-4','I2S12'),('I2S12C2','1-4','I2S12'),('I2S12C3','1-4','I2S12'),('I2S12C4','1-4','I2S12'),('I3F11C1','1-4','I3F11'),('I3F11C2','1-4','I3F11'),('I3F11C3','1-4','I3F11'),('I3F12C1','1-4','I3F12'),('I3F12C2','1-4','I3F12'),('I3F12C3','1-4','I3F12'),('I3S11C1','1-4','I3S11'),('I3S11C2','1-4','I3S11'),('I3S11C3','1-4','I3S11'),('I3S12C1','1-4','I3S12'),('I3S12C2','1-4','I3S12'),('I3S12C3','1-4','I3S12'),('J1F11C1','1-4','J1F11'),('J1F11C2','1-4','J1F11'),('J1F11C3','1-4','J1F11'),('J1F12C1','1-4','J1F12'),('J1F12C2','1-4','J1F12'),('J1F12C3','1-4','J1F12'),('J1S12C1','1-4','J1S12'),('J1S12C2','1-4','J1S12'),('J1S12C3','1-4','J1S12'),('J2F11C1','1-4','J2F11'),('J2F11C2','1-4','J2F11'),('J2F12C1','1-4','J2F12'),('J2F12C2','1-4','J2F12'),('J2S12C1','1-4','J2S12'),('J2S12C2','1-4','J2S12'),('J3F11C1','1-4','J3F11'),('J3F11C2','1-4','J3F11'),('J3F11C3','1-4','J3F11'),('J3F12C1','1-4','J3F12'),('J3F12C2','1-4','J3F12'),('J3F12C3','1-4','J3F12'),('J3S12C1','1-4','J3S12'),('J3S12C2','1-4','J3S12'),('J3S12C3','1-4','J3S12'),('J4F11C1','1-4','J4F11'),('J4F11C2','1-4','J4F11'),('J4F12C1','1-4','J4F12'),('J4F12C2','1-4','J4F12'),('J4S12C1','1-4','J4S12'),('J4S12C2','1-4','J4S12'),('J5F11C1','1-4','J5F11'),('J5F11C2','1-4','J5F11'),('J5F11C3','1-4','J5F11'),('J5F11C4','1-4','J5F11'),('J5F11C5','1-4','J5F11'),('J5F11C6','1-4','J5F11'),('J5F12C1','1-4','J5F12'),('J5F12C2','1-4','J5F12'),('J5F12C3','1-4','J5F12'),('J5F12C4','1-4','J5F12'),('J5F12C5','1-4','J5F12'),('J5F12C6','1-4','J5F12'),('J5S12C1','1-4','J5S12'),('J5S12C2','1-4','J5S12'),('J5S12C3','1-4','J5S12'),('J5S12C4','1-4','J5S12'),('J5S12C5','1-4','J5S12'),('J5S12C6','1-4','J5S12'),('J6F11C1','1-4','J6F11'),('J6F11C2','1-4','J6F11'),('J6F11C3','1-4','J6F11'),('J6F11C4','1-4','J6F11'),('J6F12C1','1-4','J6F12'),('J6F12C2','1-4','J6F12'),('J6F12C3','1-4','J6F12'),('J6F12C4','1-4','J6F12'),('J6S12C1','1-4','J6S12'),('J6S12C2','1-4','J6S12'),('J6S12C3','1-4','J6S12'),('J6S12C4','1-4','J6S12'),('K1F11C1','1-4','K1F11'),('K1F11C2','1-4','K1F11'),('K1F11C3','1-4','K1F11'),('K1F11C4','1-4','K1F11'),('K1F11C5','1-4','K1F11'),('K1F12C1','1-4','K1F12'),('K1F12C2','1-4','K1F12'),('K1F12C3','1-4','K1F12'),('K1S12C1','1-4','K1S12'),('K1S12C2','1-4','K1S12'),('K1S12C3','1-4','K1S12'),('K2F11C1','1-4','K2F11'),('K2F11C2','1-4','K2F11'),('K2F11C3','1-4','K2F11'),('K2F11C4','1-4','K2F11'),('K2F11C5','1-4','K2F11'),('K2F12C1','1-4','K2F12'),('K2F12C2','1-4','K2F12'),('K2F12C3','1-4','K2F12'),('K2F12C4','1-4','K2F12'),('K2F12C5','1-4','K2F12'),('K2S12C1','1-4','K2S12'),('K2S12C2','1-4','K2S12'),('K2S12C3','1-4','K2S12'),('K2S12C4','1-4','K2S12'),('K2S12C5','1-4','K2S12'),('K3F11C1','1-4','K3F11'),('K3F11C2','1-4','K3F11'),('K3F11C3','1-4','K3F11'),('K3F12C1','1-4','K3F12'),('K3F12C2','1-4','K3F12'),('K3F12C3','1-4','K3F12'),('K3S11C1','1-4','K3S11'),('K3S11C2','1-4','K3S11'),('K3S11C3','1-4','K3S11'),('K3S12C1','1-4','K3S12'),('K3S12C2','1-4','K3S12'),('K3S12C3','1-4','K3S12');
/*!40000 ALTER TABLE `Criteria` ENABLE KEYS */;
UNLOCK TABLES;

--
-- Table structure for table `Result`
--

DROP TABLE IF EXISTS `Result`;
/*!40101 SET @saved_cs_client     = @@character_set_client */;
/*!40101 SET character_set_client = utf8 */;
CREATE TABLE `Result` (
  `uid` mediumint(9) NOT NULL,
  `id` varchar(5) DEFAULT NULL,
  `crit_id` varchar(7) DEFAULT NULL,
  `score` tinyint(4) DEFAULT NULL,
  KEY `uid` (`uid`),
  KEY `id` (`id`),
  CONSTRAINT `Result_ibfk_1` FOREIGN KEY (`uid`) REFERENCES `Student` (`uid`),
  CONSTRAINT `Result_ibfk_2` FOREIGN KEY (`id`) REFERENCES `AI` (`id`)
) ENGINE=InnoDB DEFAULT CHARSET=latin1;
/*!40101 SET character_set_client = @saved_cs_client */;

--
-- Dumping data for table `Result`
--

LOCK TABLES `Result` WRITE;
/*!40000 ALTER TABLE `Result` DISABLE KEYS */;
INSERT INTO `Result` VALUES (100000,'A1F10','A1F10C1',0),(100000,'A1F10','A1F10C2',0),(100000,'A1F10','A1F10C3',0),(100000,'A1F10','A1F10C4',0),(100000,'I3S11','I3S11C1',2),(100000,'I3S11','I3S11C2',1),(100000,'I3S11','I3S11C3',2),(100000,'K3S11','K3S11C1',2),(100000,'K3S11','K3S11C2',1),(100000,'K3S11','K3S11C3',2),(100001,'A1F12','A1F12C1',4),(100001,'A1F12','A1F12C2',4),(100001,'A1F12','A1F12C3',4),(100001,'A2F12','A2F12C1',2),(100001,'A2F12','A2F12C2',4),(100001,'A2F12','A2F12C3',2),(100001,'A3F12','A3F12C1',3),(100001,'A3F12','A3F12C2',3),(100001,'A3F12','A3F12C3',4),(100001,'B1F12','B1F12C1',2),(100001,'B1F12','B1F12C2',4),(100001,'B1F12','B1F12C3',4),(100001,'B2F12','B2F12C1',2),(100001,'B2F12','B2F12C2',2),(100001,'B2F12','B2F12C3',1),(100001,'C2F12','C2F12C1',2),(100001,'C2F12','C2F12C2',2),(100001,'C2F12','C2F12C3',2),(100001,'C2F12','C2F12C4',3),(100001,'C2F11','C2F11C1',2),(100001,'C2F11','C2F11C2',1),(100001,'C2F11','C2F11C3',1),(100001,'C2F11','C2F11C4',2),(100001,'C3F11','C3F11C1',4),(100001,'C3F11','C3F11C2',1),(100001,'C3F11','C3F11C3',4),(100001,'C3F11','C3F11C4',4),(100001,'I1F11','I1F11C1',3),(100001,'I1F11','I1F11C2',2),(100001,'I1F11','I1F11C3',2),(100001,'I2F11','I2F11C1',2),(100001,'I2F11','I2F11C2',2),(100001,'I2F11','I2F11C3',1),(100001,'I2F11','I2F11C4',2),(100001,'J5F11','J5F11C1',2),(100001,'J5F11','J5F11C2',4),(100001,'J5F11','J5F11C3',4),(100001,'J5F11','J5F11C4',2),(100001,'J5F11','J5F11C5',2),(100001,'J5F11','J5F11C6',1),(100001,'J5F11','J5F11C1',4),(100001,'J5F11','J5F11C2',3),(100001,'J5F11','J5F11C3',3),(100001,'J5F11','J5F11C4',3),(100001,'J5F11','J5F11C5',3),(100001,'J5F11','J5F11C6',4),(100001,'J6F12','J6F12C1',4),(100001,'J6F12','J6F12C2',2),(100001,'J6F12','J6F12C3',4),(100001,'K2F12','K2F12C1',3),(100001,'K2F12','K2F12C2',3),(100001,'K2F12','K2F12C3',2),(100001,'K2F12','K2F12C4',2),(100001,'K2F12','K2F12C5',2),(100001,'K2F11','K2F11C1',1),(100001,'K2F11','K2F11C2',1),(100001,'K2F11','K2F11C3',1),(100001,'K2F11','K2F11C4',2),(100001,'K2F11','K2F11C5',4),(100002,'A2F11','A2F11C1',0),(100002,'A2F11','A2F11C2',0),(100002,'A2F11','A2F11C3',0),(100002,'A2F11','A2F11C4',0),(100002,'C3F11','C3F11C1',1),(100002,'C3F11','C3F11C2',1),(100002,'C3F11','C3F11C3',1),(100002,'C3F11','C3F11C4',1),(100003,'A2F11','A2F11C1',4),(100003,'A2F11','A2F11C2',4),(100003,'A2F11','A2F11C3',4),(100003,'A3F11','A3F11C1',1),(100003,'A3F11','A3F11C2',1),(100003,'A3F11','A3F11C3',1),(100003,'B3F11','B3F11C1',3),(100003,'B3F11','B3F11C2',2),(100003,'B3F11','B3F11C3',3),(100003,'I1F11','I1F11C1',3),(100003,'I1F11','I1F11C2',3),(100003,'I1F11','I1F11C3',3),(100004,'A1F11','A1F11C1',4),(100004,'A1F11','A1F11C2',4),(100004,'A1F11','A1F11C3',4),(100004,'A1F11','A1F11C4',2),(100004,'A4F11','A4F11C1',4),(100004,'A4F11','A4F11C2',1),(100004,'A4F11','A4F11C3',2),(100004,'B1F11','B1F11C1',3),(100004,'B1F11','B1F11C2',3),(100004,'B1F11','B1F11C3',3),(100004,'B4F11','B4F11C1',1),(100004,'B4F11','B4F11C2',2),(100004,'B4F11','B4F11C3',1),(100004,'C1F11','C1F11C1',4),(100004,'C1F11','C1F11C2',4),(100004,'C1F11','C1F11C3',4),(100004,'C1F11','C1F11C4',3),(100004,'D1F11','D1F11C1',4),(100004,'D1F11','D1F11C2',4),(100004,'D1F11','D1F11C3',4),(100004,'D1F11','D1F11C4',3),(100004,'D1F11','D1F11C5',4),(100004,'D1F11','D1F11C6',4),(100004,'D2F11','D2F11C1',4),(100004,'D2F11','D2F11C2',3),(100004,'D2F11','D2F11C3',3),(100004,'D2F11','D2F11C4',3),(100004,'D2F11','D2F11C3',4),(100004,'D2F11','D2F11C6',4),(100004,'D3F11','D3F11C1',4),(100004,'D3F11','D3F11C2',4),(100004,'D3F11','D3F11C3',4),(100004,'D3F11','D3F11C4',4),(100004,'E2F11','E2F11C1',3),(100004,'E2F11','E2F11C2',3),(100004,'E2F11','E2F11C3',3),(100004,'E2F11','E2F11C4',3),(100004,'E2F11','E2F11C5',3),(100004,'E2F11','E2F11C6',4),(100004,'E3F11','E3F11C1',3),(100004,'E3F11','E3F11C2',4),(100004,'F3F11','F3F11C1',3),(100004,'F3F11','F3F11C2',3),(100004,'F3F11','F3F11C3',2),(100004,'F3F11','F3F11C4',2),(100004,'G3F11','G3F11C1',3),(100004,'G3F11','G3F11C2',3),(100004,'G3F11','G3F11C3',3),(100004,'G3F11','G3F11C4',2),(100004,'H3F11','H3F11C1',4),(100004,'H3F11','H3F11C2',3),(100004,'H3F11','H3F11C3',3),(100004,'I3F11','I3F11C1',2),(100004,'I3F11','I3F11C2',2),(100004,'I3F11','I3F11C3',2),(100004,'J1F11','J1F11C1',2),(100004,'J1F11','J1F11C2',1),(100004,'J1F11','J1F11C3',3),(100004,'J2F11','J2F11C1',2),(100004,'J2F11','J2F11C2',2),(100004,'J3F11','J3F11C1',2),(100004,'J3F11','J3F11C2',2),(100004,'J3F11','J3F11C3',2),(100004,'J4F11','J4F11C1',3),(100004,'J4F11','J4F11C2',3),(100004,'J6F11','J6F11C1',4),(100004,'J6F11','J6F11C2',3),(100004,'J6F11','J6F11C3',4),(100004,'J6F11','J6F11C4',4),(100004,'K1F11','K1F11C1',3),(100004,'K1F11','K1F11C2',2),(100004,'K1F11','K1F11C3',2),(100004,'K3F11','K3F11C1',3),(100004,'K3F11','K3F11C2',4),(100004,'K3F11','K3F11C3',4),(100005,'A2F11','A2F11C1',4),(100005,'A2F11','A2F11C2',4),(100005,'A2F11','A2F11C3',2),(100005,'A3F11','A3F11C1',2),(100005,'A3F11','A3F11C2',4),(100005,'A3F11','A3F11C3',4),(100005,'B2F11','B2F11C1',4),(100005,'B2F11','B2F11C2',4),(100005,'B2F11','B2F11C3',4),(100005,'B3F11','B3F11C1',3),(100005,'B3F11','B3F11C2',2),(100005,'B3F11','B3F11C3',2),(100005,'C2F11','C2F11C1',1),(100005,'C2F11','C2F11C2',1),(100005,'C2F11','C2F11C3',1),(100005,'C2F11','C2F11C4',1),(100005,'C3F11','C3F11C1',4),(100005,'C3F11','C3F11C2',3),(100005,'C3F11','C3F11C3',4),(100005,'C3F11','C3F11C4',4),(100005,'I1F11','I1F11C1',2),(100005,'I1F11','I1F11C2',2),(100005,'I1F11','I1F11C3',3),(100005,'I2F11','I2F11C1',3),(100005,'I2F11','I2F11C2',3),(100005,'I2F11','I2F11C3',3),(100005,'I2F11','I2F11C4',3),(100005,'J5F11','J5F11C1',3),(100005,'J5F11','J5F11C2',4),(100005,'J5F11','J5F11C3',4),(100005,'J5F11','J5F11C4',2),(100005,'J5F11','J5F11C5',2),(100005,'J5F11','J5F11C6',1),(100005,'K2F11','K2F11C1',4),(100005,'K2F11','K2F11C2',4),(100005,'K2F11','K2F11C3',3),(100005,'K2F11','K2F11C4',3),(100005,'K2F11','K2F11C5',3),(100006,'A3F11','A3F11C1',4),(100006,'A3F11','A3F11C2',4),(100006,'A3F11','A3F11C3',4),(100006,'A3F11','A3F11C1',3),(100006,'A3F11','A3F11C2',4),(100006,'A3F11','A3F11C3',4),(100006,'B3F11','B3F11C1',4),(100006,'B3F11','B3F11C2',4),(100006,'B3F11','B3F11C3',4),(100007,'A1F11','A1F11C1',4),(100007,'A1F11','A1F11C2',4),(100007,'A1F11','A1F11C3',4),(100007,'A1F11','A1F11C4',4),(100007,'B1F11','B1F11C1',4),(100007,'B1F11','B1F11C2',4),(100007,'B1F11','B1F11C3',3),(100007,'C2F11','C2F11C1',4),(100007,'C2F11','C2F11C2',4),(100007,'C2F11','C2F11C3',4),(100007,'C2F11','C2F11C4',3),(100007,'E1F11','E1F11C1',4),(100007,'E1F11','E1F11C2',3),(100007,'E1F11','E1F11C3',3),(100007,'E1F11','E1F11C4',3),(100007,'E1F11','E1F11C5',3),(100007,'E2F11','E2F11C1',3),(100007,'E2F11','E2F11C2',4),(100007,'E2F11','E2F11C3',4),(100007,'E2F11','E2F11C4',3),(100007,'E2F11','E2F11C5',3),(100007,'E2F11','E2F11C6',4),(100007,'E2F11','E2F11C7',3),(100007,'E3F11','E3F11C1',4),(100007,'E3F11','E3F11C2',3),(100007,'F1F11','F1F11C1',3),(100007,'F1F11','F1F11C2',2),(100007,'F1F11','F1F11C3',3),(100007,'F1F11','F1F11C4',3),(100007,'F2F11','F2F11C1',3),(100007,'F2F11','F2F11C2',3),(100007,'F2F11','F2F11C3',3),(100007,'F2F11','F2F11C4',3),(100007,'F3F11','F3F11C1',3),(100007,'F3F11','F3F11C2',3),(100007,'F3F11','F3F11C3',4),(100007,'F3F11','F3F11C4',4),(100007,'G1F11','G1F11C1',3),(100007,'G1F11','G1F11C2',4),(100007,'G1F11','G1F11C3',2),(100007,'G2F11','G2F11C1',3),(100007,'G2F11','G2F11C2',3),(100007,'G3F11','G3F11C1',4),(100007,'G3F11','G3F11C2',4),(100007,'G3F11','G3F11C3',3),(100007,'G3F11','G3F11C4',4),(100007,'H1F11','H1F11C1',4),(100007,'H1F11','H1F11C2',3),(100007,'H1F11','H1F11C3',2),(100007,'H2F11','H2F11C1',3),(100007,'H3S12','H3S12C1',4),(100007,'H3S12','H3S12C2',4),(100007,'H3S12','H3S12C3',3),(100007,'I3S12','I3S12C1',2),(100007,'I3S12','I3S12C2',3),(100007,'I3S12','I3S12C3',4),(100007,'J5S12','J5S12C1',4),(100007,'J5S12','J5S12C2',3),(100007,'J5S12','J5S12C3',3),(100007,'J5S12','J5S12C4',3),(100007,'J5S12','J5S12C5',3),(100007,'J5S12','J5S12C6',3),(100007,'J6F11','J6F11C1',4),(100007,'J6F11','J6F11C2',2),(100007,'J6F11','J6F11C3',3),(100007,'J6F11','J6F11C4',2),(100007,'K2F11','K2F11C1',3),(100007,'K2F11','K2F11C2',4),(100007,'K2F11','K2F11C3',3),(100007,'K2F11','K2F11C4',4),(100007,'K2F11','K2F11C5',4),(100008,'A3F11','A3F11C1',2),(100008,'A3F11','A3F11C2',4),(100008,'A3F11','A3F11C3',4),(100008,'B3F11','B3F11C1',3),(100008,'B3F11','B3F11C2',4),(100008,'B3F11','B3F11C3',3),(100009,'A3F11','A3F11C1',4),(100009,'A3F11','A3F11C2',3),(100009,'A3F11','A3F11C3',3),(100009,'B2F11','B2F11C1',3),(100009,'B2F11','B2F11C2',3),(100009,'B2F11','B2F11C3',3),(100009,'B3F11','B3F11C1',4),(100009,'B3F11','B3F11C2',4),(100009,'B3F11','B3F11C3',4),(100009,'C3F11','C3F11C1',3),(100009,'C3F11','C3F11C2',4),(100009,'C3F11','C3F11C3',4),(100009,'C3F11','C3F11C4',3),(100009,'I2F11','I2F11C1',3),(100009,'I2F11','I2F11C2',3),(100009,'I2F11','I2F11C3',3),(100009,'I2F11','I2F11C4',2),(100013,'A4F11','A4F11C1',4),(100013,'A4F11','A4F11C2',4),(100013,'A4F11','A4F11C3',4),(100013,'B4F11','B4F11C1',4),(100013,'B4F11','B4F11C2',4),(100013,'B4F11','B4F11C3',3),(100013,'C1F11','C1F11C1',4),(100013,'C1F11','C1F11C2',4),(100013,'C1F11','C1F11C3',4),(100013,'C1F11','C1F11C4',4),(100013,'D1F11','D1F11C1',2),(100013,'D1F11','D1F11C2',2),(100013,'D1F11','D1F11C3',2),(100013,'D1F11','D1F11C4',2),(100013,'D1F11','D1F11C5',2),(100013,'D1F11','D1F11C6',3),(100013,'D2F11','D2F11C1',3),(100013,'D2F11','D2F11C2',3),(100013,'D2F11','D2F11C3',4),(100013,'D2F11','D2F11C4',3),(100013,'D2F11','D2F11C3',3),(100013,'D2F11','D2F11C6',3),(100013,'D3F11','D3F11C1',4),(100013,'D3F11','D3F11C2',4),(100013,'D3F11','D3F11C3',4),(100013,'D3F11','D3F11C4',4),(100013,'E1F11','E1F11C1',2),(100013,'E1F11','E1F11C2',2),(100013,'E1F11','E1F11C3',2),(100013,'E1F11','E1F11C4',2),(100013,'E1F11','E1F11C5',3),(100013,'E3F11','E3F11C1',4),(100013,'E3F11','E3F11C2',4),(100013,'F1F11','F1F11C1',4),(100013,'F1F11','F1F11C2',3),(100013,'F1F11','F1F11C3',3),(100013,'F1F11','F1F11C4',4),(100013,'F2F11','F2F11C1',4),(100013,'F2F11','F2F11C2',3),(100013,'F2F11','F2F11C3',4),(100013,'F2F11','F2F11C4',3),(100013,'G1F11','G1F11C1',3),(100013,'G1F11','G1F11C2',3),(100013,'G1F11','G1F11C3',2),(100013,'G2F11','G2F11C1',3),(100013,'G2F11','G2F11C2',3),(100013,'H1F11','H1F11C1',3),(100013,'H1F11','H1F11C2',3),(100013,'H1F11','H1F11C3',2),(100013,'H2F11','H2F11C1',3),(100013,'I3F11','I3F11C1',4),(100013,'I3F11','I3F11C2',4),(100013,'I3F11','I3F11C3',3),(100013,'J1F11','J1F11C1',2),(100013,'J1F11','J1F11C2',4),(100013,'J1F11','J1F11C3',4),(100013,'J2F11','J2F11C1',3),(100013,'J2F11','J2F11C2',2),(100013,'J3F11','J3F11C1',4),(100013,'J3F11','J3F11C2',4),(100013,'J3F11','J3F11C3',3),(100013,'J4F11','J4F11C1',4),(100013,'J4F11','J4F11C2',4),(100013,'K1F11','K1F11C1',3),(100013,'K1F11','K1F11C2',4),(100013,'K1F11','K1F11C3',2),(100013,'K3F11','K3F11C1',3),(100013,'K3F11','K3F11C2',4),(100013,'K3F11','K3F11C3',4),(100014,'A1F11','A1F11C1',4),(100014,'A1F11','A1F11C2',4),(100014,'A1F11','A1F11C3',4),(100014,'A1F11','A1F11C4',4),(100014,'A2F11','A2F11C1',2),(100014,'A2F11','A2F11C2',4),(100014,'A2F11','A2F11C3',2),(100014,'A2F11','A2F11C4',2),(100014,'A4F11','A4F11C1',4),(100014,'A4F11','A4F11C2',2),(100014,'A4F11','A4F11C3',2),(100014,'B1F11','B1F11C1',2),(100014,'B1F11','B1F11C2',2),(100014,'B1F11','B1F11C3',2),(100014,'B2F11','B2F11C1',4),(100014,'B2F11','B2F11C2',2),(100014,'B2F11','B2F11C3',4),(100014,'B4F11','B4F11C1',4),(100014,'B4F11','B4F11C2',4),(100014,'B4F11','B4F11C3',1),(100014,'C1F11','C1F11C1',4),(100014,'C1F11','C1F11C2',4),(100014,'C1F11','C1F11C3',4),(100014,'C1F11','C1F11C4',4),(100014,'C2F11','C2F11C1',4),(100014,'C2F11','C2F11C2',4),(100014,'C2F11','C2F11C3',4),(100014,'C2F11','C2F11C4',4),(100014,'C3F11','C3F11C1',4),(100014,'C3F11','C3F11C2',4),(100014,'C3F11','C3F11C3',4),(100014,'C3F11','C3F11C4',4),(100014,'D1F12','D1F12C1',4),(100014,'D1F12','D1F12C2',4),(100014,'D1F12','D1F12C3',4),(100014,'D1F12','D1F12C4',4),(100014,'D1F12','D1F12C5',4),(100014,'D1F12','D1F12C6',4),(100014,'D2F12','D2F12C1',4),(100014,'D2F12','D2F12C2',3),(100014,'D2F12','D2F12C3',3),(100014,'D2F12','D2F12C4',3),(100014,'D2F12','D2F12C3',4),(100014,'D2F12','D2F12C6',3),(100014,'D3F12','D3F12C1',4),(100014,'D3F12','D3F12C2',4),(100014,'D3F12','D3F12C3',4),(100014,'D3F12','D3F12C4',4),(100014,'E1F12','E1F12C1',3),(100014,'E1F12','E1F12C2',2),(100014,'E1F12','E1F12C3',4),(100014,'E1F12','E1F12C4',3),(100014,'E1F12','E1F12C5',3),(100014,'E2F12','E2F12C1',4),(100014,'E2F12','E2F12C2',4),(100014,'E2F12','E2F12C3',4),(100014,'E2F12','E2F12C4',3),(100014,'E2F12','E2F12C5',4),(100014,'E2F12','E2F12C6',4),(100014,'E3F12','E3F12C1',4),(100014,'E3F12','E3F12C2',4),(100014,'F1F12','F1F12C1',3),(100014,'F1F12','F1F12C2',3),(100014,'F1F12','F1F12C3',3),(100014,'F1F12','F1F12C4',3),(100014,'F2F12','F2F12C1',3),(100014,'F2F12','F2F12C2',4),(100014,'F2F12','F2F12C3',4),(100014,'F2F12','F2F12C4',4),(100014,'F3F12','F3F12C1',4),(100014,'F3F12','F3F12C2',4),(100014,'F3F12','F3F12C3',4),(100014,'F3F12','F3F12C4',3),(100014,'G1F12','G1F12C1',3),(100014,'G1F12','G1F12C2',3),(100014,'G1F12','G1F12C3',1),(100014,'G2F12','G2F12C1',3),(100014,'G2F12','G2F12C2',4),(100014,'G3F12','G3F12C1',4),(100014,'G3F12','G3F12C2',4),(100014,'G3F12','G3F12C3',4),(100014,'G3F12','G3F12C4',4),(100014,'H1F12','H1F12C1',3),(100014,'H1F12','H1F12C2',3),(100014,'H1F12','H1F12C3',1),(100014,'H2F12','H2F12C1',3),(100014,'H3S12','H3S12C1',4),(100014,'H3S12','H3S12C2',4),(100014,'H3S12','H3S12C3',4),(100014,'I1S12','I1S12C1',4),(100014,'I1S12','I1S12C2',3),(100014,'I1S12','I1S12C3',4),(100014,'I2S12','I2S12C1',4),(100014,'I2S12','I2S12C2',4),(100014,'I2S12','I2S12C3',4),(100014,'I2S12','I2S12C4',4),(100014,'I3S12','I3S12C1',3),(100014,'I3S12','I3S12C2',3),(100014,'I3S12','I3S12C3',3),(100014,'J1S12','J1S12C1',3),(100014,'J1S12','J1S12C2',4),(100014,'J1S12','J1S12C3',3),(100014,'J2F12','J2F12C1',4),(100014,'J2F12','J2F12C2',3),(100014,'J3F12','J3F12C1',4),(100014,'J3F12','J3F12C2',3),(100014,'J3F12','J3F12C3',1),(100014,'J4F12','J4F12C1',4),(100014,'J4F12','J4F12C2',3),(100014,'J5F12','J5F12C1',3),(100014,'J5F12','J5F12C2',3),(100014,'J5F12','J5F12C3',3),(100014,'J5F12','J5F12C4',3),(100014,'J5F12','J5F12C5',3),(100014,'J5F12','J5F12C6',4),(100014,'J6F11','J6F11C1',4),(100014,'J6F11','J6F11C2',3),(100014,'J6F11','J6F11C3',2),(100014,'J6F11','J6F11C4',3),(100014,'K1F12','K1F12C1',2),(100014,'K1F12','K1F12C2',3),(100014,'K1F12','K1F12C3',3),(100014,'K2F12','K2F12C1',3),(100014,'K2F12','K2F12C2',4),(100014,'K2F12','K2F12C3',4),(100014,'K2F12','K2F12C4',4),(100014,'K2F12','K2F12C5',4),(100014,'K3S12','K3S12C1',4),(100014,'K3S12','K3S12C2',4),(100014,'K3S12','K3S12C3',4),(100015,'A1F12','A1F12C1',4),(100015,'A1F12','A1F12C2',4),(100015,'A1F12','A1F12C3',4),(100015,'A2F12','A2F12C1',2),(100015,'A2F12','A2F12C2',3),(100015,'A2F12','A2F12C3',2),(100015,'A3F12','A3F12C1',2),(100015,'A3F12','A3F12C2',3),(100015,'A3F12','A3F12C3',3),(100015,'A4F12','A4F12C1',4),(100015,'A4F12','A4F12C2',4),(100015,'A4F12','A4F12C3',3),(100015,'B1F12','B1F12C1',4),(100015,'B1F12','B1F12C2',4),(100015,'B1F12','B1F12C3',4),(100015,'B2F12','B2F12C1',4),(100015,'B2F12','B2F12C2',3),(100015,'B2F12','B2F12C3',4),(100015,'B3F12','B3F12C1',4),(100015,'B3F12','B3F12C2',4),(100015,'B3F12','B3F12C3',4),(100015,'B4F12','B4F12C1',3),(100015,'B4F12','B4F12C2',3),(100015,'B4F12','B4F12C3',1),(100015,'C2F12','C2F12C1',4),(100015,'C2F12','C2F12C2',4),(100015,'C2F12','C2F12C3',4),(100015,'C2F12','C2F12C4',4),(100015,'E3F12','E3F12C1',3),(100015,'E3F12','E3F12C2',4),(100015,'I1F12','I1F12C1',3),(100015,'I1F12','I1F12C2',3),(100015,'I1F12','I1F12C3',3),(100015,'I2F12','I2F12C1',3),(100015,'I2F12','I2F12C2',3),(100015,'I2F12','I2F12C3',3),(100015,'I2F12','I2F12C4',3),(100015,'J1F12','J1F12C1',2),(100015,'J1F12','J1F12C2',3),(100015,'J1F12','J1F12C3',4),(100015,'J5F12','J5F12C1',4),(100015,'J5F12','J5F12C2',4),(100015,'J5F12','J5F12C3',4),(100015,'J5F12','J5F12C4',3),(100015,'J5F12','J5F12C5',3),(100015,'J5F12','J5F12C6',2),(100015,'J6F12','J6F12C1',4),(100015,'J6F12','J6F12C2',3),(100015,'J6F12','J6F12C3',4),(100015,'K2F12','K2F12C1',4),(100015,'K2F12','K2F12C2',3),(100015,'K2F12','K2F12C3',4),(100015,'K2F12','K2F12C4',4),(100015,'K2F12','K2F12C5',4),(100018,'A2F12','A2F12C1',3),(100018,'A2F12','A2F12C2',3),(100018,'A2F12','A2F12C3',4),(100018,'A2F12','A2F12C4',3),(100018,'A3F12','A3F12C1',3),(100018,'A3F12','A3F12C2',3),(100018,'A3F12','A3F12C3',3),(100018,'B3F12','B3F12C1',4),(100018,'B3F12','B3F12C2',3),(100018,'B3F12','B3F12C3',4),(100018,'C2F12','C2F12C1',4),(100018,'C2F12','C2F12C2',4),(100018,'C2F12','C2F12C3',4),(100018,'C2F12','C2F12C4',4),(100018,'I1F12','I1F12C1',3),(100018,'I1F12','I1F12C2',4),(100018,'I1F12','I1F12C3',4),(100018,'I2F11','I2F11C1',3),(100018,'I2F11','I2F11C2',3),(100018,'I2F11','I2F11C3',1),(100018,'I2F11','I2F11C4',3),(100018,'J5F12','J5F12C1',4),(100018,'J5F12','J5F12C2',4),(100018,'J5F12','J5F12C3',2),(100018,'J5F12','J5F12C4',4),(100018,'J5F12','J5F12C5',2),(100018,'J5F12','J5F12C6',4),(100018,'K2F12','K2F12C1',4),(100018,'K2F12','K2F12C2',4),(100018,'K2F12','K2F12C3',4),(100018,'K2F12','K2F12C4',4),(100018,'K2F12','K2F12C5',4),(100020,'A2F12','A2F12C1',4),(100020,'A2F12','A2F12C2',4),(100020,'A2F12','A2F12C3',4),(100020,'A2F12','A2F12C4',1),(100020,'C2F12','C2F12C1',4),(100020,'C2F12','C2F12C2',3),(100020,'C2F12','C2F12C3',3),(100020,'C2F12','C2F12C4',4),(100020,'E2F12','E2F12C1',3),(100020,'E2F12','E2F12C2',3),(100020,'E2F12','E2F12C3',3),(100020,'E2F12','E2F12C4',2),(100020,'E2F12','E2F12C5',3),(100020,'E2F12','E2F12C6',2),(100020,'F3F12','F3F12C1',2),(100020,'F3F12','F3F12C2',4),(100020,'F3F12','F3F12C3',2),(100020,'F3F12','F3F12C4',2),(100020,'G3F12','G3F12C1',4),(100020,'G3F12','G3F12C2',3),(100020,'G3F12','G3F12C3',2),(100020,'G3F12','G3F12C4',2),(100020,'I1F12','I1F12C1',2),(100020,'I1F12','I1F12C2',3),(100020,'I1F12','I1F12C3',3),(100020,'J5F12','J5F12C1',2),(100020,'J5F12','J5F12C2',4),(100020,'J5F12','J5F12C3',4),(100020,'J5F12','J5F12C4',2),(100020,'J5F12','J5F12C5',2),(100020,'J5F12','J5F12C6',1),(100020,'K2F12','K2F12C1',4),(100020,'K2F12','K2F12C2',4),(100020,'K2F12','K2F12C3',4),(100020,'K2F12','K2F12C4',4),(100020,'K2F12','K2F12C5',4),(100023,'A1F12','A1F12C1',4),(100023,'A1F12','A1F12C2',4),(100023,'A1F12','A1F12C3',4),(100023,'A1F12','A1F12C4',2),(100023,'B1F12','B1F12C1',1),(100023,'B1F12','B1F12C2',1),(100023,'B1F12','B1F12C3',2),(100023,'E1F12','E1F12C1',4),(100023,'E1F12','E1F12C2',4),(100023,'E1F12','E1F12C3',3),(100023,'E1F12','E1F12C4',4),(100023,'E1F12','E1F12C5',4),(100023,'F1F12','F1F12C1',4),(100023,'F1F12','F1F12C2',4),(100023,'F1F12','F1F12C3',3),(100023,'F1F12','F1F12C4',4),(100023,'G1F12','G1F12C1',4),(100023,'G1F12','G1F12C2',4),(100023,'G1F12','G1F12C3',4),(100023,'H1F12','H1F12C1',4),(100023,'H1F12','H1F12C2',4),(100023,'H1F12','H1F12C3',4),(100023,'H1F12','H1F12C4',4),(100023,'J6F12','J6F12C1',4),(100023,'J6F12','J6F12C2',4),(100023,'J6F12','J6F12C3',3),(100023,'J6F12','J6F12C4',4),(100025,'A3F12','A3F12C1',4),(100025,'A3F12','A3F12C2',3),(100025,'A3F12','A3F12C3',3),(100025,'B3F12','B3F12C1',3),(100025,'B3F12','B3F12C2',3),(100025,'B3F12','B3F12C3',3),(100029,'A2F12','A2F12C1',4),(100029,'A2F12','A2F12C2',4),(100029,'A2F12','A2F12C3',2),(100029,'A3F12','A3F12C1',2),(100029,'A3F12','A3F12C2',3),(100029,'A3F12','A3F12C3',3),(100029,'B3F12','B3F12C1',3),(100029,'B3F12','B3F12C2',4),(100029,'B3F12','B3F12C3',4),(100029,'C2F12','C2F12C1',4),(100029,'C2F12','C2F12C2',4),(100029,'C2F12','C2F12C3',4),(100029,'C2F12','C2F12C4',2),(100029,'C3F11','C3F11C1',4),(100029,'C3F11','C3F11C2',3),(100029,'C3F11','C3F11C3',4),(100029,'C3F11','C3F11C4',4),(100029,'I1F11','I1F11C1',4),(100029,'I1F11','I1F11C2',2),(100029,'I1F11','I1F11C3',2),(100029,'J5F12','J5F12C1',2),(100029,'J5F12','J5F12C2',1),(100029,'J5F12','J5F12C3',1),(100029,'J5F12','J5F12C4',1),(100029,'J5F12','J5F12C5',1),(100029,'J5F12','J5F12C6',3),(100029,'K2F12','K2F12C1',2),(100029,'K2F12','K2F12C2',2),(100029,'K2F12','K2F12C3',2),(100029,'K2F12','K2F12C4',2),(100029,'K2F12','K2F12C5',2),(100031,'A2F12','A2F12C1',2),(100031,'A2F12','A2F12C2',4),(100031,'A2F12','A2F12C3',3),(100031,'A2F12','A2F12C4',2),(100031,'E1F12','E1F12C1',3),(100031,'E1F12','E1F12C2',2),(100031,'E1F12','E1F12C3',2),(100031,'E1F12','E1F12C4',2),(100031,'E1F12','E1F12C5',3),(100031,'E2F12','E2F12C1',3),(100031,'E2F12','E2F12C2',3),(100031,'E2F12','E2F12C3',4),(100031,'E2F12','E2F12C4',2),(100031,'E2F12','E2F12C5',2),(100031,'E2F12','E2F12C6',2),(100031,'E2F12','E2F12C7',2),(100031,'E3F12','E3F12C1',3),(100031,'E3F12','E3F12C2',3),(100031,'F1F12','F1F12C1',2),(100031,'F1F12','F1F12C2',2),(100031,'F1F12','F1F12C3',2),(100031,'F1F12','F1F12C4',3),(100031,'F2F12','F2F12C1',3),(100031,'F2F12','F2F12C2',3),(100031,'F2F12','F2F12C3',3),(100031,'F2F12','F2F12C4',3),(100031,'F3F12','F3F12C1',3),(100031,'F3F12','F3F12C2',4),(100031,'F3F12','F3F12C3',3),(100031,'F3F12','F3F12C4',4),(100031,'G1F12','G1F12C1',3),(100031,'G1F12','G1F12C2',3),(100031,'G1F12','G1F12C3',1),(100031,'G2F12','G2F12C1',3),(100031,'G2F12','G2F12C2',3),(100031,'G3F12','G3F12C1',4),(100031,'G3F12','G3F12C2',4),(100031,'G3F12','G3F12C3',4),(100031,'G3F12','G3F12C4',3),(100031,'H1F12','H1F12C1',3),(100031,'H1F12','H1F12C2',3),(100031,'H1F12','H1F12C3',1),(100031,'H2F12','H2F12C1',3),(100031,'H3F12','H3F12C1',4),(100031,'H3F12','H3F12C2',4),(100031,'H3F12','H3F12C3',2),(100031,'I1F12','I1F12C1',3),(100031,'I1F12','I1F12C2',3),(100031,'I1F12','I1F12C3',2),(100031,'I3F12','I3F12C1',2),(100031,'I3F12','I3F12C2',2),(100031,'I3F12','I3F12C3',2),(100031,'K3F12','K3F12C1',3),(100031,'K3F12','K3F12C2',4),(100031,'K3F12','K3F12C3',4),(100032,'A3F12','A3F12C1',3),(100032,'A3F12','A3F12C2',2),(100032,'A3F12','A3F12C3',2),(100032,'B3F12','B3F12C1',3),(100032,'B3F12','B3F12C2',3),(100032,'B3F12','B3F12C3',4),(100033,'A2F12','A2F12C1',3),(100033,'A2F12','A2F12C2',4),(100033,'A2F12','A2F12C3',2),(100033,'A3F12','A3F12C1',4),(100033,'A3F12','A3F12C2',3),(100033,'A3F12','A3F12C3',3),(100033,'B2F12','B2F12C1',3),(100033,'B2F12','B2F12C2',3),(100033,'B2F12','B2F12C3',2),(100033,'B3F12','B3F12C1',4),(100033,'B3F12','B3F12C2',4),(100033,'B3F12','B3F12C3',3),(100033,'C3F12','C3F12C1',2),(100033,'C3F12','C3F12C2',3),(100033,'C3F12','C3F12C3',3),(100033,'C3F12','C3F12C4',3),(100033,'I1F12','I1F12C1',3),(100033,'I1F12','I1F12C2',2),(100033,'I1F12','I1F12C3',2),(100033,'I2F12','I2F12C1',3),(100033,'I2F12','I2F12C2',3),(100033,'I2F12','I2F12C3',3),(100033,'I2F12','I2F12C4',3),(100034,'C2F12','C2F12C1',2),(100034,'C2F12','C2F12C2',3),(100034,'C2F12','C2F12C3',2),(100034,'C2F12','C2F12C4',2),(100034,'E1F12','E1F12C1',3),(100034,'E1F12','E1F12C2',3),(100034,'E1F12','E1F12C3',4),(100034,'E1F12','E1F12C4',3),(100034,'E1F12','E1F12C5',3),(100034,'E2F12','E2F12C1',4),(100034,'E2F12','E2F12C2',4),(100034,'E2F12','E2F12C3',3),(100034,'E2F12','E2F12C4',3),(100034,'E2F12','E2F12C5',3),(100034,'E2F12','E2F12C6',3),(100034,'E2F12','E2F12C7',3),(100034,'E3F12','E3F12C1',3),(100034,'E3F12','E3F12C2',4),(100034,'F1F12','F1F12C1',4),(100034,'F1F12','F1F12C2',3),(100034,'F1F12','F1F12C3',3),(100034,'F1F12','F1F12C4',4),(100034,'F2F12','F2F12C1',4),(100034,'F2F12','F2F12C2',4),(100034,'F2F12','F2F12C3',4),(100034,'F2F12','F2F12C4',4),(100034,'F3F12','F3F12C1',3),(100034,'F3F12','F3F12C2',3),(100034,'F3F12','F3F12C3',2),(100034,'F3F12','F3F12C4',3),(100034,'G1F12','G1F12C1',3),(100034,'G1F12','G1F12C2',3),(100034,'G1F12','G1F12C3',2),(100034,'G2F12','G2F12C1',4),(100034,'G2F12','G2F12C2',4),(100034,'G3F12','G3F12C1',3),(100034,'G3F12','G3F12C2',3),(100034,'G3F12','G3F12C3',3),(100034,'G3F12','G3F12C4',4),(100034,'H1F12','H1F12C1',3),(100034,'H1F12','H1F12C2',3),(100034,'H1F12','H1F12C3',1),(100034,'H2F12','H2F12C1',3),(100034,'H3F12','H3F12C1',4),(100034,'H3F12','H3F12C2',3),(100034,'H3F12','H3F12C3',2),(100034,'I3F12','I3F12C1',2),(100034,'I3F12','I3F12C2',1),(100034,'I3F12','I3F12C3',4),(100034,'J5F12','J5F12C1',3),(100034,'J5F12','J5F12C2',3),(100034,'J5F12','J5F12C3',3),(100034,'J5F12','J5F12C4',3),(100034,'J5F12','J5F12C5',3),(100034,'J5F12','J5F12C6',3),(100034,'K2F12','K2F12C1',4),(100034,'K2F12','K2F12C2',4),(100034,'K2F12','K2F12C3',4),(100034,'K2F12','K2F12C4',4),(100034,'K2F12','K2F12C5',3),(100034,'K3F12','K3F12C1',3),(100034,'K3F12','K3F12C2',4),(100034,'K3F12','K3F12C3',3),(100035,'A2F12','A2F12C1',4),(100035,'A2F12','A2F12C2',4),(100035,'A2F12','A2F12C3',4),(100035,'A3F12','A3F12C1',3),(100035,'A3F12','A3F12C2',3),(100035,'A3F12','A3F12C3',4),(100035,'B2F12','B2F12C1',3),(100035,'B2F12','B2F12C2',3),(100035,'B2F12','B2F12C3',2),(100035,'B3F12','B3F12C1',4),(100035,'B3F12','B3F12C2',4),(100035,'B3F12','B3F12C3',4),(100035,'C3F12','C3F12C1',4),(100035,'C3F12','C3F12C2',4),(100035,'C3F12','C3F12C3',3),(100035,'C3F12','C3F12C4',3),(100035,'I1F12','I1F12C1',3),(100035,'I1F12','I1F12C2',3),(100035,'I1F12','I1F12C3',4),(100035,'I2F12','I2F12C1',4),(100035,'I2F12','I2F12C2',4),(100035,'I2F12','I2F12C3',4),(100035,'I2F12','I2F12C4',4),(100035,'J5F12','J5F12C1',4),(100035,'J5F12','J5F12C2',2),(100035,'J5F12','J5F12C3',2),(100035,'J5F12','J5F12C4',4),(100035,'J5F12','J5F12C5',4),(100035,'J5F12','J5F12C6',4),(100035,'K2F12','K2F12C1',3),(100035,'K2F12','K2F12C2',2),(100035,'K2F12','K2F12C3',2),(100035,'K2F12','K2F12C4',2),(100035,'K2F12','K2F12C5',2),(100036,'A2F12','A2F12C1',4),(100036,'A2F12','A2F12C2',4),(100036,'A2F12','A2F12C3',4),(100036,'A3F12','A3F12C1',4),(100036,'A3F12','A3F12C2',3),(100036,'A3F12','A3F12C3',4),(100036,'B2F12','B2F12C1',3),(100036,'B2F12','B2F12C2',3),(100036,'B2F12','B2F12C3',3),(100036,'B3F12','B3F12C1',4),(100036,'B3F12','B3F12C2',4),(100036,'B3F12','B3F12C3',4),(100036,'C2F12','C2F12C1',3),(100036,'C2F12','C2F12C2',3),(100036,'C2F12','C2F12C3',3),(100036,'C2F12','C2F12C4',1),(100036,'C3F12','C3F12C1',4),(100036,'C3F12','C3F12C2',4),(100036,'C3F12','C3F12C3',4),(100036,'C3F12','C3F12C4',4),(100036,'I1F12','I1F12C1',4),(100036,'I1F12','I1F12C2',4),(100036,'I1F12','I1F12C3',3),(100036,'I2F12','I2F12C1',4),(100036,'I2F12','I2F12C2',4),(100036,'I2F12','I2F12C3',4),(100036,'I2F12','I2F12C4',4),(100036,'J5F12','J5F12C1',4),(100036,'J5F12','J5F12C2',1),(100036,'J5F12','J5F12C3',1),(100036,'J5F12','J5F12C4',1),(100036,'J5F12','J5F12C5',1),(100036,'J5F12','J5F12C6',3),(100036,'K2F12','K2F12C1',1),(100036,'K2F12','K2F12C2',1),(100036,'K2F12','K2F12C3',1),(100036,'K2F12','K2F12C4',1),(100036,'K2F12','K2F12C5',1),(100037,'A3F12','A3F12C1',4),(100037,'A3F12','A3F12C2',4),(100037,'A3F12','A3F12C3',4),(100037,'B3F12','B3F12C1',3),(100037,'B3F12','B3F12C2',2),(100037,'B3F12','B3F12C3',3),(100038,'A2F12','A2F12C1',4),(100038,'A2F12','A2F12C2',4),(100038,'A2F12','A2F12C3',2),(100038,'A3F12','A3F12C1',4),(100038,'A3F12','A3F12C2',4),(100038,'A3F12','A3F12C3',4),(100038,'B2F12','B2F12C1',3),(100038,'B2F12','B2F12C2',3),(100038,'B2F12','B2F12C3',3),(100038,'B3F12','B3F12C1',3),(100038,'B3F12','B3F12C2',2),(100038,'B3F12','B3F12C3',2),(100038,'C3F12','C3F12C1',4),(100038,'C3F12','C3F12C2',3),(100038,'C3F12','C3F12C3',3),(100038,'C3F12','C3F12C4',3),(100038,'I1F12','I1F12C1',2),(100038,'I1F12','I1F12C2',2),(100038,'I1F12','I1F12C3',2),(100038,'I2F12','I2F12C1',3),(100038,'I2F12','I2F12C2',3),(100038,'I2F12','I2F12C3',2),(100038,'I2F12','I2F12C4',3),(100039,'A2F12','A2F12C1',4),(100039,'A2F12','A2F12C2',4),(100039,'A2F12','A2F12C3',4),(100039,'A2F12','A2F12C4',4),(100039,'A3F12','A3F12C1',3),(100039,'A3F12','A3F12C2',3),(100039,'A3F12','A3F12C3',3),(100039,'B2F11','B2F11C1',3),(100039,'B2F11','B2F11C2',2),(100039,'B2F11','B2F11C3',3),(100039,'B3F11','B3F11C1',4),(100039,'B3F11','B3F11C2',4),(100039,'B3F11','B3F11C3',4),(100039,'C2F12','C2F12C1',4),(100039,'C2F12','C2F12C2',3),(100039,'C2F12','C2F12C3',4),(100039,'C2F12','C2F12C4',2),(100039,'C3F11','C3F11C1',4),(100039,'C3F11','C3F11C2',3),(100039,'C3F11','C3F11C3',4),(100039,'C3F11','C3F11C4',4),(100039,'I1F11','I1F11C1',4),(100039,'I1F11','I1F11C2',4),(100039,'I1F11','I1F11C3',4),(100039,'I2F11','I2F11C1',4),(100039,'I2F11','I2F11C2',4),(100039,'I2F11','I2F11C3',1),(100039,'I2F11','I2F11C4',4),(100039,'J5F12','J5F12C1',4),(100039,'J5F12','J5F12C2',3),(100039,'J5F12','J5F12C3',3),(100039,'J5F12','J5F12C4',3),(100039,'J5F12','J5F12C5',3),(100039,'J5F12','J5F12C6',3),(100040,'A1F12','A1F12C1',4),(100040,'A1F12','A1F12C2',4),(100040,'A1F12','A1F12C3',4),(100040,'A1F12','A1F12C4',4),(100040,'B1F12','B1F12C1',3),(100040,'B1F12','B1F12C2',3),(100040,'B1F12','B1F12C3',4),(100040,'C1F12','C1F12C1',3),(100040,'C1F12','C1F12C2',3),(100040,'C1F12','C1F12C3',3),(100040,'C1F12','C1F12C4',3),(100040,'D3F12','D3F12C1',3),(100040,'D3F12','D3F12C2',3),(100040,'D3F12','D3F12C3',3),(100040,'D3F12','D3F12C4',4),(100040,'E1F12','E1F12C1',3),(100040,'E1F12','E1F12C2',3),(100040,'E1F12','E1F12C3',2),(100040,'E1F12','E1F12C4',3),(100040,'E1F12','E1F12C5',3),(100040,'E3F12','E3F12C1',4),(100040,'E3F12','E3F12C2',3),(100040,'F1F12','F1F12C1',3),(100040,'F1F12','F1F12C2',3),(100040,'F1F12','F1F12C3',3),(100040,'F1F12','F1F12C4',3),(100040,'F2F12','F2F12C1',3),(100040,'F2F12','F2F12C2',3),(100040,'F2F12','F2F12C3',3),(100040,'F2F12','F2F12C4',3),(100040,'G1F12','G1F12C1',3),(100040,'G1F12','G1F12C2',3),(100040,'G1F12','G1F12C3',2),(100040,'G2F12','G2F12C1',3),(100040,'G2F12','G2F12C2',3),(100040,'H1F12','H1F12C1',3),(100040,'H1F12','H1F12C2',4),(100040,'H1F12','H1F12C3',1),(100040,'H2F12','H2F12C1',3),(100040,'J4F12','J4F12C1',4),(100040,'J4F12','J4F12C2',3),(100040,'J6F12','J6F12C1',4),(100040,'J6F12','J6F12C2',2),(100040,'J6F12','J6F12C3',4),(100040,'J6F12','J6F12C4',2),(100041,'A2F12','A2F12C1',4),(100041,'A2F12','A2F12C2',4),(100041,'A2F12','A2F12C3',4),(100041,'A3F12','A3F12C1',3),(100041,'A3F12','A3F12C2',4),(100041,'A3F12','A3F12C3',4),(100041,'A4F12','A4F12C1',4),(100041,'A4F12','A4F12C2',4),(100041,'A4F12','A4F12C3',4),(100041,'B2F12','B2F12C1',3),(100041,'B2F12','B2F12C2',4),(100041,'B2F12','B2F12C3',4),(100041,'B3F12','B3F12C1',4),(100041,'B3F12','B3F12C2',4),(100041,'B3F12','B3F12C3',4),(100041,'B4F12','B4F12C1',4),(100041,'B4F12','B4F12C2',4),(100041,'B4F12','B4F12C3',2),(100041,'C2F12','C2F12C1',4),(100041,'C2F12','C2F12C2',4),(100041,'C2F12','C2F12C3',4),(100041,'C2F12','C2F12C4',4),(100041,'C3F12','C3F12C1',4),(100041,'C3F12','C3F12C2',4),(100041,'C3F12','C3F12C3',4),(100041,'C3F12','C3F12C4',4),(100041,'D2F12','D2F12C1',4),(100041,'D2F12','D2F12C2',3),(100041,'D2F12','D2F12C3',3),(100041,'D2F12','D2F12C4',3),(100041,'D2F12','D2F12C3',4),(100041,'D2F12','D2F12C6',3),(100041,'E2F12','E2F12C1',4),(100041,'E2F12','E2F12C2',4),(100041,'E2F12','E2F12C3',4),(100041,'E2F12','E2F12C4',4),(100041,'E2F12','E2F12C5',4),(100041,'E2F12','E2F12C6',4),(100041,'F3F12','F3F12C1',4),(100041,'F3F12','F3F12C2',4),(100041,'F3F12','F3F12C3',4),(100041,'F3F12','F3F12C4',4),(100041,'G3F12','G3F12C1',4),(100041,'G3F12','G3F12C2',4),(100041,'G3F12','G3F12C3',4),(100041,'G3F12','G3F12C4',4),(100041,'I1F12','I1F12C1',2),(100041,'I1F12','I1F12C2',2),(100041,'I1F12','I1F12C3',1),(100041,'I2F12','I2F12C1',4),(100041,'I2F12','I2F12C2',4),(100041,'I2F12','I2F12C3',4),(100041,'I2F12','I2F12C4',4),(100041,'J1F12','J1F12C1',2),(100041,'J1F12','J1F12C2',3),(100041,'J1F12','J1F12C3',3),(100041,'J3F12','J3F12C1',4),(100041,'J3F12','J3F12C2',4),(100041,'J3F12','J3F12C3',2),(100041,'J5F12','J5F12C1',4),(100041,'J5F12','J5F12C2',4),(100041,'J5F12','J5F12C3',4),(100041,'J5F12','J5F12C4',4),(100041,'J5F12','J5F12C5',4),(100041,'J5F12','J5F12C6',2),(100041,'K2F12','K2F12C1',4),(100041,'K2F12','K2F12C2',4),(100041,'K2F12','K2F12C3',4),(100041,'K2F12','K2F12C4',4),(100041,'K2F12','K2F12C5',4),(100042,'A3F12','A3F12C1',3),(100042,'A3F12','A3F12C2',3),(100042,'A3F12','A3F12C3',3),(100042,'A3F12','A3F12C1',3),(100042,'A3F12','A3F12C2',3),(100042,'A3F12','A3F12C3',3),(100042,'B3F12','B3F12C1',3),(100042,'B3F12','B3F12C2',4),(100042,'B3F12','B3F12C3',3),(100042,'B3F12','B3F12C1',3),(100042,'B3F12','B3F12C2',2),(100042,'B3F12','B3F12C3',3),(100043,'A1F12','A1F12C1',4),(100043,'A1F12','A1F12C2',4),(100043,'A1F12','A1F12C3',4),(100043,'A1F12','A1F12C4',2),(100043,'B1F12','B1F12C1',2),(100043,'B1F12','B1F12C2',2),(100043,'B1F12','B1F12C3',2),(100043,'C1F12','C1F12C1',3),(100043,'C1F12','C1F12C2',4),(100043,'C1F12','C1F12C3',3),(100043,'C1F12','C1F12C4',3),(100043,'D3F12','D3F12C1',4),(100043,'D3F12','D3F12C2',4),(100043,'D3F12','D3F12C3',4),(100043,'D3F12','D3F12C4',4),(100043,'E1F12','E1F12C1',3),(100043,'E1F12','E1F12C2',2),(100043,'E1F12','E1F12C3',2),(100043,'E1F12','E1F12C4',3),(100043,'E1F12','E1F12C5',2),(100043,'E2F12','E2F12C1',3),(100043,'E2F12','E2F12C2',3),(100043,'E2F12','E2F12C3',3),(100043,'E2F12','E2F12C4',3),(100043,'E2F12','E2F12C5',4),(100043,'E2F12','E2F12C6',3),(100043,'E2F12','E2F12C7',3),(100043,'E3F12','E3F12C1',4),(100043,'E3F12','E3F12C2',3),(100043,'F1F12','F1F12C1',2),(100043,'F1F12','F1F12C2',2),(100043,'F1F12','F1F12C3',3),(100043,'F1F12','F1F12C4',3),(100043,'F2F12','F2F12C1',3),(100043,'F2F12','F2F12C2',3),(100043,'F2F12','F2F12C3',3),(100043,'F2F12','F2F12C4',3),(100043,'F3F12','F3F12C1',4),(100043,'F3F12','F3F12C2',4),(100043,'F3F12','F3F12C3',3),(100043,'F3F12','F3F12C4',3),(100043,'G1F12','G1F12C1',3),(100043,'G1F12','G1F12C2',3),(100043,'G1F12','G1F12C3',3),(100043,'G2F12','G2F12C1',3),(100043,'G2F12','G2F12C2',3),(100043,'G3F12','G3F12C1',3),(100043,'G3F12','G3F12C2',4),(100043,'G3F12','G3F12C3',4),(100043,'G3F12','G3F12C4',4),(100043,'H1F12','H1F12C1',3),(100043,'H1F12','H1F12C2',3),(100043,'H1F12','H1F12C3',2),(100043,'H2F12','H2F12C1',3),(100043,'J4F12','J4F12C1',4),(100043,'J4F12','J4F12C2',3),(100043,'J6F12','J6F12C1',1),(100043,'J6F12','J6F12C2',1),(100043,'J6F12','J6F12C3',1),(100043,'J6F12','J6F12C4',1),(100045,'A2F12','A2F12C1',3),(100045,'A2F12','A2F12C2',3),(100045,'A2F12','A2F12C3',3),(100045,'A2F12','A2F12C4',4),(100045,'E2F12','E2F12C1',2),(100045,'E2F12','E2F12C2',2),(100045,'E2F12','E2F12C3',3),(100045,'E2F12','E2F12C4',2),(100045,'E2F12','E2F12C5',2),(100045,'E2F12','E2F12C6',2),(100045,'F3F12','F3F12C1',3),(100045,'F3F12','F3F12C2',2),(100045,'F3F12','F3F12C3',2),(100045,'F3F12','F3F12C4',3),(100045,'G3F12','G3F12C1',4),(100045,'G3F12','G3F12C2',4),(100045,'G3F12','G3F12C3',3),(100045,'G3F12','G3F12C4',4),(100045,'I3S12','I3S12C1',2),(100045,'I3S12','I3S12C2',3),(100045,'I3S12','I3S12C3',3),(100045,'J5F11','J5F11C1',4),(100045,'J5F11','J5F11C2',4),(100045,'J5F11','J5F11C3',4),(100045,'J5F11','J5F11C4',4),(100045,'J5F11','J5F11C5',4),(100045,'J5F11','J5F11C6',4),(100046,'A3F12','A3F12C1',4),(100046,'A3F12','A3F12C2',3),(100046,'A3F12','A3F12C3',3),(100048,'A1F12','A1F12C1',3),(100048,'A1F12','A1F12C2',3),(100048,'A1F12','A1F12C3',4),(100048,'B1F12','B1F12C1',3),(100048,'B1F12','B1F12C2',4),(100048,'B1F12','B1F12C3',4),(100048,'D1F12','D1F12C1',4),(100048,'D1F12','D1F12C2',4),(100048,'D1F12','D1F12C3',3),(100048,'D1F12','D1F12C4',3),(100048,'D1F12','D1F12C5',4),(100048,'D1F12','D1F12C6',4),(100048,'I3S12','I3S12C1',1),(100048,'I3S12','I3S12C2',3),(100048,'I3S12','I3S12C3',2),(100048,'J2F12','J2F12C1',3),(100048,'J2F12','J2F12C2',3),(100048,'J6F12','J6F12C1',3),(100048,'J6F12','J6F12C2',2),(100048,'J6F12','J6F12C3',1),(100048,'K1F12','K1F12C1',2),(100048,'K1F12','K1F12C2',2),(100048,'K1F12','K1F12C3',3),(100048,'K3S12','K3S12C1',3),(100048,'K3S12','K3S12C2',4),(100048,'K3S12','K3S12C3',4),(100049,'A1S12','A1S12C1',4),(100049,'A1S12','A1S12C2',4),(100049,'A1S12','A1S12C3',1),(100049,'A1S12','A1S12C4',1),(100049,'A4S12','A4S12C1',4),(100049,'A4S12','A4S12C2',3),(100049,'A4S12','A4S12C3',2),(100049,'B1S12','B1S12C1',2),(100049,'B1S12','B1S12C2',2),(100049,'B1S12','B1S12C3',3),(100049,'B4S12','B4S12C1',1),(100049,'B4S12','B4S12C2',3),(100049,'B4S12','B4S12C3',1),(100049,'D2S12','D2S12C1',3),(100049,'D2S12','D2S12C2',3),(100049,'D2S12','D2S12C3',2),(100049,'D2S12','D2S12C4',3),(100049,'D2S12','D2S12C3',3),(100049,'D2S12','D2S12C6',3),(100049,'E1S12','E1S12C1',2),(100049,'E1S12','E1S12C2',2),(100049,'E1S12','E1S12C3',2),(100049,'E1S12','E1S12C4',1),(100049,'E1S12','E1S12C5',2),(100049,'E2S12','E2S12C1',3),(100049,'E2S12','E2S12C2',2),(100049,'E2S12','E2S12C3',3),(100049,'E2S12','E2S12C4',1),(100049,'E2S12','E2S12C5',2),(100049,'E2S12','E2S12C6',2),(100049,'E2S12','E2S12C7',1),(100049,'E3S12','E3S12C1',4),(100049,'E3S12','E3S12C2',3),(100049,'F1S12','F1S12C1',1),(100049,'F1S12','F1S12C2',1),(100049,'F1S12','F1S12C3',2),(100049,'F1S12','F1S12C4',3),(100049,'F2S12','F2S12C1',3),(100049,'F2S12','F2S12C2',3),(100049,'F2S12','F2S12C3',3),(100049,'F2S12','F2S12C4',2),(100049,'G1S12','G1S12C1',2),(100049,'G1S12','G1S12C2',2),(100049,'G1S12','G1S12C3',1),(100049,'G2S12','G2S12C1',2),(100049,'G2S12','G2S12C2',3),(100049,'G3S12','G3S12C1',3),(100049,'G3S12','G3S12C2',3),(100049,'G3S12','G3S12C3',2),(100049,'G3S12','G3S12C4',2),(100049,'H1S12','H1S12C1',3),(100049,'H1S12','H1S12C2',1),(100049,'H1S12','H1S12C3',2),(100049,'H2S12','H2S12C1',3),(100049,'H3S12','H3S12C1',4),(100049,'H3S12','H3S12C2',3),(100049,'H3S12','H3S12C3',2),(100049,'I3S12','I3S12C1',3),(100049,'I3S12','I3S12C2',3),(100049,'I3S12','I3S12C3',4),(100049,'J1S12','J1S12C1',2),(100049,'J1S12','J1S12C2',2),(100049,'J1S12','J1S12C3',1),(100049,'J3S12','J3S12C1',4),(100049,'J3S12','J3S12C2',1),(100049,'J3S12','J3S12C3',2),(100049,'J6S12','J6S12C1',4),(100049,'J6S12','J6S12C2',4),(100049,'J6S12','J6S12C3',4),(100049,'J6S12','J6S12C4',4),(100050,'A1F11','A1F11C1',4),(100050,'A1F11','A1F11C2',4),(100050,'A1F11','A1F11C3',4),(100050,'A1F11','A1F11C4',4),(100050,'A2F11','A2F11C1',4),(100050,'A2F11','A2F11C2',4),(100050,'A2F11','A2F11C3',4),(100050,'A4F11','A4F11C1',4),(100050,'A4F11','A4F11C2',4),(100050,'A4F11','A4F11C3',4),(100050,'B1F11','B1F11C1',3),(100050,'B1F11','B1F11C2',3),(100050,'B1F11','B1F11C3',3),(100050,'B4F11','B4F11C1',1),(100050,'B4F11','B4F11C2',3),(100050,'B4F11','B4F11C3',1),(100050,'C1F11','C1F11C1',4),(100050,'C1F11','C1F11C2',4),(100050,'C1F11','C1F11C3',4),(100050,'C1F11','C1F11C4',4),(100050,'D1F12','D1F12C1',4),(100050,'D1F12','D1F12C2',4),(100050,'D1F12','D1F12C3',4),(100050,'D1F12','D1F12C4',4),(100050,'D1F12','D1F12C5',4),(100050,'D1F12','D1F12C6',4),(100050,'D2F12','D2F12C1',4),(100050,'D2F12','D2F12C2',4),(100050,'D2F12','D2F12C3',4),(100050,'D2F12','D2F12C4',4),(100050,'D2F12','D2F12C3',4),(100050,'D2F12','D2F12C6',4),(100050,'D3F12','D3F12C1',4),(100050,'D3F12','D3F12C2',4),(100050,'D3F12','D3F12C3',4),(100050,'D3F12','D3F12C4',4),(100050,'D3F12','D3F12C1',4),(100050,'D3F12','D3F12C2',4),(100050,'D3F12','D3F12C3',4),(100050,'D3F12','D3F12C4',4),(100050,'D3F12','D3F12C5',4),(100050,'E2F12','E2F12C1',3),(100050,'E2F12','E2F12C2',4),(100050,'E2F12','E2F12C3',4),(100050,'E2F12','E2F12C4',3),(100050,'E2F12','E2F12C5',3),(100050,'E2F12','E2F12C6',3),(100050,'E3F12','E3F12C1',4),(100050,'E3F12','E3F12C1',3),(100050,'E3F12','E3F12C2',3),(100050,'E3F12','E3F12C3',4),(100050,'E3F12','E3F12C4',4),(100050,'F2F12','F2F12C2',3),(100050,'F2F12','F2F12C4',3),(100050,'F3F12','F3F12C1',3),(100050,'F3F12','F3F12C2',4),(100050,'F3F12','F3F12C3',4),(100050,'F3F12','F3F12C4',3),(100050,'F3F12','F3F12C1',3),(100050,'F3F12','F3F12C2',3),(100050,'F3F12','F3F12C3',4),(100050,'F3F12','F3F12Cd',4),(100050,'G3F12','G3F12C1',3),(100050,'G3F12','G3F12C2',3),(100050,'G3F12','G3F12C3',3),(100050,'G3F12','G3F12C4',4),(100050,'G3F12','G3F12C1',4),(100050,'G3F12','G3F12C2',4),(100050,'G3F12','G3F12C3',4),(100050,'H2F12','H2F12C1',3),(100050,'H3S12','H3S12C1',4),(100050,'H3S12','H3S12C2',4),(100050,'H3S12','H3S12C3',3),(100050,'I1S12','I1S12C1',4),(100050,'I1S12','I1S12C2',4),(100050,'I1S12','I1S12C3',1),(100050,'I3S12','I3S12C1',3),(100050,'I3S12','I3S12C2',3),(100050,'I3S12','I3S12C3',4),(100050,'J1S12','J1S12C1',4),(100050,'J1S12','J1S12C2',2),(100050,'J1S12','J1S12C3',4),(100050,'J2F12','J2F12C1',4),(100050,'J2F12','J2F12C2',3),(100050,'J3F12','J3F12C1',4),(100050,'J3F12','J3F12C2',4),(100050,'J3F12','J3F12C3',4),(100050,'J4F12','J4F12C1',3),(100050,'J4F12','J4F12C2',2),(100050,'J6F11','J6F11C1',4),(100050,'J6F11','J6F11C2',4),(100050,'J6F11','J6F11C3',4),(100050,'J6F11','J6F11C4',4),(100050,'K1F12','K1F12C1',3),(100050,'K1F12','K1F12C2',3),(100050,'K1F12','K1F12C3',3),(100050,'K3S12','K3S12C1',3),(100050,'K3S12','K3S12C2',4),(100050,'K3S12','K3S12C3',4),(100051,'A3S12','A3S12C1',1),(100051,'A3S12','A3S12C2',4),(100051,'A3S12','A3S12C3',1),(100053,'C2S12','C2S12C1',4),(100053,'C2S12','C2S12C2',2),(100053,'C2S12','C2S12C3',3),(100053,'C2S12','C2S12C4',3),(100053,'E3S12','E3S12C1',4),(100053,'E3S12','E3S12C2',3),(100053,'F2S12','F2S12C1',3),(100053,'F2S12','F2S12C2',3),(100053,'F2S12','F2S12C3',3),(100053,'F2S12','F2S12C4',3),(100053,'G2S12','G2S12C1',3),(100053,'G2S12','G2S12C2',3),(100053,'H2S12','H2S12C1',3),(100053,'I3S12','I3S12C1',1),(100053,'I3S12','I3S12C2',1),(100053,'I3S12','I3S12C3',2),(100053,'J5S12','J5S12C1',4),(100053,'J5S12','J5S12C2',2),(100053,'J5S12','J5S12C3',2),(100053,'J5S12','J5S12C4',2),(100053,'J5S12','J5S12C5',2),(100053,'J5S12','J5S12C6',2),(100053,'K2S12','K2S12C1',2),(100053,'K2S12','K2S12C2',3),(100053,'K2S12','K2S12C3',2),(100053,'K2S12','K2S12C4',3),(100053,'K2S12','K2S12C5',4),(100053,'K3S12','K3S12C1',3),(100053,'K3S12','K3S12C2',4),(100053,'K3S12','K3S12C3',4),(100054,'C2S12','C2S12C1',0),(100054,'C2S12','C2S12C2',0),(100054,'C2S12','C2S12C3',0),(100054,'C2S12','C2S12C4',0),(100054,'D2S12','D2S12C1',1),(100054,'D2S12','D2S12C2',1),(100054,'D2S12','D2S12C3',1),(100054,'D2S12','D2S12C4',2),(100054,'D2S12','D2S12C3',1),(100054,'D2S12','D2S12C6',3),(100054,'E3S12','E3S12C1',3),(100054,'E3S12','E3S12C2',4),(100054,'F2S12','F2S12C1',4),(100054,'F2S12','F2S12C2',2),(100054,'F2S12','F2S12C3',3),(100054,'F2S12','F2S12C4',3),(100054,'G2S12','G2S12C1',3),(100054,'G2S12','G2S12C2',3),(100054,'H2S12','H2S12C1',3),(100054,'I3S12','I3S12C1',2),(100054,'I3S12','I3S12C2',3),(100054,'I3S12','I3S12C3',1),(100054,'J3S12','J3S12C1',4),(100054,'J3S12','J3S12C2',1),(100054,'J3S12','J3S12C3',1),(100054,'J5S12','J5S12C1',3),(100054,'J5S12','J5S12C2',3),(100054,'J5S12','J5S12C3',3),(100054,'J5S12','J5S12C4',3),(100054,'J5S12','J5S12C5',3),(100054,'J5S12','J5S12C6',3),(100054,'K2S12','K2S12C1',4),(100054,'K2S12','K2S12C2',4),(100054,'K2S12','K2S12C3',4),(100054,'K2S12','K2S12C4',4),(100054,'K2S12','K2S12C5',3),(100055,'A1F11','A1F11C1',4),(100055,'A1F11','A1F11C2',4),(100055,'A1F11','A1F11C3',4),(100055,'A1F11','A1F11C4',4),(100055,'A1F11','A1F11C1',4),(100055,'A1F11','A1F11C2',4),(100055,'A1F11','A1F11C3',4),(100055,'A1F11','A1F11C4',1),(100055,'B1F11','B1F11C1',3),(100055,'B1F11','B1F11C2',3),(100055,'B1F11','B1F11C3',3),(100055,'D1F11','D1F11C1',3),(100055,'D1F11','D1F11C2',2),(100055,'D1F11','D1F11C3',2),(100055,'D1F11','D1F11C4',3),(100055,'D1F11','D1F11C5',3),(100055,'D1F11','D1F11C6',3),(100055,'E1F11','E1F11C1',2),(100055,'E1F11','E1F11C2',3),(100055,'E1F11','E1F11C3',3),(100055,'E1F11','E1F11C4',3),(100055,'E1F11','E1F11C5',1),(100055,'E3F11','E3F11C1',3),(100055,'E3F11','E3F11C2',3),(100055,'F1F11','F1F11C1',3),(100055,'F1F11','F1F11C2',3),(100055,'F1F11','F1F11C3',2),(100055,'F1F11','F1F11C4',3),(100055,'F2F11','F2F11C1',3),(100055,'F2F11','F2F11C2',3),(100055,'F2F11','F2F11C3',3),(100055,'F2F11','F2F11C4',3),(100055,'G1F11','G1F11C1',3),(100055,'G1F11','G1F11C2',3),(100055,'G1F11','G1F11C3',1),(100055,'G2F11','G2F11C1',3),(100055,'G2F11','G2F11C2',4),(100055,'H1F11','H1F11C1',2),(100055,'H1F11','H1F11C2',2),(100055,'H1F11','H1F11C3',2),(100055,'H2F11','H2F11C1',3),(100055,'I3F11','I3F11C1',2),(100055,'I3F11','I3F11C2',1),(100055,'I3F11','I3F11C3',1),(100055,'J2F11','J2F11C1',2),(100055,'J2F11','J2F11C2',2),(100055,'J6F11','J6F11C1',2),(100055,'J6F11','J6F11C2',2),(100055,'J6F11','J6F11C3',2),(100055,'J6F11','J6F11C4',1),(100055,'K1F11','K1F11C1',3),(100055,'K1F11','K1F11C2',3),(100055,'K1F11','K1F11C3',1),(100055,'K3F11','K3F11C1',2),(100055,'K3F11','K3F11C2',3),(100055,'K3F11','K3F11C3',3),(100056,'B1F11','B1F11C1',2),(100056,'B1F11','B1F11C2',2),(100056,'B1F11','B1F11C3',2),(100059,'A1F11','A1F11C1',4),(100059,'A1F11','A1F11C2',4),(100059,'A1F11','A1F11C3',2),(100059,'A1F11','A1F11C4',2),(100059,'B1F11','B1F11C1',3),(100059,'B1F11','B1F11C2',3),(100059,'B1F11','B1F11C3',3),(100059,'E1F11','E1F11C1',3),(100059,'E1F11','E1F11C2',2),(100059,'E1F11','E1F11C3',2),(100059,'E1F11','E1F11C4',2),(100059,'E1F11','E1F11C5',3),(100059,'E2F11','E2F11C1',4),(100059,'E2F11','E2F11C2',4),(100059,'E2F11','E2F11C3',4),(100059,'E2F11','E2F11C4',3),(100059,'E2F11','E2F11C5',4),(100059,'E2F11','E2F11C6',4),(100059,'E2F11','E2F11C7',3),(100059,'F1F11','F1F11C1',4),(100059,'F1F11','F1F11C2',2),(100059,'F1F11','F1F11C3',4),(100059,'F1F11','F1F11C4',3),(100059,'F3F11','F3F11C1',4),(100059,'F3F11','F3F11C2',3),(100059,'F3F11','F3F11C3',4),(100059,'F3F11','F3F11C4',3),(100059,'G1F11','G1F11C1',4),(100059,'G1F11','G1F11C2',4),(100059,'G1F11','G1F11C3',4),(100059,'G3F11','G3F11C1',4),(100059,'G3F11','G3F11C2',4),(100059,'G3F11','G3F11C3',3),(100059,'G3F11','G3F11C4',3),(100059,'H1F11','H1F11C1',4),(100059,'H1F11','H1F11C2',4),(100059,'H1F11','H1F11C3',2),(100059,'H1F11','H1F11C4',4),(100059,'H3F11','H3F11C1',4),(100059,'H3F11','H3F11C2',3),(100059,'H3F11','H3F11C3',3),(100059,'I3F11','I3F11C1',2),(100059,'I3F11','I3F11C2',3),(100059,'I3F11','I3F11C3',2),(100059,'J6F11','J6F11C1',4),(100059,'J6F11','J6F11C2',4),(100059,'J6F11','J6F11C3',4),(100059,'J6F11','J6F11C4',4),(100059,'K3F11','K3F11C1',3),(100059,'K3F11','K3F11C2',4),(100059,'K3F11','K3F11C3',4),(100060,'A2F11','A2F11C1',4),(100060,'A2F11','A2F11C2',4),(100060,'A2F11','A2F11C3',2),(100060,'A2F11','A2F11C1',0),(100060,'A2F11','A2F11C2',0),(100060,'A2F11','A2F11C3',0),(100060,'A2F11','A2F11C4',0),(100060,'B2F11','B2F11C1',3),(100060,'B2F11','B2F11C2',3),(100060,'B2F11','B2F11C3',3),(100060,'C3F11','C3F11C1',3),(100060,'C3F11','C3F11C2',3),(100060,'C3F11','C3F11C3',2),(100060,'C3F11','C3F11C4',2),(100060,'I1F11','I1F11C1',3),(100060,'I1F11','I1F11C2',4),(100060,'I1F11','I1F11C3',3),(100060,'I2F11','I2F11C1',1),(100060,'I2F11','I2F11C2',1),(100060,'I2F11','I2F11C3',2),(100060,'I2F11','I2F11C4',1),(100062,'A2F11','A2F11C1',3),(100062,'A2F11','A2F11C2',4),(100062,'A2F11','A2F11C3',2),(100062,'A2F11','A2F11C4',2),(100062,'C2F11','C2F11C1',3),(100062,'C2F11','C2F11C2',3),(100062,'C2F11','C2F11C3',4),(100062,'C2F11','C2F11C4',4),(100062,'I1F11','I1F11C1',3),(100062,'I1F11','I1F11C2',3),(100062,'I1F11','I1F11C3',3),(100062,'J5F11','J5F11C1',3),(100062,'J5F11','J5F11C2',4),(100062,'J5F11','J5F11C3',4),(100062,'J5F11','J5F11C4',4),(100062,'J5F11','J5F11C5',4),(100062,'J5F11','J5F11C6',2),(100062,'K2F11','K2F11C1',3),(100062,'K2F11','K2F11C2',3),(100062,'K2F11','K2F11C3',3),(100062,'K2F11','K2F11C4',4),(100062,'K2F11','K2F11C5',3),(100063,'A2F11','A2F11C1',4),(100063,'A2F11','A2F11C2',4),(100063,'A2F11','A2F11C3',2),(100063,'A3F11','A3F11C1',4),(100063,'A3F11','A3F11C2',4),(100063,'A3F11','A3F11C3',4),(100063,'B3F11','B3F11C1',2),(100063,'B3F11','B3F11C2',1),(100063,'B3F11','B3F11C3',1),(100063,'C3F11','C3F11C1',3),(100063,'C3F11','C3F11C2',1),(100063,'C3F11','C3F11C3',1),(100063,'C3F11','C3F11C4',1),(100063,'I1F11','I1F11C1',1),(100063,'I1F11','I1F11C2',1),(100063,'I1F11','I1F11C3',1),(100064,'D1F11','D1F11C1',2),(100064,'D1F11','D1F11C2',3),(100064,'D1F11','D1F11C3',3),(100064,'D1F11','D1F11C4',3),(100064,'D1F11','D1F11C5',3),(100064,'D1F11','D1F11C6',4),(100064,'E1F11','E1F11C1',4),(100064,'E1F11','E1F11C2',1),(100064,'E1F11','E1F11C3',3),(100064,'E1F11','E1F11C4',4),(100064,'E1F11','E1F11C5',4),(100064,'F1F11','F1F11C1',4),(100064,'F1F11','F1F11C2',3),(100064,'F1F11','F1F11C3',3),(100064,'F1F11','F1F11C4',3),(100064,'G1F11','G1F11C1',4),(100064,'G1F11','G1F11C2',4),(100064,'G1F11','G1F11C3',4),(100064,'H1F11','H1F11C1',4),(100064,'H1F11','H1F11C2',4),(100064,'H1F11','H1F11C3',4),(100064,'H1F11','H1F11C4',4),(100064,'J2F11','J2F11C1',2),(100064,'J2F11','J2F11C2',2),(100064,'K1F11','K1F11C1',2),(100064,'K1F11','K1F11C2',2),(100064,'K1F11','K1F11C3',2),(100066,'E1F11','E1F11C1',2),(100066,'E1F11','E1F11C2',2),(100066,'E1F11','E1F11C3',4),(100066,'E1F11','E1F11C4',2),(100066,'E1F11','E1F11C5',2),(100066,'F1F11','F1F11C1',1),(100066,'F1F11','F1F11C2',1),(100066,'F1F11','F1F11C3',1),(100066,'F1F11','F1F11C4',1),(100066,'G1F11','G1F11C1',2),(100066,'G1F11','G1F11C2',3),(100066,'G1F11','G1F11C3',1),(100066,'H1F11','H1F11C1',2),(100066,'H1F11','H1F11C2',2),(100066,'H1F11','H1F11C3',1),(100067,'A2F11','A2F11C1',4),(100067,'A2F11','A2F11C2',4),(100067,'A2F11','A2F11C3',2),(100067,'A3F11','A3F11C1',4),(100067,'A3F11','A3F11C2',3),(100067,'A3F11','A3F11C3',4),(100067,'B2F11','B2F11C1',2),(100067,'B2F11','B2F11C2',2),(100067,'B2F11','B2F11C3',2),(100067,'B3F11','B3F11C1',4),(100067,'B3F11','B3F11C2',2),(100067,'B3F11','B3F11C3',2),(100067,'C2F12','C2F12C1',3),(100067,'C2F12','C2F12C2',2),(100067,'C2F12','C2F12C3',3),(100067,'C2F12','C2F12C4',3),(100067,'C3F12','C3F12C1',4),(100067,'C3F12','C3F12C2',2),(100067,'C3F12','C3F12C3',4),(100067,'C3F12','C3F12C4',3),(100067,'I1F12','I1F12C1',2),(100067,'I1F12','I1F12C2',2),(100067,'I1F12','I1F12C3',2),(100067,'I2F12','I2F12C1',3),(100067,'I2F12','I2F12C2',3),(100067,'I2F12','I2F12C3',3),(100067,'I2F12','I2F12C4',3),(100067,'K2F12','K2F12C1',4),(100067,'K2F12','K2F12C2',2),(100067,'K2F12','K2F12C3',2),(100067,'K2F12','K2F12C4',2),(100067,'K2F12','K2F12C5',1),(100068,'A2F12','A2F12C1',2),(100068,'A2F12','A2F12C2',4),(100068,'A2F12','A2F12C3',2),(100068,'A3F12','A3F12C1',3),(100068,'A3F12','A3F12C2',3),(100068,'A3F12','A3F12C3',3),(100068,'A3F12','A3F12C1',3),(100068,'A3F12','A3F12C2',3),(100068,'A3F12','A3F12C3',3),(100068,'B2F12','B2F12C1',2),(100068,'B2F12','B2F12C2',3),(100068,'B2F12','B2F12C3',2),(100068,'B3F12','B3F12C1',3),(100068,'B3F12','B3F12C2',3),(100068,'B3F12','B3F12C3',4),(100068,'C2F12','C2F12C1',4),(100068,'C2F12','C2F12C2',4),(100068,'C2F12','C2F12C3',4),(100068,'C2F12','C2F12C4',3),(100068,'C3F12','C3F12C1',4),(100068,'C3F12','C3F12C2',3),(100068,'C3F12','C3F12C3',3),(100068,'C3F12','C3F12C4',3),(100068,'I1F12','I1F12C1',4),(100068,'I1F12','I1F12C2',4),(100068,'I1F12','I1F12C3',4),(100068,'I2F12','I2F12C1',3),(100068,'I2F12','I2F12C2',3),(100068,'I2F12','I2F12C3',2),(100068,'I2F12','I2F12C4',3),(100068,'J5F12','J5F12C1',3),(100068,'J5F12','J5F12C2',3),(100068,'J5F12','J5F12C3',3),(100068,'J5F12','J5F12C4',2),(100068,'J5F12','J5F12C5',2),(100068,'J5F12','J5F12C6',4),(100068,'K2F12','K2F12C1',3),(100068,'K2F12','K2F12C2',2),(100068,'K2F12','K2F12C3',2),(100068,'K2F12','K2F12C4',2),(100068,'K2F12','K2F12C5',2),(100070,'A3F12','A3F12C1',0),(100070,'A3F12','A3F12C2',0),(100070,'A3F12','A3F12C3',0),(100071,'A2F12','A2F12C1',4),(100071,'A2F12','A2F12C2',4),(100071,'A2F12','A2F12C3',2),(100071,'B2F12','B2F12C1',3),(100071,'B2F12','B2F12C2',3),(100071,'B2F12','B2F12C3',2),(100071,'B3S12','B3S12C1',4),(100071,'B3S12','B3S12C2',4),(100071,'B3S12','B3S12C3',4),(100071,'C3S12','C3S12C1',3),(100071,'C3S12','C3S12C2',2),(100071,'C3S12','C3S12C3',1),(100071,'C3S12','C3S12C4',1),(100072,'A2S12','A2S12C1',4),(100072,'A2S12','A2S12C2',4),(100072,'A2S12','A2S12C3',2),(100072,'A3S12','A3S12C1',3),(100072,'A3S12','A3S12C2',4),(100072,'A3S12','A3S12C3',3),(100072,'B2S12','B2S12C1',2),(100072,'B2S12','B2S12C2',3),(100072,'B2S12','B2S12C3',3),(100072,'B3S12','B3S12C1',2),(100072,'B3S12','B3S12C2',1),(100072,'B3S12','B3S12C3',2),(100072,'C3S12','C3S12C1',3),(100072,'C3S12','C3S12C2',3),(100072,'C3S12','C3S12C3',3),(100072,'C3S12','C3S12C4',3),(100072,'I1S12','I1S12C1',1),(100072,'I1S12','I1S12C2',1),(100072,'I1S12','I1S12C3',1),(100072,'I2S12','I2S12C1',1),(100072,'I2S12','I2S12C2',1),(100072,'I2S12','I2S12C3',3),(100072,'I2S12','I2S12C4',1),(100073,'A2S12','A2S12C1',2),(100073,'A2S12','A2S12C2',4),(100073,'A2S12','A2S12C3',4),(100073,'B2S12','B2S12C1',3),(100073,'B2S12','B2S12C2',3),(100073,'B2S12','B2S12C3',2),(100076,'A3S12','A3S12C1',2),(100076,'A3S12','A3S12C2',1),(100076,'A3S12','A3S12C3',1),(100076,'B3S12','B3S12C1',1),(100076,'B3S12','B3S12C2',1),(100076,'B3S12','B3S12C3',2),(100077,'A2S12','A2S12C1',2),(100077,'A2S12','A2S12C2',4),(100077,'A2S12','A2S12C3',2),(100077,'A2S12','A2S12C1',4),(100077,'A2S12','A2S12C2',4),(100077,'A2S12','A2S12C3',2),(100077,'A3S12','A3S12C1',4),(100077,'A3S12','A3S12C2',3),(100077,'A3S12','A3S12C3',4),(100077,'B2S12','B2S12C1',2),(100077,'B2S12','B2S12C2',1),(100077,'B2S12','B2S12C3',2),(100077,'B3S12','B3S12C1',3),(100077,'B3S12','B3S12C2',3),(100077,'B3S12','B3S12C3',3),(100077,'E2S12','E2S12C1',2),(100077,'E2S12','E2S12C2',3),(100077,'E2S12','E2S12C3',2),(100077,'E2S12','E2S12C4',3),(100077,'E2S12','E2S12C5',2),(100077,'E2S12','E2S12C6',2),(100077,'F3S12','F3S12C1',3),(100077,'F3S12','F3S12C2',3),(100077,'F3S12','F3S12C3',3),(100077,'F3S12','F3S12C4',3),(100077,'G3S12','G3S12C1',2),(100077,'G3S12','G3S12C2',2),(100077,'G3S12','G3S12C3',2),(100077,'G3S12','G3S12C4',2),(100077,'I1S12','I1S12C1',1),(100077,'I1S12','I1S12C2',1),(100077,'I1S12','I1S12C3',1),(100077,'I2S12','I2S12C1',4),(100077,'I2S12','I2S12C2',4),(100077,'I2S12','I2S12C3',1),(100077,'I2S12','I2S12C4',4),(100079,'A1S12','A1S12C1',4),(100079,'A1S12','A1S12C2',4),(100079,'A1S12','A1S12C3',4),(100079,'A1S12','A1S12C4',3),(100079,'B1S12','B1S12C1',2),(100079,'B1S12','B1S12C2',2),(100079,'B1S12','B1S12C3',3),(100079,'D1S12','D1S12C1',3),(100079,'D1S12','D1S12C2',2),(100079,'D1S12','D1S12C3',2),(100079,'D1S12','D1S12C4',3),(100079,'D1S12','D1S12C5',3),(100079,'D1S12','D1S12C6',3),(100079,'D2S12','D2S12C1',2),(100079,'D2S12','D2S12C2',3),(100079,'D2S12','D2S12C3',2),(100079,'D2S12','D2S12C4',4),(100079,'D2S12','D2S12C3',2),(100079,'D2S12','D2S12C6',4),(100079,'E1S12','E1S12C1',3),(100079,'E1S12','E1S12C2',3),(100079,'E1S12','E1S12C3',2),(100079,'E1S12','E1S12C4',3),(100079,'E1S12','E1S12C5',3),(100079,'E3S12','E3S12C1',4),(100079,'E3S12','E3S12C2',4),(100079,'F1S12','F1S12C1',3),(100079,'F1S12','F1S12C2',3),(100079,'F1S12','F1S12C3',3),(100079,'F1S12','F1S12C4',3),(100079,'F2S12','F2S12C1',4),(100079,'F2S12','F2S12C2',3),(100079,'F2S12','F2S12C3',3),(100079,'F2S12','F2S12C4',4),(100079,'G1S12','G1S12C1',3),(100079,'G1S12','G1S12C2',3),(100079,'G1S12','G1S12C3',2),(100079,'G2S12','G2S12C1',4),(100079,'G2S12','G2S12C2',4),(100079,'H1S12','H1S12C1',3),(100079,'H1S12','H1S12C2',3),(100079,'H1S12','H1S12C3',3),(100079,'H2S12','H2S12C1',3),(100079,'I3S12','I3S12C1',2),(100079,'I3S12','I3S12C2',3),(100079,'I3S12','I3S12C3',2),(100079,'J2S12','J2S12C1',2),(100079,'J2S12','J2S12C2',1),(100079,'J3S12','J3S12C1',4),(100079,'J3S12','J3S12C2',2),(100079,'J3S12','J3S12C3',2),(100079,'J6S12','J6S12C1',1),(100079,'J6S12','J6S12C2',1),(100079,'J6S12','J6S12C3',1),(100079,'J6S12','J6S12C4',1),(100079,'K1S12','K1S12C1',2),(100079,'K1S12','K1S12C2',3),(100079,'K1S12','K1S12C3',2),(100079,'K3S12','K3S12C1',3),(100079,'K3S12','K3S12C2',4),(100079,'K3S12','K3S12C3',4),(100081,'A1F11','A1F11C1',4),(100081,'A1F11','A1F11C2',4),(100081,'A1F11','A1F11C3',4),(100081,'A1F11','A1F11C4',4),(100081,'B1F11','B1F11C1',2),(100081,'B1F11','B1F11C2',2),(100081,'B1F11','B1F11C3',3),(100081,'C2F11','C2F11C1',4),(100081,'C2F11','C2F11C2',3),(100081,'C2F11','C2F11C3',1),(100081,'C2F11','C2F11C4',1),(100081,'J5F11','J5F11C1',0),(100081,'J5F11','J5F11C2',0),(100081,'J5F11','J5F11C3',0),(100081,'J5F11','J5F11C4',0),(100081,'J5F11','J5F11C5',0),(100081,'J5F11','J5F11C6',0),(100081,'J6F11','J6F11C1',4),(100081,'J6F11','J6F11C2',1),(100081,'J6F11','J6F11C3',2),(100081,'J6F11','J6F11C4',1),(100081,'K2F11','K2F11C1',3),(100081,'K2F11','K2F11C2',1),(100081,'K2F11','K2F11C3',3),(100081,'K2F11','K2F11C4',4),(100081,'K2F11','K2F11C5',4),(100082,'A1F11','A1F11C1',4),(100082,'A1F11','A1F11C2',4),(100082,'A1F11','A1F11C3',4),(100082,'A1F11','A1F11C4',3),(100082,'A4F11','A4F11C1',4),(100082,'A4F11','A4F11C2',3),(100082,'A4F11','A4F11C3',4),(100082,'B1F11','B1F11C1',4),(100082,'B1F11','B1F11C2',4),(100082,'B1F11','B1F11C3',4),(100082,'B4F11','B4F11C1',4),(100082,'B4F11','B4F11C2',3),(100082,'B4F11','B4F11C3',1),(100082,'C1F11','C1F11C1',4),(100082,'C1F11','C1F11C2',4),(100082,'C1F11','C1F11C3',4),(100082,'C1F11','C1F11C4',3),(100082,'D1F11','D1F11C1',4),(100082,'D1F11','D1F11C2',4),(100082,'D1F11','D1F11C3',4),(100082,'D1F11','D1F11C4',3),(100082,'D1F11','D1F11C5',4),(100082,'D1F11','D1F11C6',3),(100082,'D2F11','D2F11C1',4),(100082,'D2F11','D2F11C2',4),(100082,'D2F11','D2F11C3',4),(100082,'D2F11','D2F11C4',3),(100082,'D2F11','D2F11C3',4),(100082,'D2F11','D2F11C6',3),(100082,'D3F11','D3F11C1',4),(100082,'D3F11','D3F11C2',4),(100082,'D3F11','D3F11C3',4),(100082,'D3F11','D3F11C4',4),(100082,'E1F11','E1F11C1',4),(100082,'E1F11','E1F11C2',2),(100082,'E1F11','E1F11C3',3),(100082,'E1F11','E1F11C4',2),(100082,'E1F11','E1F11C5',4),(100082,'E2F11','E2F11C1',4),(100082,'E2F11','E2F11C2',4),(100082,'E2F11','E2F11C3',4),(100082,'E2F11','E2F11C4',3),(100082,'E2F11','E2F11C5',4),(100082,'E2F11','E2F11C6',3),(100082,'E2F11','E2F11C7',3),(100082,'E3F11','E3F11C1',4),(100082,'E3F11','E3F11C2',3),(100082,'F1F11','F1F11C1',4),(100082,'F1F11','F1F11C2',4),(100082,'F1F11','F1F11C3',4),(100082,'F1F11','F1F11C4',4),(100082,'F2F11','F2F11C1',3),(100082,'F2F11','F2F11C2',3),(100082,'F2F11','F2F11C3',3),(100082,'F2F11','F2F11C4',4),(100082,'F3F11','F3F11C1',4),(100082,'F3F11','F3F11C2',3),(100082,'F3F11','F3F11C3',4),(100082,'F3F11','F3F11C4',4),(100082,'G1F11','G1F11C1',4),(100082,'G1F11','G1F11C2',3),(100082,'G1F11','G1F11C3',3),(100082,'G2F11','G2F11C1',3),(100082,'G2F11','G2F11C2',3),(100082,'G3F11','G3F11C1',4),(100082,'G3F11','G3F11C2',4),(100082,'G3F11','G3F11C3',4),(100082,'G3F11','G3F11C4',4),(100082,'H1F11','H1F11C1',4),(100082,'H1F11','H1F11C2',4),(100082,'H1F11','H1F11C3',2),(100082,'H2F11','H2F11C1',3),(100082,'H3F11','H3F11C1',4),(100082,'H3F11','H3F11C2',4),(100082,'H3F11','H3F11C3',4),(100082,'I3F11','I3F11C1',4),(100082,'I3F11','I3F11C2',2),(100082,'I3F11','I3F11C3',4),(100082,'J1F11','J1F11C1',4),(100082,'J1F11','J1F11C2',4),(100082,'J1F11','J1F11C3',4),(100082,'J2F11','J2F11C1',3),(100082,'J2F11','J2F11C2',3),(100082,'J3F11','J3F11C1',4),(100082,'J3F11','J3F11C2',2),(100082,'J3F11','J3F11C3',3),(100082,'J4F11','J4F11C1',4),(100082,'J4F11','J4F11C2',4),(100082,'J6F11','J6F11C1',4),(100082,'J6F11','J6F11C2',4),(100082,'J6F11','J6F11C3',4),(100082,'J6F11','J6F11C4',4),(100082,'K1F11','K1F11C1',3),(100082,'K1F11','K1F11C2',4),(100082,'K1F11','K1F11C3',3),(100082,'K3F11','K3F11C1',3),(100082,'K3F11','K3F11C2',4),(100082,'K3F11','K3F11C3',4),(100087,'C1F11','C1F11C1',0),(100087,'C1F11','C1F11C2',0),(100087,'C1F11','C1F11C3',0),(100087,'C1F11','C1F11C4',0),(100087,'D3F11','D3F11C1',2),(100087,'D3F11','D3F11C2',2),(100087,'D3F11','D3F11C3',3),(100087,'D3F11','D3F11C4',1),(100087,'E1F11','E1F11C1',3),(100087,'E1F11','E1F11C2',3),(100087,'E1F11','E1F11C3',3),(100087,'E1F11','E1F11C4',3),(100087,'E1F11','E1F11C5',3),(100087,'E3F11','E3F11C1',4),(100087,'E3F11','E3F11C2',4),(100087,'F1F11','F1F11C1',3),(100087,'F1F11','F1F11C2',3),(100087,'F1F11','F1F11C3',3),(100087,'F1F11','F1F11C4',3),(100087,'F2F11','F2F11C1',3),(100087,'F2F11','F2F11C2',3),(100087,'F2F11','F2F11C3',3),(100087,'F2F11','F2F11C4',3),(100087,'G1F11','G1F11C1',3),(100087,'G1F11','G1F11C2',3),(100087,'G1F11','G1F11C3',3),(100087,'G2F11','G2F11C1',3),(100087,'G2F11','G2F11C2',3),(100087,'H1F11','H1F11C1',3),(100087,'H1F11','H1F11C2',3),(100087,'H1F11','H1F11C3',3),(100087,'H2F11','H2F11C1',3),(100087,'J4F11','J4F11C1',2),(100087,'J4F11','J4F11C2',2),(100088,'A3F11','A3F11C1',4),(100088,'A3F11','A3F11C2',4),(100088,'A3F11','A3F11C3',4),(100088,'B2F11','B2F11C1',2),(100088,'B2F11','B2F11C2',2),(100088,'B2F11','B2F11C3',2),(100088,'B3F11','B3F11C1',4),(100088,'B3F11','B3F11C2',4),(100088,'B3F11','B3F11C3',4),(100088,'C3F11','C3F11C1',3),(100088,'C3F11','C3F11C2',3),(100088,'C3F11','C3F11C3',4),(100088,'C3F11','C3F11C4',3),(100089,'A1F11','A1F11C1',4),(100089,'A1F11','A1F11C2',4),(100089,'A1F11','A1F11C3',4),(100089,'A1F11','A1F11C4',4),(100089,'A1F11','A1F11C1',4),(100089,'A1F11','A1F11C2',4),(100089,'A1F11','A1F11C3',4),(100089,'A1F11','A1F11C4',3),(100089,'B1F11','B1F11C1',2),(100089,'B1F11','B1F11C2',2),(100089,'B1F11','B1F11C3',2),(100089,'D1F11','D1F11C1',4),(100089,'D1F11','D1F11C2',3),(100089,'D1F11','D1F11C3',3),(100089,'D1F11','D1F11C4',4),(100089,'D1F11','D1F11C5',4),(100089,'D1F11','D1F11C6',4),(100089,'E1F11','E1F11C1',1),(100089,'E1F11','E1F11C2',2),(100089,'E1F11','E1F11C3',1),(100089,'E1F11','E1F11C4',1),(100089,'E1F11','E1F11C5',3),(100089,'E3F11','E3F11C1',4),(100089,'E3F11','E3F11C2',4),(100089,'F1F11','F1F11C1',3),(100089,'F1F11','F1F11C2',2),(100089,'F1F11','F1F11C3',3),(100089,'F1F11','F1F11C4',3),(100089,'F2F11','F2F11C1',4),(100089,'F2F11','F2F11C2',4),(100089,'F2F11','F2F11C3',4),(100089,'F2F11','F2F11C4',4),(100089,'G1F11','G1F11C1',3),(100089,'G1F11','G1F11C2',3),(100089,'G1F11','G1F11C3',2),(100089,'G2F11','G2F11C1',4),(100089,'G2F11','G2F11C2',4),(100089,'H2F11','H2F11C1',4),(100089,'J2F11','J2F11C1',2),(100089,'J2F11','J2F11C2',3),(100089,'J6F11','J6F11C1',4),(100089,'J6F11','J6F11C2',1),(100089,'J6F11','J6F11C3',2),(100089,'J6F11','J6F11C4',1),(100089,'J6F11','J6F11C1',4),(100089,'J6F11','J6F11C2',4),(100089,'J6F11','J6F11C3',4),(100089,'J6F11','J6F11C4',4),(100089,'K1F11','K1F11C1',2),(100089,'K1F11','K1F11C2',3),(100089,'K1F11','K1F11C3',2),(100090,'A2F11','A2F11C1',4),(100090,'A2F11','A2F11C2',4),(100090,'A2F11','A2F11C3',4),(100090,'A3F11','A3F11C1',3),(100090,'A3F11','A3F11C2',2),(100090,'A3F11','A3F11C3',3),(100090,'B2F11','B2F11C1',3),(100090,'B2F11','B2F11C2',3),(100090,'B2F11','B2F11C3',3),(100090,'B3F11','B3F11C1',3),(100090,'B3F11','B3F11C2',4),(100090,'B3F11','B3F11C3',4),(100090,'C2F12','C2F12C1',2),(100090,'C2F12','C2F12C2',1),(100090,'C2F12','C2F12C3',2),(100090,'C2F12','C2F12C4',1),(100090,'C3F12','C3F12C1',4),(100090,'C3F12','C3F12C2',1),(100090,'C3F12','C3F12C3',2),(100090,'C3F12','C3F12C4',1),(100090,'I1F12','I1F12C1',4),(100090,'I1F12','I1F12C2',4),(100090,'I1F12','I1F12C3',3),(100090,'I2F12','I2F12C1',3),(100090,'I2F12','I2F12C2',3),(100090,'I2F12','I2F12C3',3),(100090,'I2F12','I2F12C4',3),(100090,'J5F12','J5F12C1',4),(100090,'J5F12','J5F12C2',1),(100090,'J5F12','J5F12C3',1),(100090,'J5F12','J5F12C4',1),(100090,'J5F12','J5F12C5',1),(100090,'J5F12','J5F12C6',4),(100090,'K2F12','K2F12C1',4),(100090,'K2F12','K2F12C2',4),(100090,'K2F12','K2F12C3',4),(100090,'K2F12','K2F12C4',3),(100090,'K2F12','K2F12C5',4),(100091,'E1F12','E1F12C1',3),(100091,'E1F12','E1F12C2',3),(100091,'E1F12','E1F12C3',2),(100091,'E1F12','E1F12C4',2),(100091,'E1F12','E1F12C5',2),(100091,'F1F12','F1F12C1',4),(100091,'F1F12','F1F12C2',2),(100091,'F1F12','F1F12C3',3),(100091,'F1F12','F1F12C4',3),(100091,'G1F12','G1F12C1',4),(100091,'G1F12','G1F12C2',2),(100091,'G1F12','G1F12C3',3),(100091,'H1F12','H1F12C1',4),(100091,'H1F12','H1F12C2',3),(100091,'H1F12','H1F12C3',2),(100091,'H1F12','H1F12C4',3),(100092,'A1F11','A1F11C1',4),(100092,'A1F11','A1F11C2',4),(100092,'A1F11','A1F11C3',4),(100092,'A1F11','A1F11C4',4),(100092,'B1F11','B1F11C1',4),(100092,'B1F11','B1F11C2',4),(100092,'B1F11','B1F11C3',4),(100092,'C1F11','C1F11C1',3),(100092,'C1F11','C1F11C2',2),(100092,'C1F11','C1F11C3',3),(100092,'C1F11','C1F11C4',3),(100092,'C2F11','C2F11C1',2),(100092,'C2F11','C2F11C2',3),(100092,'C2F11','C2F11C3',2),(100092,'C2F11','C2F11C4',2),(100092,'D3F11','D3F11C1',4),(100092,'D3F11','D3F11C2',3),(100092,'D3F11','D3F11C3',3),(100092,'D3F11','D3F11C4',3),(100092,'E1F11','E1F11C1',3),(100092,'E1F11','E1F11C2',3),(100092,'E1F11','E1F11C3',3),(100092,'E1F11','E1F11C4',3),(100092,'E1F11','E1F11C5',3),(100092,'E3F11','E3F11C1',3),(100092,'E3F11','E3F11C2',3),(100092,'F1F11','F1F11C1',2),(100092,'F1F11','F1F11C2',1),(100092,'F1F11','F1F11C3',1),(100092,'F1F11','F1F11C4',3),(100092,'F2F11','F2F11C1',3),(100092,'F2F11','F2F11C2',3),(100092,'F2F11','F2F11C3',3),(100092,'F2F11','F2F11C4',3),(100092,'G1F11','G1F11C1',3),(100092,'G1F11','G1F11C2',3),(100092,'G1F11','G1F11C3',3),(100092,'G2F11','G2F11C1',3),(100092,'G2F11','G2F11C2',3),(100092,'H1F11','H1F11C1',4),(100092,'H1F11','H1F11C2',3),(100092,'H1F11','H1F11C3',3),(100092,'H2F11','H2F11C1',3),(100092,'I3F11','I3F11C1',4),(100092,'I3F11','I3F11C2',4),(100092,'I3F11','I3F11C3',3),(100092,'J4F11','J4F11C1',4),(100092,'J4F11','J4F11C2',4),(100092,'J5F11','J5F11C1',3),(100092,'J5F11','J5F11C2',3),(100092,'J5F11','J5F11C3',3),(100092,'J5F11','J5F11C4',3),(100092,'J5F11','J5F11C5',3),(100092,'J5F11','J5F11C6',3),(100092,'J6F11','J6F11C1',4),(100092,'J6F11','J6F11C2',4),(100092,'J6F11','J6F11C3',4),(100092,'J6F11','J6F11C4',4),(100092,'K2F11','K2F11C1',4),(100092,'K2F11','K2F11C2',3),(100092,'K2F11','K2F11C3',4),(100092,'K2F11','K2F11C4',4),(100092,'K2F11','K2F11C5',3),(100092,'K3F11','K3F11C1',3),(100092,'K3F11','K3F11C2',4),(100092,'K3F11','K3F11C3',3),(100093,'A1F11','A1F11C1',4),(100093,'A1F11','A1F11C2',4),(100093,'A1F11','A1F11C3',4),(100093,'A1F11','A1F11C4',4),(100093,'A4F11','A4F11C1',4),(100093,'A4F11','A4F11C2',4),(100093,'A4F11','A4F11C3',3),(100093,'B1F11','B1F11C1',3),(100093,'B1F11','B1F11C2',3),(100093,'B1F11','B1F11C3',3),(100093,'B4F11','B4F11C1',4),(100093,'B4F11','B4F11C2',3),(100093,'B4F11','B4F11C3',1),(100093,'C1F11','C1F11C1',4),(100093,'C1F11','C1F11C2',4),(100093,'C1F11','C1F11C3',4),(100093,'C1F11','C1F11C4',3),(100093,'C2F11','C2F11C1',4),(100093,'C2F11','C2F11C2',2),(100093,'C2F11','C2F11C3',3),(100093,'C2F11','C2F11C4',3),(100093,'D1F12','D1F12C1',2),(100093,'D1F12','D1F12C2',3),(100093,'D1F12','D1F12C3',4),(100093,'D1F12','D1F12C4',4),(100093,'D1F12','D1F12C5',3),(100093,'D1F12','D1F12C6',4),(100093,'D2F12','D2F12C1',2),(100093,'D2F12','D2F12C2',3),(100093,'D2F12','D2F12C3',2),(100093,'D2F12','D2F12C4',3),(100093,'D2F12','D2F12C3',3),(100093,'D2F12','D2F12C6',3),(100093,'D3F12','D3F12C1',4),(100093,'D3F12','D3F12C2',4),(100093,'D3F12','D3F12C3',4),(100093,'D3F12','D3F12C4',4),(100093,'E3F12','E3F12C1',3),(100093,'E3F12','E3F12C2',3),(100093,'H3S12','H3S12C1',4),(100093,'H3S12','H3S12C2',4),(100093,'H3S12','H3S12C3',4),(100093,'I3S12','I3S12C1',2),(100093,'I3S12','I3S12C2',3),(100093,'I3S12','I3S12C3',3),(100093,'J1S12','J1S12C1',2),(100093,'J1S12','J1S12C2',4),(100093,'J1S12','J1S12C3',3),(100093,'J2F12','J2F12C1',3),(100093,'J2F12','J2F12C2',3),(100093,'J3F12','J3F12C1',4),(100093,'J3F12','J3F12C2',3),(100093,'J3F12','J3F12C3',2),(100093,'J4F12','J4F12C1',4),(100093,'J4F12','J4F12C2',4),(100093,'J5F12','J5F12C1',2),(100093,'J5F12','J5F12C2',3),(100093,'J5F12','J5F12C3',3),(100093,'J5F12','J5F12C4',3),(100093,'J5F12','J5F12C5',3),(100093,'J5F12','J5F12C6',3),(100093,'J6F11','J6F11C1',4),(100093,'J6F11','J6F11C2',4),(100093,'J6F11','J6F11C3',4),(100093,'J6F11','J6F11C4',4),(100093,'K1F12','K1F12C1',3),(100093,'K1F12','K1F12C2',2),(100093,'K1F12','K1F12C3',2),(100093,'K2F12','K2F12C1',4),(100093,'K2F12','K2F12C2',4),(100093,'K2F12','K2F12C3',4),(100093,'K2F12','K2F12C4',4),(100093,'K2F12','K2F12C5',4),(100093,'K3S12','K3S12C1',2),(100093,'K3S12','K3S12C2',4),(100093,'K3S12','K3S12C3',4),(100094,'A2S12','A2S12C1',4),(100094,'A2S12','A2S12C2',4),(100094,'A2S12','A2S12C3',2),(100094,'B2S12','B2S12C1',2),(100094,'B2S12','B2S12C2',1),(100094,'B2S12','B2S12C3',2),(100094,'C2S12','C2S12C1',4),(100094,'C2S12','C2S12C2',3),(100094,'C2S12','C2S12C3',3),(100094,'C2S12','C2S12C4',4),(100094,'C2F11','C2F11C1',1),(100094,'C2F11','C2F11C2',2),(100094,'C2F11','C2F11C3',1),(100094,'C2F11','C2F11C4',1),(100094,'I1F11','I1F11C1',2),(100094,'I1F11','I1F11C2',2),(100094,'I1F11','I1F11C3',1),(100094,'J5F11','J5F11C1',3),(100094,'J5F11','J5F11C2',4),(100094,'J5F11','J5F11C3',4),(100094,'J5F11','J5F11C4',2),(100094,'J5F11','J5F11C5',2),(100094,'J5F11','J5F11C6',2),(100094,'K2F11','K2F11C1',4),(100094,'K2F11','K2F11C2',2),(100094,'K2F11','K2F11C3',4),(100094,'K2F11','K2F11C4',4),(100094,'K2F11','K2F11C5',2),(100094,'K2F11','K2F11C1',3),(100094,'K2F11','K2F11C2',3),(100094,'K2F11','K2F11C3',2),(100094,'K2F11','K2F11C4',2),(100094,'K2F11','K2F11C5',3),(100095,'A2F11','A2F11C1',4),(100095,'A2F11','A2F11C2',4),(100095,'A2F11','A2F11C3',4),(100095,'A3F11','A3F11C1',4),(100095,'A3F11','A3F11C2',4),(100095,'A3F11','A3F11C3',4),(100095,'B2F11','B2F11C1',2),(100095,'B2F11','B2F11C2',2),(100095,'B2F11','B2F11C3',2),(100095,'B3F11','B3F11C1',4),(100095,'B3F11','B3F11C2',4),(100095,'B3F11','B3F11C3',4),(100095,'C2F12','C2F12C1',2),(100095,'C2F12','C2F12C2',3),(100095,'C2F12','C2F12C3',2),(100095,'C2F12','C2F12C4',2),(100095,'C3F12','C3F12C1',3),(100095,'C3F12','C3F12C2',3),(100095,'C3F12','C3F12C3',4),(100095,'C3F12','C3F12C4',3),(100095,'I1F12','I1F12C1',3),(100095,'I1F12','I1F12C2',2),(100095,'I1F12','I1F12C3',3),(100095,'I2F12','I2F12C1',3),(100095,'I2F12','I2F12C2',4),(100095,'I2F12','I2F12C3',1),(100095,'I2F12','I2F12C4',4),(100095,'K2F12','K2F12C1',4),(100095,'K2F12','K2F12C2',3),(100095,'K2F12','K2F12C3',2),(100095,'K2F12','K2F12C4',2),(100095,'K2F12','K2F12C5',2),(100098,'A1F12','A1F12C1',4),(100098,'A1F12','A1F12C2',4),(100098,'A1F12','A1F12C3',4),(100098,'A1F12','A1F12C4',4),(100098,'A4F12','A4F12C1',3),(100098,'A4F12','A4F12C2',2),(100098,'A4F12','A4F12C3',1),(100098,'B1F12','B1F12C1',3),(100098,'B1F12','B1F12C2',3),(100098,'B1F12','B1F12C3',3),(100098,'B4F12','B4F12C1',2),(100098,'B4F12','B4F12C2',2),(100098,'B4F12','B4F12C3',1),(100098,'C1F12','C1F12C1',4),(100098,'C1F12','C1F12C2',4),(100098,'C1F12','C1F12C3',4),(100098,'C1F12','C1F12C4',4),(100098,'D1F12','D1F12C1',4),(100098,'D1F12','D1F12C2',3),(100098,'D1F12','D1F12C3',3),(100098,'D1F12','D1F12C4',4),(100098,'D1F12','D1F12C5',4),(100098,'D1F12','D1F12C6',4),(100098,'D3F12','D3F12C1',4),(100098,'D3F12','D3F12C2',4),(100098,'D3F12','D3F12C3',4),(100098,'D3F12','D3F12C4',4),(100098,'E1F12','E1F12C1',3),(100098,'E1F12','E1F12C2',3),(100098,'E1F12','E1F12C3',4),(100098,'E1F12','E1F12C4',4),(100098,'E1F12','E1F12C5',3),(100098,'E2F12','E2F12C1',3),(100098,'E2F12','E2F12C2',3),(100098,'E2F12','E2F12C3',3),(100098,'E2F12','E2F12C4',2),(100098,'E2F12','E2F12C5',3),(100098,'E2F12','E2F12C6',3),(100098,'E2F12','E2F12C7',3),(100098,'F1F12','F1F12C1',4),(100098,'F1F12','F1F12C2',4),(100098,'F1F12','F1F12C3',4),(100098,'F1F12','F1F12C4',3),(100098,'F3F12','F3F12C1',3),(100098,'F3F12','F3F12C2',2),(100098,'F3F12','F3F12C3',2),(100098,'F3F12','F3F12C4',3),(100098,'G1F12','G1F12C1',3),(100098,'G1F12','G1F12C2',2),(100098,'G1F12','G1F12C3',1),(100098,'G3F12','G3F12C1',3),(100098,'G3F12','G3F12C2',3),(100098,'G3F12','G3F12C3',3),(100098,'G3F12','G3F12C4',3),(100098,'H1F12','H1F12C1',3),(100098,'H1F12','H1F12C2',4),(100098,'H1F12','H1F12C3',2),(100098,'H1F12','H1F12C4',1),(100098,'J1F12','J1F12C1',1),(100098,'J1F12','J1F12C2',3),(100098,'J1F12','J1F12C3',4),(100098,'J2F12','J2F12C1',2),(100098,'J2F12','J2F12C2',2),(100098,'J4F12','J4F12C1',3),(100098,'J4F12','J4F12C2',2),(100098,'J6F12','J6F12C1',4),(100098,'J6F12','J6F12C2',2),(100098,'J6F12','J6F12C3',2),(100098,'J6F12','J6F12C4',2),(100098,'K1F12','K1F12C1',2),(100098,'K1F12','K1F12C2',3),(100098,'K1F12','K1F12C3',2),(100099,'A3F12','A3F12C1',3),(100099,'A3F12','A3F12C2',4),(100099,'A3F12','A3F12C3',3),(100099,'A3F12','A3F12C1',2),(100099,'A3F12','A3F12C2',2),(100099,'A3F12','A3F12C3',2),(100099,'B3F12','B3F12C1',4),(100099,'B3F12','B3F12C2',4),(100099,'B3F12','B3F12C3',4),(100099,'B3F12','B3F12C1',1),(100099,'B3F12','B3F12C2',2),(100099,'B3F12','B3F12C3',1),(100100,'A3F12','A3F12C1',4),(100100,'A3F12','A3F12C2',3),(100100,'A3F12','A3F12C3',2),(100100,'B3F12','B3F12C1',4),(100100,'B3F12','B3F12C2',4),(100100,'B3F12','B3F12C3',4),(100101,'A1F11','A1F11C1',4),(100101,'A1F11','A1F11C2',4),(100101,'A1F11','A1F11C3',4),(100101,'A1F11','A1F11C4',4),(100101,'A2F11','A2F11C1',4),(100101,'A2F11','A2F11C2',4),(100101,'A2F11','A2F11C3',4),(100101,'A2F11','A2F11C4',4),(100101,'B1F11','B1F11C1',3),(100101,'B1F11','B1F11C2',3),(100101,'B1F11','B1F11C3',3),(100101,'B2F11','B2F11C1',4),(100101,'B2F11','B2F11C2',3),(100101,'B2F11','B2F11C3',4),(100101,'C2F11','C2F11C1',4),(100101,'C2F11','C2F11C2',3),(100101,'C2F11','C2F11C3',3),(100101,'C2F11','C2F11C4',4),(100101,'C3F11','C3F11C1',4),(100101,'C3F11','C3F11C2',4),(100101,'C3F11','C3F11C3',4),(100101,'C3F11','C3F11C4',4),(100101,'E3F11','E3F11C1',3),(100101,'E3F11','E3F11C2',4),(100101,'H3S12','H3S12C1',4),(100101,'H3S12','H3S12C2',4),(100101,'H3S12','H3S12C3',4),(100101,'I1S12','I1S12C1',3),(100101,'I1S12','I1S12C2',3),(100101,'I1S12','I1S12C3',3),(100101,'I2S12','I2S12C1',4),(100101,'I2S12','I2S12C2',4),(100101,'I2S12','I2S12C3',3),(100101,'I2S12','I2S12C4',4),(100101,'I3S12','I3S12C1',3),(100101,'I3S12','I3S12C2',1),(100101,'I3S12','I3S12C3',1),(100101,'J5S12','J5S12C1',3),(100101,'J5S12','J5S12C2',2),(100101,'J5S12','J5S12C3',2),(100101,'J5S12','J5S12C4',3),(100101,'J5S12','J5S12C5',3),(100101,'J5S12','J5S12C6',2),(100101,'J6F11','J6F11C1',4),(100101,'J6F11','J6F11C2',3),(100101,'J6F11','J6F11C3',4),(100101,'J6F11','J6F11C4',4),(100101,'K2F11','K2F11C1',3),(100101,'K2F11','K2F11C2',3),(100101,'K2F11','K2F11C3',2),(100101,'K2F11','K2F11C4',3),(100101,'K2F11','K2F11C5',4),(100101,'K3S12','K3S12C1',3),(100101,'K3S12','K3S12C2',4),(100101,'K3S12','K3S12C3',4),(100103,'A3S12','A3S12C1',3),(100103,'A3S12','A3S12C2',4),(100103,'A3S12','A3S12C3',4),(100103,'B3S12','B3S12C1',4),(100103,'B3S12','B3S12C2',4),(100103,'B3S12','B3S12C3',4),(100104,'A3F12','A3F12C1',4),(100104,'A3F12','A3F12C2',4),(100104,'A3F12','A3F12C3',4),(100104,'B3F12','B3F12C1',4),(100104,'B3F12','B3F12C2',4),(100104,'B3F12','B3F12C3',4),(100105,'E1F12','E1F12C1',4),(100105,'E1F12','E1F12C2',3),(100105,'E1F12','E1F12C3',3),(100105,'E1F12','E1F12C4',4),(100105,'E1F12','E1F12C5',4),(100105,'F1F12','F1F12C1',4),(100105,'F1F12','F1F12C2',2),(100105,'F1F12','F1F12C3',1),(100105,'F1F12','F1F12C4',3),(100105,'G1F12','G1F12C1',4),(100105,'G1F12','G1F12C2',3),(100105,'G1F12','G1F12C3',2),(100105,'H1F12','H1F12C1',4),(100105,'H1F12','H1F12C2',4),(100105,'H1F12','H1F12C3',4),(100105,'H1F12','H1F12C4',4),(100109,'A2F12','A2F12C1',4),(100109,'A2F12','A2F12C2',4),(100109,'A2F12','A2F12C3',2),(100109,'A3F12','A3F12C1',4),(100109,'A3F12','A3F12C2',3),(100109,'A3F12','A3F12C3',2),(100109,'B2F12','B2F12C1',3),(100109,'B2F12','B2F12C2',3),(100109,'B2F12','B2F12C3',1),(100109,'B3F12','B3F12C1',4),(100109,'B3F12','B3F12C2',4),(100109,'B3F12','B3F12C3',4),(100109,'C3F12','C3F12C1',4),(100109,'C3F12','C3F12C2',2),(100109,'C3F12','C3F12C3',2),(100109,'C3F12','C3F12C4',1),(100109,'I1F12','I1F12C1',1),(100109,'I1F12','I1F12C2',1),(100109,'I1F12','I1F12C3',1),(100110,'A3S12','A3S12C1',4),(100110,'A3S12','A3S12C2',4),(100110,'A3S12','A3S12C3',4),(100110,'B2S12','B2S12C1',4),(100110,'B2S12','B2S12C2',4),(100110,'B2S12','B2S12C3',3),(100110,'B3S12','B3S12C1',4),(100110,'B3S12','B3S12C2',4),(100110,'B3S12','B3S12C3',4),(100110,'C3S12','C3S12C1',3),(100110,'C3S12','C3S12C2',2),(100110,'C3S12','C3S12C3',3),(100110,'C3S12','C3S12C4',3),(100110,'I2S12','I2S12C1',1),(100110,'I2S12','I2S12C2',1),(100110,'I2S12','I2S12C3',3),(100110,'I2S12','I2S12C4',1),(100112,'A3S12','A3S12C1',2),(100112,'A3S12','A3S12C2',3),(100112,'A3S12','A3S12C3',2),(100113,'C1S12','C1S12C1',2),(100113,'C1S12','C1S12C2',1),(100113,'C1S12','C1S12C3',2),(100113,'C1S12','C1S12C4',2),(100113,'D3S12','D3S12C1',4),(100113,'D3S12','D3S12C2',4),(100113,'D3S12','D3S12C3',3),(100113,'D3S12','D3S12C4',4),(100113,'E1S12','E1S12C1',2),(100113,'E1S12','E1S12C2',2),(100113,'E1S12','E1S12C3',2),(100113,'E1S12','E1S12C4',2),(100113,'E1S12','E1S12C5',3),(100113,'F1S12','F1S12C1',3),(100113,'F1S12','F1S12C2',3),(100113,'F1S12','F1S12C3',3),(100113,'F1S12','F1S12C4',3),(100113,'G1S12','G1S12C1',2),(100113,'G1S12','G1S12C2',2),(100113,'G1S12','G1S12C3',2),(100113,'H1S12','H1S12C1',2),(100113,'H1S12','H1S12C2',2),(100113,'H1S12','H1S12C3',2),(100113,'J4S12','J4S12C1',4),(100113,'J4S12','J4S12C2',4),(100114,'A1F12','A1F12C1',2),(100114,'A1F12','A1F12C2',4),(100114,'A1F12','A1F12C3',4),(100114,'A2F12','A2F12C1',4),(100114,'A2F12','A2F12C2',1),(100114,'A2F12','A2F12C3',3),(100114,'A2F12','A2F12C4',1),(100114,'A2F12','A2F12C1',4),(100114,'A2F12','A2F12C2',4),(100114,'A2F12','A2F12C3',4),(100114,'A4F12','A4F12C1',4),(100114,'A4F12','A4F12C2',2),(100114,'A4F12','A4F12C3',2),(100114,'B1F12','B1F12C1',2),(100114,'B1F12','B1F12C2',3),(100114,'B1F12','B1F12C3',2),(100114,'B2F12','B2F12C1',3),(100114,'B2F12','B2F12C2',1),(100114,'B2F12','B2F12C3',4),(100114,'C2F12','C2F12C1',1),(100114,'C2F12','C2F12C2',1),(100114,'C2F12','C2F12C3',1),(100114,'C2F12','C2F12C4',1),(100114,'E1F12','E1F12C1',2),(100114,'E1F12','E1F12C2',3),(100114,'E1F12','E1F12C3',2),(100114,'E1F12','E1F12C4',2),(100114,'E1F12','E1F12C5',3),(100114,'E2F12','E2F12C1',4),(100114,'E2F12','E2F12C2',4),(100114,'E2F12','E2F12C3',3),(100114,'E2F12','E2F12C4',3),(100114,'E2F12','E2F12C5',4),(100114,'E2F12','E2F12C6',3),(100114,'E3F12','E3F12C1',4),(100114,'E3F12','E3F12C2',4),(100114,'F1F12','F1F12C1',3),(100114,'F1F12','F1F12C2',3),(100114,'F1F12','F1F12C3',3),(100114,'F1F12','F1F12C4',4),(100114,'F2F12','F2F12C1',3),(100114,'F2F12','F2F12C2',3),(100114,'F2F12','F2F12C3',3),(100114,'F2F12','F2F12C4',3),(100114,'F3F12','F3F12C1',3),(100114,'F3F12','F3F12C2',3),(100114,'F3F12','F3F12C3',3),(100114,'F3F12','F3F12C4',3),(100114,'G1F12','G1F12C1',3),(100114,'G1F12','G1F12C2',3),(100114,'G1F12','G1F12C3',1),(100114,'G2F12','G2F12C1',3),(100114,'G2F12','G2F12C2',3),(100114,'G3F12','G3F12C1',3),(100114,'G3F12','G3F12C2',3),(100114,'G3F12','G3F12C3',2),(100114,'G3F12','G3F12C4',4),(100114,'H1F12','H1F12C1',2),(100114,'H1F12','H1F12C2',3),(100114,'H1F12','H1F12C3',3),(100114,'H2F12','H2F12C1',3),(100114,'I1F12','I1F12C1',2),(100114,'I1F12','I1F12C2',2),(100114,'I1F12','I1F12C3',2),(100114,'I1F12','I1F12C1',2),(100114,'I1F12','I1F12C2',2),(100114,'I1F12','I1F12C3',1),(100114,'I2F12','I2F12C1',3),(100114,'I2F12','I2F12C2',3),(100114,'I2F12','I2F12C3',2),(100114,'I2F12','I2F12C4',3),(100114,'J5F12','J5F12C1',3),(100114,'J5F12','J5F12C2',4),(100114,'J5F12','J5F12C3',4),(100114,'J5F12','J5F12C4',3),(100114,'J5F12','J5F12C5',3),(100114,'J5F12','J5F12C6',2),(100114,'J6F12','J6F12C1',1),(100114,'J6F12','J6F12C2',1),(100114,'J6F12','J6F12C3',2),(100115,'A3F12','A3F12C1',3),(100115,'A3F12','A3F12C2',4),(100115,'A3F12','A3F12C3',4),(100115,'B3F12','B3F12C1',3),(100115,'B3F12','B3F12C2',2),(100115,'B3F12','B3F12C3',3),(100116,'A2F12','A2F12C1',4),(100116,'A2F12','A2F12C2',4),(100116,'A2F12','A2F12C3',2),(100116,'A3F12','A3F12C1',4),(100116,'A3F12','A3F12C2',3),(100116,'A3F12','A3F12C3',4),(100116,'B2F12','B2F12C1',4),(100116,'B2F12','B2F12C2',4),(100116,'B2F12','B2F12C3',4),(100116,'B3F12','B3F12C1',4),(100116,'B3F12','B3F12C2',4),(100116,'B3F12','B3F12C3',4),(100116,'C3F12','C3F12C1',3),(100116,'C3F12','C3F12C2',4),(100116,'C3F12','C3F12C3',4),(100116,'C3F12','C3F12C4',3),(100116,'E3F12','E3F12C1',3),(100116,'E3F12','E3F12C2',3),(100116,'I1F12','I1F12C1',4),(100116,'I1F12','I1F12C2',3),(100116,'I1F12','I1F12C3',3),(100116,'I2F12','I2F12C1',3),(100116,'I2F12','I2F12C2',3),(100116,'I2F12','I2F12C3',3),(100116,'I2F12','I2F12C4',2),(100117,'A1F12','A1F12C1',2),(100117,'A1F12','A1F12C2',3),(100117,'A1F12','A1F12C3',4),(100117,'A1F12','A1F12C4',2),(100117,'B1F12','B1F12C1',3),(100117,'B1F12','B1F12C2',3),(100117,'B1F12','B1F12C3',4),(100117,'E1F12','E1F12C1',4),(100117,'E1F12','E1F12C2',3),(100117,'E1F12','E1F12C3',4),(100117,'E1F12','E1F12C4',3),(100117,'E1F12','E1F12C5',3),(100117,'F1F12','F1F12C1',3),(100117,'F1F12','F1F12C2',2),(100117,'F1F12','F1F12C3',3),(100117,'F1F12','F1F12C4',2),(100117,'H1F12','H1F12C1',4),(100117,'H1F12','H1F12C2',4),(100117,'H1F12','H1F12C3',4),(100117,'H1F12','H1F12C4',4),(100117,'J6F12','J6F12C1',4),(100117,'J6F12','J6F12C2',2),(100117,'J6F12','J6F12C3',4),(100117,'J6F12','J6F12C4',4),(100118,'A3F12','A3F12C1',4),(100118,'A3F12','A3F12C2',3),(100118,'A3F12','A3F12C3',4),(100118,'B3F12','B3F12C1',4),(100118,'B3F12','B3F12C2',4),(100118,'B3F12','B3F12C3',4),(100119,'A1F12','A1F12C1',0),(100119,'A1F12','A1F12C2',0),(100119,'A1F12','A1F12C3',0),(100119,'A1F12','A1F12C4',0),(100119,'A4F12','A4F12C1',3),(100119,'A4F12','A4F12C2',1),(100119,'A4F12','A4F12C3',2),(100119,'B4F12','B4F12C1',0),(100119,'B4F12','B4F12C2',0),(100119,'B4F12','B4F12C3',0),(100119,'E1F12','E1F12C1',3),(100119,'E1F12','E1F12C2',2),(100119,'E1F12','E1F12C3',2),(100119,'E1F12','E1F12C4',2),(100119,'E1F12','E1F12C5',3),(100119,'E2F12','E2F12C1',3),(100119,'E2F12','E2F12C2',3),(100119,'E2F12','E2F12C3',3),(100119,'E2F12','E2F12C4',3),(100119,'E2F12','E2F12C5',2),(100119,'E2F12','E2F12C6',3),(100119,'E2F12','E2F12C7',2),(100119,'F1F12','F1F12C1',3),(100119,'F1F12','F1F12C2',3),(100119,'F1F12','F1F12C3',3),(100119,'F1F12','F1F12C4',4),(100119,'F3F12','F3F12C1',3),(100119,'F3F12','F3F12C2',3),(100119,'F3F12','F3F12C3',3),(100119,'F3F12','F3F12C4',3),(100119,'G1F12','G1F12C1',3),(100119,'G1F12','G1F12C2',3),(100119,'G1F12','G1F12C3',2),(100119,'G3F12','G3F12C1',3),(100119,'G3F12','G3F12C2',3),(100119,'G3F12','G3F12C3',2),(100119,'G3F12','G3F12C4',3),(100119,'H1F12','H1F12C1',3),(100119,'H1F12','H1F12C2',3),(100119,'H1F12','H1F12C3',2),(100119,'H3F12','H3F12C1',4),(100119,'H3F12','H3F12C2',2),(100119,'H3F12','H3F12C3',3),(100119,'I3F12','I3F12C1',3),(100119,'I3F12','I3F12C2',2),(100119,'I3F12','I3F12C3',2),(100119,'J1F12','J1F12C1',0),(100119,'J1F12','J1F12C2',0),(100119,'J1F12','J1F12C3',0),(100119,'K3F12','K3F12C1',3),(100119,'K3F12','K3F12C2',4),(100119,'K3F12','K3F12C3',4),(100120,'A1F11','A1F11C1',4),(100120,'A1F11','A1F11C2',4),(100120,'A1F11','A1F11C3',4),(100120,'A1F11','A1F11C4',4),(100120,'A2F11','A2F11C1',2),(100120,'A2F11','A2F11C2',2),(100120,'A2F11','A2F11C3',2),(100120,'A2F11','A2F11C4',2),(100120,'B1F11','B1F11C1',4),(100120,'B1F11','B1F11C2',4),(100120,'B1F11','B1F11C3',4),(100120,'C2F11','C2F11C1',3),(100120,'C2F11','C2F11C2',3),(100120,'C2F11','C2F11C3',2),(100120,'C2F11','C2F11C4',2),(100120,'E3F11','E3F11C1',3),(100120,'E3F11','E3F11C2',4),(100120,'H3S12','H3S12C1',4),(100120,'H3S12','H3S12C2',3),(100120,'H3S12','H3S12C3',2),(100120,'I1S12','I1S12C1',3),(100120,'I1S12','I1S12C2',3),(100120,'I1S12','I1S12C3',3),(100120,'I3S12','I3S12C1',2),(100120,'I3S12','I3S12C2',3),(100120,'I3S12','I3S12C3',4),(100120,'J2F12','J2F12C1',1),(100120,'J2F12','J2F12C2',1),(100120,'J5F12','J5F12C1',3),(100120,'J5F12','J5F12C2',3),(100120,'J5F12','J5F12C3',3),(100120,'J5F12','J5F12C4',3),(100120,'J5F12','J5F12C5',3),(100120,'J5F12','J5F12C6',2),(100120,'J6F11','J6F11C1',4),(100120,'J6F11','J6F11C2',4),(100120,'J6F11','J6F11C3',3),(100120,'J6F11','J6F11C4',1),(100120,'K2F11','K2F11C1',2),(100120,'K2F11','K2F11C2',2),(100120,'K2F11','K2F11C3',2),(100120,'K2F11','K2F11C4',1),(100120,'K2F11','K2F11C5',2),(100120,'K3S12','K3S12C1',2),(100120,'K3S12','K3S12C2',4),(100120,'K3S12','K3S12C3',4),(100121,'A2S12','A2S12C1',4),(100121,'A2S12','A2S12C2',4),(100121,'A2S12','A2S12C3',2),(100121,'A2S12','A2S12C4',2),(100121,'C3S12','C3S12C1',1),(100121,'C3S12','C3S12C2',1),(100121,'C3S12','C3S12C3',1),(100121,'C3S12','C3S12C4',1),(100121,'I1S12','I1S12C1',0),(100121,'I1S12','I1S12C2',0),(100121,'I1S12','I1S12C3',0),(100122,'A2S12','A2S12C1',4),(100122,'A2S12','A2S12C2',4),(100122,'A2S12','A2S12C3',3),(100122,'A2S12','A2S12C4',1),(100122,'A3S12','A3S12C1',3),(100122,'A3S12','A3S12C2',4),(100122,'A3S12','A3S12C3',4),(100122,'B2F11','B2F11C1',3),(100122,'B2F11','B2F11C2',2),(100122,'B2F11','B2F11C3',3),(100122,'B3F11','B3F11C1',3),(100122,'B3F11','B3F11C2',3),(100122,'B3F11','B3F11C3',3),(100122,'C2F11','C2F11C1',1),(100122,'C2F11','C2F11C2',1),(100122,'C2F11','C2F11C3',1),(100122,'C2F11','C2F11C4',1),(100122,'C3F11','C3F11C1',4),(100122,'C3F11','C3F11C2',4),(100122,'C3F11','C3F11C3',4),(100122,'C3F11','C3F11C4',4),(100122,'E2F11','E2F11C1',3),(100122,'E2F11','E2F11C2',4),(100122,'E2F11','E2F11C3',4),(100122,'E2F11','E2F11C4',2),(100122,'E2F11','E2F11C5',3),(100122,'E2F11','E2F11C6',3),(100122,'F3F11','F3F11C1',3),(100122,'F3F11','F3F11C2',4),(100122,'F3F11','F3F11C3',3),(100122,'F3F11','F3F11C4',4),(100122,'G3F11','G3F11C1',4),(100122,'G3F11','G3F11C2',4),(100122,'G3F11','G3F11C3',3),(100122,'G3F11','G3F11C4',4),(100122,'I1F11','I1F11C1',1),(100122,'I1F11','I1F11C2',1),(100122,'I1F11','I1F11C3',1),(100122,'I2F11','I2F11C1',3),(100122,'I2F11','I2F11C2',3),(100122,'I2F11','I2F11C3',2),(100122,'I2F11','I2F11C4',3),(100122,'J5F11','J5F11C1',3),(100122,'J5F11','J5F11C2',4),(100122,'J5F11','J5F11C3',4),(100122,'J5F11','J5F11C4',2),(100122,'J5F11','J5F11C5',3),(100122,'J5F11','J5F11C6',2),(100122,'K2F11','K2F11C1',3),(100122,'K2F11','K2F11C2',3),(100122,'K2F11','K2F11C3',3),(100122,'K2F11','K2F11C4',4),(100122,'K2F11','K2F11C5',3),(100123,'A3F12','A3F12C1',4),(100123,'A3F12','A3F12C2',4),(100123,'A3F12','A3F12C3',4),(100123,'B3F12','B3F12C1',4),(100123,'B3F12','B3F12C2',4),(100123,'B3F12','B3F12C3',4),(100125,'B2F12','B2F12C1',1),(100125,'B2F12','B2F12C2',1),(100125,'B2F12','B2F12C3',1),(100126,'D1F12','D1F12C1',4),(100126,'D1F12','D1F12C2',3),(100126,'D1F12','D1F12C3',4),(100126,'D1F12','D1F12C4',3),(100126,'D1F12','D1F12C5',4),(100126,'D1F12','D1F12C6',4),(100126,'E1F12','E1F12C1',4),(100126,'E1F12','E1F12C2',4),(100126,'E1F12','E1F12C3',4),(100126,'E1F12','E1F12C4',4),(100126,'E1F12','E1F12C5',4),(100126,'F1F12','F1F12C1',4),(100126,'F1F12','F1F12C2',4),(100126,'F1F12','F1F12C3',4),(100126,'F1F12','F1F12C4',4),(100126,'G1F12','G1F12C1',4),(100126,'G1F12','G1F12C2',4),(100126,'G1F12','G1F12C3',4),(100126,'H1F12','H1F12C1',4),(100126,'H1F12','H1F12C2',4),(100126,'H1F12','H1F12C3',4),(100126,'H1F12','H1F12C4',4),(100126,'J2F12','J2F12C1',2),(100126,'J2F12','J2F12C2',2),(100126,'K1F12','K1F12C1',3),(100126,'K1F12','K1F12C2',2),(100126,'K1F12','K1F12C3',2),(100127,'A2F12','A2F12C1',4),(100127,'A2F12','A2F12C2',4),(100127,'A2F12','A2F12C3',2),(100127,'A3S12','A3S12C1',4),(100127,'A3S12','A3S12C2',4),(100127,'A3S12','A3S12C3',4),(100127,'B2S12','B2S12C1',2),(100127,'B2S12','B2S12C2',2),(100127,'B2S12','B2S12C3',1),(100127,'B3S12','B3S12C1',2),(100127,'B3S12','B3S12C2',1),(100127,'B3S12','B3S12C3',2),(100129,'A1F11','A1F11C1',4),(100129,'A1F11','A1F11C2',4),(100129,'A1F11','A1F11C3',4),(100129,'A1F11','A1F11C4',4),(100129,'B1F11','B1F11C1',2),(100129,'B1F11','B1F11C2',2),(100129,'B1F11','B1F11C3',3),(100129,'C1F11','C1F11C1',3),(100129,'C1F11','C1F11C2',3),(100129,'C1F11','C1F11C3',3),(100129,'C1F11','C1F11C4',3),(100129,'C2F11','C2F11C1',4),(100129,'C2F11','C2F11C2',4),(100129,'C2F11','C2F11C3',4),(100129,'C2F11','C2F11C4',4),(100129,'D3F11','D3F11C1',4),(100129,'D3F11','D3F11C2',4),(100129,'D3F11','D3F11C3',4),(100129,'D3F11','D3F11C4',4),(100129,'E1F11','E1F11C1',3),(100129,'E1F11','E1F11C2',3),(100129,'E1F11','E1F11C3',3),(100129,'E1F11','E1F11C4',3),(100129,'E1F11','E1F11C5',4),(100129,'E2F11','E2F11C1',4),(100129,'E2F11','E2F11C2',3),(100129,'E2F11','E2F11C3',4),(100129,'E2F11','E2F11C4',3),(100129,'E2F11','E2F11C5',3),(100129,'E2F11','E2F11C6',3),(100129,'E2F11','E2F11C7',3),(100129,'E3F11','E3F11C1',3),(100129,'E3F11','E3F11C2',3),(100129,'F1F11','F1F11C1',4),(100129,'F1F11','F1F11C2',3),(100129,'F1F11','F1F11C3',4),(100129,'F1F11','F1F11C4',4),(100129,'F2F11','F2F11C1',3),(100129,'F2F11','F2F11C2',3),(100129,'F2F11','F2F11C3',3),(100129,'F2F11','F2F11C4',3),(100129,'F3F11','F3F11C1',4),(100129,'F3F11','F3F11C2',4),(100129,'F3F11','F3F11C3',4),(100129,'F3F11','F3F11C4',4),(100129,'G1F11','G1F11C1',4),(100129,'G1F11','G1F11C2',4),(100129,'G1F11','G1F11C3',2),(100129,'G2F11','G2F11C1',3),(100129,'G2F11','G2F11C2',3),(100129,'G3F11','G3F11C1',4),(100129,'G3F11','G3F11C2',4),(100129,'G3F11','G3F11C3',4),(100129,'G3F11','G3F11C4',4),(100129,'H1F11','H1F11C1',3),(100129,'H1F11','H1F11C2',3),(100129,'H1F11','H1F11C3',3),(100129,'H2F11','H2F11C1',3),(100129,'I3F11','I3F11C1',3),(100129,'I3F11','I3F11C2',4),(100129,'I3F11','I3F11C3',3),(100129,'J4F11','J4F11C1',4),(100129,'J4F11','J4F11C2',4),(100129,'J5F11','J5F11C1',3),(100129,'J5F11','J5F11C2',3),(100129,'J5F11','J5F11C3',3),(100129,'J5F11','J5F11C4',3),(100129,'J5F11','J5F11C5',3),(100129,'J5F11','J5F11C6',2),(100129,'J6F11','J6F11C1',4),(100129,'J6F11','J6F11C2',4),(100129,'J6F11','J6F11C3',2),(100129,'J6F11','J6F11C4',4),(100129,'K2F11','K2F11C1',3),(100129,'K2F11','K2F11C2',4),(100129,'K2F11','K2F11C3',4),(100129,'K2F11','K2F11C4',3),(100129,'K2F11','K2F11C5',4),(100129,'K3F11','K3F11C1',3),(100129,'K3F11','K3F11C2',4),(100129,'K3F11','K3F11C3',3),(100130,'A1F11','A1F11C1',4),(100130,'A1F11','A1F11C2',4),(100130,'A1F11','A1F11C3',4),(100130,'A1F11','A1F11C4',4),(100130,'B1F11','B1F11C1',3),(100130,'B1F11','B1F11C2',3),(100130,'B1F11','B1F11C3',4),(100130,'J6F11','J6F11C1',4),(100130,'J6F11','J6F11C2',4),(100130,'J6F11','J6F11C3',3),(100130,'J6F11','J6F11C4',4),(100133,'A2F11','A2F11C1',4),(100133,'A2F11','A2F11C2',3),(100133,'A2F11','A2F11C3',4),(100133,'A3F11','A3F11C1',4),(100133,'A3F11','A3F11C2',3),(100133,'A3F11','A3F11C3',4),(100133,'B3F11','B3F11C1',3),(100133,'B3F11','B3F11C2',3),(100133,'B3F11','B3F11C3',4),(100133,'C3F11','C3F11C1',4),(100133,'C3F11','C3F11C2',4),(100133,'C3F11','C3F11C3',3),(100133,'C3F11','C3F11C4',4),(100133,'I1F11','I1F11C1',0),(100133,'I1F11','I1F11C2',0),(100133,'I1F11','I1F11C3',0),(100133,'I2F11','I2F11C1',4),(100133,'I2F11','I2F11C2',4),(100133,'I2F11','I2F11C3',4),(100133,'I2F11','I2F11C4',4),(100134,'A1F11','A1F11C1',4),(100134,'A1F11','A1F11C2',4),(100134,'A1F11','A1F11C3',4),(100134,'A1F11','A1F11C4',4),(100134,'B1F11','B1F11C1',3),(100134,'B1F11','B1F11C2',3),(100134,'B1F11','B1F11C3',3),(100134,'C1F11','C1F11C1',3),(100134,'C1F11','C1F11C2',3),(100134,'C1F11','C1F11C3',3),(100134,'C1F11','C1F11C4',3),(100134,'C2F11','C2F11C1',4),(100134,'C2F11','C2F11C2',4),(100134,'C2F11','C2F11C3',4),(100134,'C2F11','C2F11C4',4),(100134,'D3F11','D3F11C1',4),(100134,'D3F11','D3F11C2',4),(100134,'D3F11','D3F11C3',4),(100134,'D3F11','D3F11C4',4),(100134,'E1F11','E1F11C1',3),(100134,'E1F11','E1F11C2',3),(100134,'E1F11','E1F11C3',3),(100134,'E1F11','E1F11C4',3),(100134,'E1F11','E1F11C5',3),(100134,'E2F11','E2F11C1',3),(100134,'E2F11','E2F11C2',3),(100134,'E2F11','E2F11C3',4),(100134,'E2F11','E2F11C4',3),(100134,'E2F11','E2F11C5',3),(100134,'E2F11','E2F11C6',4),(100134,'E3F11','E3F11C1',4),(100134,'E3F11','E3F11C2',4),(100134,'F1F11','F1F11C1',3),(100134,'F1F11','F1F11C2',3),(100134,'F1F11','F1F11C3',3),(100134,'F1F11','F1F11C4',3),(100134,'F2F11','F2F11C1',3),(100134,'F2F11','F2F11C2',3),(100134,'F2F11','F2F11C3',3),(100134,'F2F11','F2F11C4',3),(100134,'F3F11','F3F11C1',3),(100134,'F3F11','F3F11C2',3),(100134,'F3F11','F3F11C3',3),(100134,'F3F11','F3F11C4',2),(100134,'G1F11','G1F11C1',3),(100134,'G1F11','G1F11C2',4),(100134,'G1F11','G1F11C3',3),(100134,'G2F11','G2F11C1',3),(100134,'G2F11','G2F11C2',3),(100134,'G3F11','G3F11C1',3),(100134,'G3F11','G3F11C2',4),(100134,'G3F11','G3F11C3',3),(100134,'G3F11','G3F11C4',3),(100134,'H1F11','H1F11C1',2),(100134,'H1F11','H1F11C2',2),(100134,'H1F11','H1F11C3',2),(100134,'H2F11','H2F11C1',3),(100134,'H3F11','H3F11C1',4),(100134,'H3F11','H3F11C2',4),(100134,'H3F11','H3F11C3',3),(100134,'I3F11','I3F11C1',2),(100134,'I3F11','I3F11C2',2),(100134,'I3F11','I3F11C3',2),(100134,'J4F11','J4F11C1',2),(100134,'J4F11','J4F11C2',2),(100134,'J5F11','J5F11C1',3),(100134,'J5F11','J5F11C2',2),(100134,'J5F11','J5F11C3',3),(100134,'J5F11','J5F11C4',3),(100134,'J5F11','J5F11C5',3),(100134,'J5F11','J5F11C6',3),(100134,'J6F11','J6F11C1',4),(100134,'J6F11','J6F11C2',2),(100134,'J6F11','J6F11C3',4),(100134,'J6F11','J6F11C4',2),(100134,'K2F11','K2F11C1',3),(100134,'K2F11','K2F11C2',3),(100134,'K2F11','K2F11C3',3),(100134,'K2F11','K2F11C4',3),(100134,'K2F11','K2F11C5',2),(100134,'K3F11','K3F11C1',3),(100134,'K3F11','K3F11C2',4),(100134,'K3F11','K3F11C3',3),(100135,'E1F11','E1F11C1',4),(100135,'E1F11','E1F11C2',3),(100135,'E1F11','E1F11C3',3),(100135,'E1F11','E1F11C4',2),(100135,'E1F11','E1F11C5',3),(100135,'F1F11','F1F11C1',4),(100135,'F1F11','F1F11C2',1),(100135,'F1F11','F1F11C3',4),(100135,'F1F11','F1F11C4',3),(100135,'G1F11','G1F11C1',3),(100135,'G1F11','G1F11C2',3),(100135,'G1F11','G1F11C3',3),(100135,'H1F11','H1F11C1',4),(100135,'H1F11','H1F11C2',4),(100135,'H1F11','H1F11C3',2),(100135,'H1F11','H1F11C4',3),(100135,'H3F11','H3F11C1',4),(100135,'H3F11','H3F11C2',2),(100135,'H3F11','H3F11C3',2),(100135,'I3F11','I3F11C1',4),(100135,'I3F11','I3F11C2',4),(100135,'I3F11','I3F11C3',2),(100135,'K3F11','K3F11C1',2),(100135,'K3F11','K3F11C2',4),(100135,'K3F11','K3F11C3',4),(100137,'A1F12','A1F12C1',3),(100137,'A1F12','A1F12C2',4),(100137,'A1F12','A1F12C3',3),(100137,'A2F12','A2F12C1',4),(100137,'A2F12','A2F12C2',4),(100137,'A2F12','A2F12C3',4),(100137,'A2F12','A2F12C4',4),(100137,'B1F12','B1F12C1',3),(100137,'B1F12','B1F12C2',4),(100137,'B1F12','B1F12C3',3),(100137,'C2F12','C2F12C1',0),(100137,'C2F12','C2F12C2',0),(100137,'C2F12','C2F12C3',0),(100137,'C2F12','C2F12C4',0),(100137,'I1F12','I1F12C1',3),(100137,'I1F12','I1F12C2',4),(100137,'I1F12','I1F12C3',2),(100137,'J5F12','J5F12C1',2),(100137,'J5F12','J5F12C2',3),(100137,'J5F12','J5F12C3',3),(100137,'J5F12','J5F12C4',2),(100137,'J5F12','J5F12C5',2),(100137,'J5F12','J5F12C6',1),(100137,'J6F12','J6F12C1',1),(100137,'J6F12','J6F12C2',1),(100137,'J6F12','J6F12C3',1),(100137,'K2F12','K2F12C1',2),(100137,'K2F12','K2F12C2',3),(100137,'K2F12','K2F12C3',3),(100137,'K2F12','K2F12C4',3),(100137,'K2F12','K2F12C5',3),(100139,'A4F12','A4F12C1',3),(100139,'A4F12','A4F12C2',3),(100139,'A4F12','A4F12C3',2),(100139,'B4F12','B4F12C1',3),(100139,'B4F12','B4F12C2',3),(100139,'B4F12','B4F12C3',2),(100139,'D1F12','D1F12C1',3),(100139,'D1F12','D1F12C2',2),(100139,'D1F12','D1F12C3',2),(100139,'D1F12','D1F12C4',3),(100139,'D1F12','D1F12C5',3),(100139,'D1F12','D1F12C6',3),(100139,'E2F12','E2F12C1',2),(100139,'E2F12','E2F12C2',2),(100139,'E2F12','E2F12C3',3),(100139,'E2F12','E2F12C4',1),(100139,'E2F12','E2F12C5',2),(100139,'E2F12','E2F12C6',1),(100139,'E2F12','E2F12C7',1),(100139,'F3F12','F3F12C1',3),(100139,'F3F12','F3F12C2',2),(100139,'F3F12','F3F12C3',2),(100139,'F3F12','F3F12C4',2),(100139,'G3F12','G3F12C1',3),(100139,'G3F12','G3F12C2',4),(100139,'G3F12','G3F12C3',3),(100139,'G3F12','G3F12C4',4),(100139,'H3F12','H3F12C1',4),(100139,'H3F12','H3F12C2',3),(100139,'H3F12','H3F12C3',4),(100139,'I3F12','I3F12C1',4),(100139,'I3F12','I3F12C2',3),(100139,'I3F12','I3F12C3',2),(100139,'J1F12','J1F12C1',2),(100139,'J1F12','J1F12C2',0),(100139,'J1F12','J1F12C3',3),(100139,'J2F12','J2F12C1',2),(100139,'J2F12','J2F12C2',2),(100139,'K1F12','K1F12C1',3),(100139,'K1F12','K1F12C2',1),(100139,'K1F12','K1F12C3',2),(100139,'K3F12','K3F12C1',2),(100139,'K3F12','K3F12C2',4),(100139,'K3F12','K3F12C3',4),(100141,'A2F12','A2F12C1',4),(100141,'A2F12','A2F12C2',4),(100141,'A2F12','A2F12C3',4),(100141,'E2F12','E2F12C1',3),(100141,'E2F12','E2F12C2',3),(100141,'E2F12','E2F12C3',2),(100141,'E2F12','E2F12C4',3),(100141,'E2F12','E2F12C5',3),(100141,'E2F12','E2F12C6',2),(100141,'E2F12','E2F12C7',3),(100141,'F3F12','F3F12C1',3),(100141,'F3F12','F3F12C2',3),(100141,'F3F12','F3F12C3',2),(100141,'F3F12','F3F12C4',2),(100141,'G3F12','G3F12C1',4),(100141,'G3F12','G3F12C2',3),(100141,'G3F12','G3F12C3',4),(100141,'G3F12','G3F12C4',3),(100141,'I1F12','I1F12C1',0),(100141,'I1F12','I1F12C2',0),(100141,'I1F12','I1F12C3',0),(100142,'A2F12','A2F12C1',4),(100142,'A2F12','A2F12C2',4),(100142,'A2F12','A2F12C3',2),(100142,'A2F12','A2F12C1',2),(100142,'A2F12','A2F12C2',3),(100142,'A2F12','A2F12C3',2),(100142,'A3F12','A3F12C1',2),(100142,'A3F12','A3F12C2',3),(100142,'A3F12','A3F12C3',3),(100142,'B2F12','B2F12C1',3),(100142,'B2F12','B2F12C2',3),(100142,'B2F12','B2F12C3',3),(100142,'B2F12','B2F12C1',3),(100142,'B2F12','B2F12C2',3),(100142,'B2F12','B2F12C3',2),(100142,'B3F12','B3F12C1',3),(100142,'B3F12','B3F12C2',4),(100142,'B3F12','B3F12C3',4),(100142,'C3F12','C3F12C1',3),(100142,'C3F12','C3F12C2',3),(100142,'C3F12','C3F12C3',3),(100142,'C3F12','C3F12C4',3),(100142,'C3F12','C3F12C1',1),(100142,'C3F12','C3F12C2',2),(100142,'C3F12','C3F12C3',1),(100142,'C3F12','C3F12C4',2),(100142,'I1F12','I1F12C1',4),(100142,'I1F12','I1F12C2',3),(100142,'I1F12','I1F12C3',4),(100142,'I1F12','I1F12C1',2),(100142,'I1F12','I1F12C2',2),(100142,'I1F12','I1F12C3',3),(100142,'I2F12','I2F12C1',3),(100142,'I2F12','I2F12C2',3),(100142,'I2F12','I2F12C3',3),(100142,'I2F12','I2F12C4',2),(100142,'I2F12','I2F12C1',3),(100142,'I2F12','I2F12C2',3),(100142,'I2F12','I2F12C3',2),(100142,'I2F12','I2F12C4',4),(100143,'B2F11','B2F11C1',3),(100143,'B2F11','B2F11C2',3),(100143,'B2F11','B2F11C3',3),(100143,'C3F11','C3F11C1',4),(100143,'C3F11','C3F11C2',3),(100143,'C3F11','C3F11C3',4),(100143,'C3F11','C3F11C4',4),(100143,'I2F11','I2F11C1',3),(100143,'I2F11','I2F11C2',3),(100143,'I2F11','I2F11C3',3),(100143,'I2F11','I2F11C4',3),(100145,'A1F11','A1F11C1',4),(100145,'A1F11','A1F11C2',4),(100145,'A1F11','A1F11C3',3),(100145,'A1F11','A1F11C4',1),(100145,'B1F11','B1F11C1',1),(100145,'B1F11','B1F11C2',1),(100145,'B1F11','B1F11C3',1),(100145,'D1F11','D1F11C1',3),(100145,'D1F11','D1F11C2',2),(100145,'D1F11','D1F11C3',2),(100145,'D1F11','D1F11C4',2),(100145,'D1F11','D1F11C5',3),(100145,'D1F11','D1F11C6',2),(100145,'D2F11','D2F11C1',4),(100145,'D2F11','D2F11C2',3),(100145,'D2F11','D2F11C3',3),(100145,'D2F11','D2F11C4',3),(100145,'D2F11','D2F11C3',3),(100145,'D2F11','D2F11C6',4),(100145,'E1F11','E1F11C1',2),(100145,'E1F11','E1F11C2',2),(100145,'E1F11','E1F11C3',2),(100145,'E1F11','E1F11C4',2),(100145,'E1F11','E1F11C5',1),(100145,'E3F11','E3F11C1',4),(100145,'E3F11','E3F11C2',3),(100145,'F1F11','F1F11C1',3),(100145,'F1F11','F1F11C2',2),(100145,'F1F11','F1F11C3',1),(100145,'F1F11','F1F11C4',2),(100145,'F2F11','F2F11C1',3),(100145,'F2F11','F2F11C2',3),(100145,'F2F11','F2F11C3',3),(100145,'F2F11','F2F11C4',3),(100145,'G1F11','G1F11C1',2),(100145,'G1F11','G1F11C2',2),(100145,'G1F11','G1F11C3',1),(100145,'G2F11','G2F11C1',3),(100145,'G2F11','G2F11C2',3),(100145,'H1F11','H1F11C1',2),(100145,'H1F11','H1F11C2',2),(100145,'H1F11','H1F11C3',1),(100145,'H2F11','H2F11C1',3),(100145,'J2F11','J2F11C1',1),(100145,'J2F11','J2F11C2',1),(100145,'J3F11','J3F11C1',3),(100145,'J3F11','J3F11C2',3),(100145,'J3F11','J3F11C3',2),(100145,'J6F11','J6F11C1',3),(100145,'J6F11','J6F11C2',1),(100145,'J6F11','J6F11C3',1),(100145,'J6F11','J6F11C4',1),(100145,'K1F11','K1F11C1',1),(100145,'K1F11','K1F11C2',2),(100145,'K1F11','K1F11C3',1),(100146,'K1F11','K1F11C1',4),(100146,'K1F11','K1F11C2',4),(100146,'K1F11','K1F11C3',3),(100146,'K1F11','K1F11C4',4),(100146,'K1F11','K1F11C5',3),(100146,'E3F11','E3F11C1',4),(100146,'E3F11','E3F11C2',3),(100146,'E3F11','E3F11C1',3),(100146,'E3F11','E3F11C2',4),(100146,'E3F11','E3F11C3',4),(100146,'E3F11','E3F11C4',4),(100146,'F2F11','F2F11C1',3),(100146,'F2F11','F2F11C2',3),(100146,'F2F11','F2F11C3',3),(100146,'F2F11','F2F11C4',3),(100146,'F2F11','F2F11C1',4),(100146,'F2F11','F2F11C2',3),(100146,'F2F11','F2F11C3',4),(100146,'G2F11','G2F11C1',3),(100146,'G2F11','G2F11C2',3),(100146,'G2F11','G2F11C1',4),(100146,'G2F11','G2F11C2',4),(100146,'G2F11','G2F11C3',4),(100146,'H2F11','H2F11C1',3),(100147,'A3F11','A3F11C1',3),(100147,'A3F11','A3F11C2',3),(100147,'A3F11','A3F11C3',4),(100149,'A1F11','A1F11C1',2),(100149,'A1F11','A1F11C2',4),(100149,'A1F11','A1F11C3',4),(100149,'A1F11','A1F11C4',3),(100149,'A2F11','A2F11C1',4),(100149,'A2F11','A2F11C2',4),(100149,'A2F11','A2F11C3',2),(100149,'A2F11','A2F11C4',4),(100149,'C1F11','C1F11C1',0),(100149,'C1F11','C1F11C2',0),(100149,'C1F11','C1F11C3',0),(100149,'C1F11','C1F11C4',0),(100149,'C2F11','C2F11C1',0),(100149,'C2F11','C2F11C2',0),(100149,'C2F11','C2F11C3',0),(100149,'C2F11','C2F11C4',0),(100149,'D3F11','D3F11C1',3),(100149,'D3F11','D3F11C2',4),(100149,'D3F11','D3F11C3',3),(100149,'D3F11','D3F11C4',3),(100149,'H3S12','H3S12C1',4),(100149,'H3S12','H3S12C2',4),(100149,'H3S12','H3S12C3',3),(100149,'I1S12','I1S12C1',3),(100149,'I1S12','I1S12C2',1),(100149,'I1S12','I1S12C3',2),(100149,'I3S12','I3S12C1',2),(100149,'I3S12','I3S12C2',1),(100149,'I3S12','I3S12C3',1),(100149,'J4S12','J4S12C1',4),(100149,'J4S12','J4S12C2',3),(100149,'J5S12','J5S12C1',2),(100149,'J5S12','J5S12C2',2),(100149,'J5S12','J5S12C3',2),(100149,'J5S12','J5S12C4',3),(100149,'J5S12','J5S12C5',3),(100149,'J5S12','J5S12C6',2),(100149,'J6F11','J6F11C1',3),(100149,'J6F11','J6F11C2',1),(100149,'J6F11','J6F11C3',2),(100149,'J6F11','J6F11C4',1),(100149,'K2F11','K2F11C1',2),(100149,'K2F11','K2F11C2',2),(100149,'K2F11','K2F11C3',2),(100149,'K2F11','K2F11C4',2),(100149,'K2F11','K2F11C5',3),(100149,'K3S12','K3S12C1',3),(100149,'K3S12','K3S12C2',4),(100149,'K3S12','K3S12C3',4),(100150,'A1S12','A1S12C1',4),(100150,'A1S12','A1S12C2',4),(100150,'A1S12','A1S12C3',3),(100150,'A1S12','A1S12C4',3),(100150,'B1S12','B1S12C1',2),(100150,'B1S12','B1S12C2',3),(100150,'B1S12','B1S12C3',3),(100150,'D1S12','D1S12C1',3),(100150,'D1S12','D1S12C2',3),(100150,'D1S12','D1S12C3',3),(100150,'D1S12','D1S12C4',3),(100150,'D1S12','D1S12C5',3),(100150,'D1S12','D1S12C6',3),(100150,'E1S12','E1S12C1',4),(100150,'E1S12','E1S12C2',4),(100150,'E1S12','E1S12C3',4),(100150,'E1S12','E1S12C4',4),(100150,'E1S12','E1S12C5',4),(100150,'E2S12','E2S12C1',4),(100150,'E2S12','E2S12C2',4),(100150,'E2S12','E2S12C3',4),(100150,'E2S12','E2S12C4',3),(100150,'E2S12','E2S12C5',4),(100150,'E2S12','E2S12C6',4),(100150,'E2S12','E2S12C7',4),(100150,'F1S12','F1S12C1',4),(100150,'F1S12','F1S12C2',1),(100150,'F1S12','F1S12C3',4),(100150,'F1S12','F1S12C4',4),(100150,'F3S12','F3S12C1',4),(100150,'F3S12','F3S12C2',3),(100150,'F3S12','F3S12C3',3),(100150,'F3S12','F3S12C4',3),(100150,'G1S12','G1S12C1',4),(100150,'G1S12','G1S12C2',4),(100150,'G1S12','G1S12C3',3),(100150,'G3S12','G3S12C1',3),(100150,'G3S12','G3S12C2',4),(100150,'G3S12','G3S12C3',3),(100150,'G3S12','G3S12C4',3),(100150,'H1S12','H1S12C1',4),(100150,'H1S12','H1S12C2',4),(100150,'H1S12','H1S12C3',4),(100150,'H1S12','H1S12C4',4),(100150,'J2S12','J2S12C1',2),(100150,'J2S12','J2S12C2',3),(100150,'J6S12','J6S12C1',4),(100150,'J6S12','J6S12C2',4),(100150,'J6S12','J6S12C3',3),(100150,'J6S12','J6S12C4',4),(100150,'K1S12','K1S12C1',2),(100150,'K1S12','K1S12C2',2),(100150,'K1S12','K1S12C3',2),(100151,'A1S12','A1S12C1',4),(100151,'A1S12','A1S12C2',4),(100151,'A1S12','A1S12C3',4),(100151,'A1S12','A1S12C4',3),(100151,'B1S12','B1S12C1',4),(100151,'B1S12','B1S12C2',3),(100151,'B1S12','B1S12C3',4),(100151,'C1S12','C1S12C1',4),(100151,'C1S12','C1S12C2',4),(100151,'C1S12','C1S12C3',4),(100151,'C1S12','C1S12C4',4),(100151,'D3S12','D3S12C1',4),(100151,'D3S12','D3S12C2',4),(100151,'D3S12','D3S12C3',4),(100151,'D3S12','D3S12C4',4),(100151,'E1S12','E1S12C1',4),(100151,'E1S12','E1S12C2',4),(100151,'E1S12','E1S12C3',4),(100151,'E1S12','E1S12C4',4),(100151,'E1S12','E1S12C5',4),(100151,'F1S12','F1S12C1',4),(100151,'F1S12','F1S12C2',4),(100151,'F1S12','F1S12C3',4),(100151,'F1S12','F1S12C4',4),(100151,'G1S12','G1S12C1',4),(100151,'G1S12','G1S12C2',4),(100151,'G1S12','G1S12C3',4),(100151,'H1S12','H1S12C1',4),(100151,'H1S12','H1S12C2',4),(100151,'H1S12','H1S12C3',4),(100151,'H1S12','H1S12C4',4),(100151,'J4S12','J4S12C1',4),(100151,'J4S12','J4S12C2',4),(100151,'J6S12','J6S12C1',4),(100151,'J6S12','J6S12C2',4),(100151,'J6S12','J6S12C3',2),(100151,'J6S12','J6S12C4',2),(100153,'E1S12','E1S12C1',4),(100153,'E1S12','E1S12C2',4),(100153,'E1S12','E1S12C3',4),(100153,'E1S12','E1S12C4',3),(100153,'E1S12','E1S12C5',2),(100153,'F1S12','F1S12C1',4),(100153,'F1S12','F1S12C2',4),(100153,'F1S12','F1S12C3',4),(100153,'F1S12','F1S12C4',3),(100153,'G1S12','G1S12C1',4),(100153,'G1S12','G1S12C2',2),(100153,'G1S12','G1S12C3',2),(100153,'H1S12','H1S12C1',4),(100153,'H1S12','H1S12C2',4),(100153,'H1S12','H1S12C3',4),(100153,'H1S12','H1S12C4',4),(100154,'C3S12','C3S12C1',3),(100154,'C3S12','C3S12C2',4),(100154,'C3S12','C3S12C3',4),(100154,'C3S12','C3S12C4',4),(100155,'A2S12','A2S12C1',4),(100155,'A2S12','A2S12C2',4),(100155,'A2S12','A2S12C3',4),(100155,'B2S12','B2S12C1',3),(100155,'B2S12','B2S12C2',3),(100155,'B2S12','B2S12C3',3),(100156,'A1S12','A1S12C1',0),(100156,'A1S12','A1S12C2',0),(100156,'A1S12','A1S12C3',0),(100156,'A1S12','A1S12C4',0),(100156,'E1S12','E1S12C1',3),(100156,'E1S12','E1S12C2',2),(100156,'E1S12','E1S12C3',2),(100156,'E1S12','E1S12C4',2),(100156,'E1S12','E1S12C5',3),(100156,'E3S12','E3S12C1',4),(100156,'E3S12','E3S12C2',4),(100156,'F1S12','F1S12C1',4),(100156,'F1S12','F1S12C2',3),(100156,'F1S12','F1S12C3',3),(100156,'F1S12','F1S12C4',4),(100156,'F2S12','F2S12C1',4),(100156,'F2S12','F2S12C2',4),(100156,'F2S12','F2S12C3',4),(100156,'F2S12','F2S12C4',3),(100156,'G1S12','G1S12C1',4),(100156,'G1S12','G1S12C2',4),(100156,'G1S12','G1S12C3',1),(100156,'G2S12','G2S12C1',3),(100156,'G2S12','G2S12C2',4),(100156,'H1S12','H1S12C1',4),(100156,'H1S12','H1S12C2',3),(100156,'H1S12','H1S12C3',2),(100156,'H2S12','H2S12C1',3),(100156,'H3S12','H3S12C1',4),(100156,'H3S12','H3S12C2',3),(100156,'H3S12','H3S12C3',2),(100156,'I3S12','I3S12C1',2),(100156,'I3S12','I3S12C2',1),(100156,'I3S12','I3S12C3',2),(100156,'K3S12','K3S12C1',2),(100156,'K3S12','K3S12C2',4),(100156,'K3S12','K3S12C3',4),(100159,'A4S12','A4S12C1',3),(100159,'A4S12','A4S12C2',2),(100159,'A4S12','A4S12C3',2),(100159,'B4S12','B4S12C1',1),(100159,'B4S12','B4S12C2',2),(100159,'B4S12','B4S12C3',2),(100159,'D2S12','D2S12C1',4),(100159,'D2S12','D2S12C2',3),(100159,'D2S12','D2S12C3',3),(100159,'D2S12','D2S12C4',2),(100159,'D2S12','D2S12C3',3),(100159,'D2S12','D2S12C6',3),(100159,'E1S12','E1S12C1',3),(100159,'E1S12','E1S12C2',2),(100159,'E1S12','E1S12C3',2),(100159,'E1S12','E1S12C4',2),(100159,'E1S12','E1S12C5',2),(100159,'E3S12','E3S12C1',4),(100159,'E3S12','E3S12C2',3),(100159,'F1S12','F1S12C1',3),(100159,'F1S12','F1S12C2',1),(100159,'F1S12','F1S12C3',3),(100159,'F1S12','F1S12C4',3),(100159,'F2S12','F2S12C1',3),(100159,'F2S12','F2S12C2',3),(100159,'F2S12','F2S12C3',3),(100159,'F2S12','F2S12C4',4),(100159,'G1S12','G1S12C1',2),(100159,'G1S12','G1S12C2',2),(100159,'G1S12','G1S12C3',2),(100159,'G2S12','G2S12C1',3),(100159,'G2S12','G2S12C2',3),(100159,'H1S12','H1S12C1',3),(100159,'H1S12','H1S12C2',3),(100159,'H1S12','H1S12C3',3),(100159,'H2S12','H2S12C1',4),(100159,'I3S12','I3S12C1',2),(100159,'I3S12','I3S12C2',2),(100159,'I3S12','I3S12C3',2),(100159,'J1S12','J1S12C1',1),(100159,'J1S12','J1S12C2',1),(100159,'J1S12','J1S12C3',2),(100159,'J3S12','J3S12C1',4),(100159,'J3S12','J3S12C2',4),(100159,'J3S12','J3S12C3',3),(100159,'K3S12','K3S12C1',3),(100159,'K3S12','K3S12C2',4),(100159,'K3S12','K3S12C3',4),(100160,'A3F12','A3F12C1',4),(100160,'A3F12','A3F12C2',4),(100160,'A3F12','A3F12C3',4),(100162,'A2F12','A2F12C1',4),(100162,'A2F12','A2F12C2',4),(100162,'A2F12','A2F12C3',2),(100162,'B2F12','B2F12C1',2),(100162,'B2F12','B2F12C2',3),(100162,'B2F12','B2F12C3',3),(100162,'C2F12','C2F12C1',3),(100162,'C2F12','C2F12C2',3),(100162,'C2F12','C2F12C3',3),(100162,'C2F12','C2F12C4',2),(100162,'C3F12','C3F12C1',4),(100162,'C3F12','C3F12C2',3),(100162,'C3F12','C3F12C3',2),(100162,'C3F12','C3F12C4',2),(100162,'I1F12','I1F12C1',2),(100162,'I1F12','I1F12C2',2),(100162,'I1F12','I1F12C3',3),(100162,'I2F12','I2F12C1',3),(100162,'I2F12','I2F12C2',3),(100162,'I2F12','I2F12C3',3),(100162,'I2F12','I2F12C4',3),(100162,'J5F12','J5F12C1',3),(100162,'J5F12','J5F12C2',3),(100162,'J5F12','J5F12C3',3),(100162,'J5F12','J5F12C4',3),(100162,'J5F12','J5F12C5',3),(100162,'J5F12','J5F12C6',3),(100162,'K2F12','K2F12C1',1),(100162,'K2F12','K2F12C2',1),(100162,'K2F12','K2F12C3',1),(100162,'K2F12','K2F12C4',1),(100162,'K2F12','K2F12C5',1),(100163,'A2F12','A2F12C1',4),(100163,'A2F12','A2F12C2',4),(100163,'A2F12','A2F12C3',2),(100163,'A2F12','A2F12C4',3),(100163,'C2F12','C2F12C1',3),(100163,'C2F12','C2F12C2',2),(100163,'C2F12','C2F12C3',3),(100163,'C2F12','C2F12C4',3),(100163,'I1F12','I1F12C1',3),(100163,'I1F12','I1F12C2',4),(100163,'I1F12','I1F12C3',2),(100163,'J5F12','J5F12C1',4),(100163,'J5F12','J5F12C2',3),(100163,'J5F12','J5F12C3',3),(100163,'J5F12','J5F12C4',4),(100163,'J5F12','J5F12C5',4),(100163,'J5F12','J5F12C6',3),(100163,'K2F12','K2F12C1',3),(100163,'K2F12','K2F12C2',3),(100163,'K2F12','K2F12C3',4),(100163,'K2F12','K2F12C4',4),(100163,'K2F12','K2F12C5',3),(100164,'A2F12','A2F12C1',4),(100164,'A2F12','A2F12C2',4),(100164,'A2F12','A2F12C3',2),(100164,'A2F12','A2F12C1',3),(100164,'A2F12','A2F12C2',4),(100164,'A2F12','A2F12C3',2),(100164,'A2F12','A2F12C4',2),(100164,'B2F12','B2F12C1',3),(100164,'B2F12','B2F12C2',2),(100164,'B2F12','B2F12C3',2),(100164,'C2F11','C2F11C1',4),(100164,'C2F11','C2F11C2',4),(100164,'C2F11','C2F11C3',3),(100164,'C2F11','C2F11C4',1),(100164,'C3F11','C3F11C1',4),(100164,'C3F11','C3F11C2',3),(100164,'C3F11','C3F11C3',4),(100164,'C3F11','C3F11C4',2),(100164,'I1F11','I1F11C1',1),(100164,'I1F11','I1F11C2',1),(100164,'I1F11','I1F11C3',1),(100164,'I1F11','I1F11C1',0),(100164,'I1F11','I1F11C2',0),(100164,'I1F11','I1F11C3',0),(100164,'I2F11','I2F11C1',2),(100164,'I2F11','I2F11C2',4),(100164,'I2F11','I2F11C3',2),(100164,'I2F11','I2F11C4',3),(100164,'K2F11','K2F11C1',2),(100164,'K2F11','K2F11C2',3),(100164,'K2F11','K2F11C3',2),(100164,'K2F11','K2F11C4',2),(100164,'K2F11','K2F11C5',2),(100165,'A2F11','A2F11C1',3),(100165,'A2F11','A2F11C2',4),(100165,'A2F11','A2F11C3',2),(100165,'A2F11','A2F11C4',1),(100165,'A3F11','A3F11C1',3),(100165,'A3F11','A3F11C2',3),(100165,'A3F11','A3F11C3',3),(100165,'B2F11','B2F11C1',2),(100165,'B2F11','B2F11C2',1),(100165,'B2F11','B2F11C3',3),(100165,'B3F11','B3F11C1',4),(100165,'B3F11','B3F11C2',4),(100165,'B3F11','B3F11C3',3),(100165,'C2F11','C2F11C1',3),(100165,'C2F11','C2F11C2',3),(100165,'C2F11','C2F11C3',3),(100165,'C2F11','C2F11C4',4),(100165,'C3F11','C3F11C1',4),(100165,'C3F11','C3F11C2',4),(100165,'C3F11','C3F11C3',4),(100165,'C3F11','C3F11C4',4),(100165,'I1F11','I1F11C1',3),(100165,'I1F11','I1F11C2',3),(100165,'I1F11','I1F11C3',2),(100165,'I2F11','I2F11C1',3),(100165,'I2F11','I2F11C2',3),(100165,'I2F11','I2F11C3',2),(100165,'I2F11','I2F11C4',3),(100165,'J5F11','J5F11C1',4),(100165,'J5F11','J5F11C2',4),(100165,'J5F11','J5F11C3',4),(100165,'J5F11','J5F11C4',3),(100165,'J5F11','J5F11C5',3),(100165,'J5F11','J5F11C6',2),(100165,'K2F11','K2F11C1',3),(100165,'K2F11','K2F11C2',4),(100165,'K2F11','K2F11C3',4),(100165,'K2F11','K2F11C4',3),(100165,'K2F11','K2F11C5',3),(100166,'A2F11','A2F11C1',4),(100166,'A2F11','A2F11C2',4),(100166,'A2F11','A2F11C3',2),(100166,'A2F11','A2F11C4',1),(100166,'B2F11','B2F11C1',3),(100166,'B2F11','B2F11C2',2),(100166,'B2F11','B2F11C3',4),(100166,'C1F11','C1F11C1',3),(100166,'C1F11','C1F11C2',3),(100166,'C1F11','C1F11C3',3),(100166,'C1F11','C1F11C4',1),(100166,'C2F11','C2F11C1',4),(100166,'C2F11','C2F11C2',4),(100166,'C2F11','C2F11C3',4),(100166,'C2F11','C2F11C4',3),(100166,'D3F11','D3F11C1',4),(100166,'D3F11','D3F11C2',4),(100166,'D3F11','D3F11C3',4),(100166,'D3F11','D3F11C4',4),(100166,'I1F11','I1F11C1',3),(100166,'I1F11','I1F11C2',3),(100166,'I1F11','I1F11C3',2),(100166,'I2F11','I2F11C1',3),(100166,'I2F11','I2F11C2',3),(100166,'I2F11','I2F11C3',4),(100166,'I2F11','I2F11C4',3),(100166,'J4F11','J4F11C1',2),(100166,'J4F11','J4F11C2',2),(100166,'J5F11','J5F11C1',4),(100166,'J5F11','J5F11C2',2),(100166,'J5F11','J5F11C3',2),(100166,'J5F11','J5F11C4',2),(100166,'J5F11','J5F11C5',2),(100166,'J5F11','J5F11C6',3),(100166,'K2F11','K2F11C1',1),(100166,'K2F11','K2F11C2',1),(100166,'K2F11','K2F11C3',1),(100166,'K2F11','K2F11C4',1),(100166,'K2F11','K2F11C5',1),(100167,'A2F11','A2F11C1',4),(100167,'A2F11','A2F11C2',4),(100167,'A2F11','A2F11C3',2),(100167,'A3F11','A3F11C1',4),(100167,'A3F11','A3F11C2',4),(100167,'A3F11','A3F11C3',4),(100167,'B3F11','B3F11C1',4),(100167,'B3F11','B3F11C2',3),(100167,'B3F11','B3F11C3',3),(100167,'C2F12','C2F12C1',2),(100167,'C2F12','C2F12C2',3),(100167,'C2F12','C2F12C3',2),(100167,'C2F12','C2F12C4',1),(100167,'C3F12','C3F12C1',4),(100167,'C3F12','C3F12C2',3),(100167,'C3F12','C3F12C3',3),(100167,'C3F12','C3F12C4',3),(100167,'I1F12','I1F12C1',2),(100167,'I1F12','I1F12C2',2),(100167,'I1F12','I1F12C3',1),(100167,'I2F12','I2F12C1',1),(100167,'I2F12','I2F12C2',1),(100167,'I2F12','I2F12C3',1),(100167,'I2F12','I2F12C4',1),(100167,'J5F12','J5F12C1',4),(100167,'J5F12','J5F12C2',3),(100167,'J5F12','J5F12C3',3),(100167,'J5F12','J5F12C4',3),(100167,'J5F12','J5F12C5',3),(100167,'J5F12','J5F12C6',3),(100167,'K2F12','K2F12C1',3),(100167,'K2F12','K2F12C2',3),(100167,'K2F12','K2F12C3',3),(100167,'K2F12','K2F12C4',3),(100167,'K2F12','K2F12C5',3),(100168,'A2F12','A2F12C1',4),(100168,'A2F12','A2F12C2',4),(100168,'A2F12','A2F12C3',2),(100168,'A3F12','A3F12C1',3),(100168,'A3F12','A3F12C2',3),(100168,'A3F12','A3F12C3',3),(100168,'B2F12','B2F12C1',3),(100168,'B2F12','B2F12C2',3),(100168,'B2F12','B2F12C3',1),(100168,'B3F12','B3F12C1',4),(100168,'B3F12','B3F12C2',4),(100168,'B3F12','B3F12C3',4),(100168,'C2F12','C2F12C1',2),(100168,'C2F12','C2F12C2',3),(100168,'C2F12','C2F12C3',2),(100168,'C2F12','C2F12C4',2),(100168,'C3F12','C3F12C1',3),(100168,'C3F12','C3F12C2',3),(100168,'C3F12','C3F12C3',2),(100168,'C3F12','C3F12C4',2),(100168,'I1F12','I1F12C1',2),(100168,'I1F12','I1F12C2',2),(100168,'I1F12','I1F12C3',3),(100168,'I2F12','I2F12C1',3),(100168,'I2F12','I2F12C2',4),(100168,'I2F12','I2F12C3',1),(100168,'I2F12','I2F12C4',4),(100168,'J5F12','J5F12C1',4),(100168,'J5F12','J5F12C2',1),(100168,'J5F12','J5F12C3',1),(100168,'J5F12','J5F12C4',1),(100168,'J5F12','J5F12C5',1),(100168,'J5F12','J5F12C6',4),(100168,'K2F12','K2F12C1',3),(100168,'K2F12','K2F12C2',3),(100168,'K2F12','K2F12C3',3),(100168,'K2F12','K2F12C4',3),(100168,'K2F12','K2F12C5',1),(100169,'A2F12','A2F12C1',4),(100169,'A2F12','A2F12C2',4),(100169,'A2F12','A2F12C3',2),(100169,'A2F12','A2F12C1',3),(100169,'A2F12','A2F12C2',3),(100169,'A2F12','A2F12C3',2),(100169,'A2F12','A2F12C4',1),(100169,'B2F12','B2F12C1',1),(100169,'B2F12','B2F12C2',2),(100169,'B2F12','B2F12C3',2),(100169,'B2F11','B2F11C1',3),(100169,'B2F11','B2F11C2',2),(100169,'B2F11','B2F11C3',3),(100169,'C3F11','C3F11C1',4),(100169,'C3F11','C3F11C2',3),(100169,'C3F11','C3F11C3',2),(100169,'C3F11','C3F11C4',2),(100169,'E2F11','E2F11C1',2),(100169,'E2F11','E2F11C2',2),(100169,'E2F11','E2F11C3',3),(100169,'E2F11','E2F11C4',2),(100169,'E2F11','E2F11C5',2),(100169,'E2F11','E2F11C6',2),(100169,'F3F11','F3F11C1',2),(100169,'F3F11','F3F11C2',1),(100169,'F3F11','F3F11C3',1),(100169,'F3F11','F3F11C4',1),(100169,'G3F11','G3F11C1',2),(100169,'G3F11','G3F11C2',3),(100169,'G3F11','G3F11C3',2),(100169,'G3F11','G3F11C4',3),(100169,'I2F11','I2F11C1',3),(100169,'I2F11','I2F11C2',4),(100169,'I2F11','I2F11C3',1),(100169,'I2F11','I2F11C4',4),(100170,'A2F11','A2F11C1',4),(100170,'A2F11','A2F11C2',4),(100170,'A2F11','A2F11C3',3),(100170,'A2F11','A2F11C4',3),(100170,'A2F11','A2F11C1',1),(100170,'A2F11','A2F11C2',1),(100170,'A2F11','A2F11C3',2),(100170,'A3F11','A3F11C1',2),(100170,'A3F11','A3F11C2',3),(100170,'A3F11','A3F11C3',3),(100170,'B2F11','B2F11C1',4),(100170,'B2F11','B2F11C2',4),(100170,'B2F11','B2F11C3',4),(100170,'B3F11','B3F11C1',3),(100170,'B3F11','B3F11C2',1),(100170,'B3F11','B3F11C3',3),(100170,'I1F11','I1F11C1',3),(100170,'I1F11','I1F11C2',4),(100170,'I1F11','I1F11C3',4),(100170,'I2F11','I2F11C1',4),(100170,'I2F11','I2F11C2',4),(100170,'I2F11','I2F11C3',4),(100170,'I2F11','I2F11C4',4),(100171,'A2F11','A2F11C1',3),(100171,'A2F11','A2F11C2',3),(100171,'A2F11','A2F11C3',2),(100171,'A2F11','A2F11C4',1),(100171,'A3F11','A3F11C1',3),(100171,'A3F11','A3F11C2',4),(100171,'A3F11','A3F11C3',3),(100171,'B2F11','B2F11C1',3),(100171,'B2F11','B2F11C2',2),(100171,'B2F11','B2F11C3',3),(100171,'B3F11','B3F11C1',3),(100171,'B3F11','B3F11C2',3),(100171,'B3F11','B3F11C3',4),(100171,'C2F11','C2F11C1',3),(100171,'C2F11','C2F11C2',3),(100171,'C2F11','C2F11C3',3),(100171,'C2F11','C2F11C4',4),(100171,'C3F11','C3F11C1',4),(100171,'C3F11','C3F11C2',3),(100171,'C3F11','C3F11C3',4),(100171,'C3F11','C3F11C4',4),(100171,'E2F11','E2F11C1',4),(100171,'E2F11','E2F11C2',3),(100171,'E2F11','E2F11C3',4),(100171,'E2F11','E2F11C4',4),(100171,'E2F11','E2F11C5',3),(100171,'E2F11','E2F11C6',4),(100171,'E3F11','E3F11C1',4),(100171,'E3F11','E3F11C2',4),(100171,'F2F11','F2F11C1',4),(100171,'F2F11','F2F11C2',3),(100171,'F2F11','F2F11C3',3),(100171,'F2F11','F2F11C4',3),(100171,'F3F11','F3F11C1',3),(100171,'F3F11','F3F11C2',3),(100171,'F3F11','F3F11C3',3),(100171,'F3F11','F3F11C4',3),(100171,'G2F11','G2F11C1',3),(100171,'G2F11','G2F11C2',3),(100171,'G3F11','G3F11C1',3),(100171,'G3F11','G3F11C2',3),(100171,'G3F11','G3F11C3',2),(100171,'G3F11','G3F11C4',3),(100171,'H2F11','H2F11C1',3),(100171,'I1F11','I1F11C1',3),(100171,'I1F11','I1F11C2',3),(100171,'I1F11','I1F11C3',2),(100171,'I2F11','I2F11C1',3),(100171,'I2F11','I2F11C2',3),(100171,'I2F11','I2F11C3',3),(100171,'I2F11','I2F11C4',3),(100171,'J5F11','J5F11C1',4),(100171,'J5F11','J5F11C2',4),(100171,'J5F11','J5F11C3',4),(100171,'J5F11','J5F11C4',3),(100171,'J5F11','J5F11C5',3),(100171,'J5F11','J5F11C6',2),(100172,'C1F11','C1F11C1',3),(100172,'C1F11','C1F11C2',3),(100172,'C1F11','C1F11C3',3),(100172,'C1F11','C1F11C4',3),(100172,'C2F11','C2F11C1',4),(100172,'C2F11','C2F11C2',4),(100172,'C2F11','C2F11C3',4),(100172,'C2F11','C2F11C4',4),(100172,'D3F11','D3F11C1',4),(100172,'D3F11','D3F11C2',3),(100172,'D3F11','D3F11C3',3),(100172,'D3F11','D3F11C4',4),(100172,'E1F11','E1F11C1',2),(100172,'E1F11','E1F11C2',3),(100172,'E1F11','E1F11C3',3),(100172,'E1F11','E1F11C4',2),(100172,'E1F11','E1F11C5',3),(100172,'E2F11','E2F11C1',3),(100172,'E2F11','E2F11C2',2),(100172,'E2F11','E2F11C3',4),(100172,'E2F11','E2F11C4',2),(100172,'E2F11','E2F11C5',2),(100172,'E2F11','E2F11C6',2),(100172,'E2F11','E2F11C7',2),(100172,'E3F11','E3F11C1',4),(100172,'E3F11','E3F11C2',2),(100172,'F1F11','F1F11C1',3),(100172,'F1F11','F1F11C2',3),(100172,'F1F11','F1F11C3',3),(100172,'F1F11','F1F11C4',3),(100172,'F2F11','F2F11C1',3),(100172,'F2F11','F2F11C2',2),(100172,'F2F11','F2F11C3',2),(100172,'F2F11','F2F11C4',2),(100172,'F3F11','F3F11C1',3),(100172,'F3F11','F3F11C2',2),(100172,'F3F11','F3F11C3',2),(100172,'F3F11','F3F11C4',3),(100172,'G1F11','G1F11C1',3),(100172,'G1F11','G1F11C2',3),(100172,'G1F11','G1F11C3',2),(100172,'G2F11','G2F11C1',2),(100172,'G2F11','G2F11C2',3),(100172,'G3F11','G3F11C1',3),(100172,'G3F11','G3F11C2',4),(100172,'G3F11','G3F11C3',3),(100172,'G3F11','G3F11C4',3),(100172,'H1F11','H1F11C1',3),(100172,'H1F11','H1F11C2',3),(100172,'H1F11','H1F11C3',2),(100172,'H2F11','H2F11C1',2),(100172,'I3F11','I3F11C1',2),(100172,'I3F11','I3F11C2',2),(100172,'I3F11','I3F11C3',2),(100172,'J4F11','J4F11C1',1),(100172,'J4F11','J4F11C2',2),(100172,'J5F11','J5F11C1',3),(100172,'J5F11','J5F11C2',2),(100172,'J5F11','J5F11C3',3),(100172,'J5F11','J5F11C4',3),(100172,'J5F11','J5F11C5',3),(100172,'J5F11','J5F11C6',3),(100172,'K2F11','K2F11C1',3),(100172,'K2F11','K2F11C2',3),(100172,'K2F11','K2F11C3',3),(100172,'K2F11','K2F11C4',3),(100172,'K2F11','K2F11C5',2),(100172,'K3F11','K3F11C1',3),(100172,'K3F11','K3F11C2',4),(100172,'K3F11','K3F11C3',4),(100173,'A1F11','A1F11C1',4),(100173,'A1F11','A1F11C2',4),(100173,'A1F11','A1F11C3',4),(100173,'A1F11','A1F11C4',3),(100173,'B1F11','B1F11C1',3),(100173,'B1F11','B1F11C2',4),(100173,'B1F11','B1F11C3',4),(100173,'D1F11','D1F11C1',2),(100173,'D1F11','D1F11C2',3),(100173,'D1F11','D1F11C3',3),(100173,'D1F11','D1F11C4',3),(100173,'D1F11','D1F11C5',3),(100173,'D1F11','D1F11C6',3),(100173,'E2F11','E2F11C1',4),(100173,'E2F11','E2F11C2',4),(100173,'E2F11','E2F11C3',3),(100173,'E2F11','E2F11C4',4),(100173,'E2F11','E2F11C5',4),(100173,'E2F11','E2F11C6',4),(100173,'E2F11','E2F11C7',4),(100173,'E3F11','E3F11C1',4),(100173,'E3F11','E3F11C2',3),(100173,'F2F11','F2F11C1',3),(100173,'F2F11','F2F11C2',3),(100173,'F2F11','F2F11C3',3),(100173,'F2F11','F2F11C4',3),(100173,'F3F11','F3F11C1',3),(100173,'F3F11','F3F11C2',1),(100173,'F3F11','F3F11C3',1),(100173,'F3F11','F3F11C4',2),(100173,'G2F11','G2F11C1',3),(100173,'G2F11','G2F11C2',3),(100173,'G3F11','G3F11C1',4),(100173,'G3F11','G3F11C2',4),(100173,'G3F11','G3F11C3',4),(100173,'G3F11','G3F11C4',3),(100173,'H2F11','H2F11C1',3),(100173,'J2F11','J2F11C1',2),(100173,'J2F11','J2F11C2',2),(100173,'J6F11','J6F11C1',4),(100173,'J6F11','J6F11C2',1),(100173,'J6F11','J6F11C3',4),(100173,'J6F11','J6F11C4',2),(100173,'K1F11','K1F11C1',2),(100173,'K1F11','K1F11C2',2),(100173,'K1F11','K1F11C3',3),(100175,'A3F11','A3F11C1',4),(100175,'A3F11','A3F11C2',3),(100175,'A3F11','A3F11C3',3),(100175,'B3F11','B3F11C1',3),(100175,'B3F11','B3F11C2',2),(100175,'B3F11','B3F11C3',3),(100176,'B2F11','B2F11C1',3),(100176,'B2F11','B2F11C2',3),(100176,'B2F11','B2F11C3',3),(100176,'C3F11','C3F11C1',3),(100176,'C3F11','C3F11C2',2),(100176,'C3F11','C3F11C3',3),(100176,'C3F11','C3F11C4',3),(100176,'I2F11','I2F11C1',3),(100176,'I2F11','I2F11C2',3),(100176,'I2F11','I2F11C3',3),(100176,'I2F11','I2F11C4',3),(100177,'A2F11','A2F11C1',1),(100177,'A2F11','A2F11C2',4),(100177,'A2F11','A2F11C3',2),(100177,'A2F11','A2F11C4',1),(100177,'C2F11','C2F11C1',0),(100177,'C2F11','C2F11C2',0),(100177,'C2F11','C2F11C3',0),(100177,'C2F11','C2F11C4',0),(100177,'I1F11','I1F11C1',0),(100177,'I1F11','I1F11C2',0),(100177,'I1F11','I1F11C3',0),(100180,'A2F11','A2F11C1',4),(100180,'A2F11','A2F11C2',4),(100180,'A2F11','A2F11C3',4),(100180,'A3F11','A3F11C1',2),(100180,'A3F11','A3F11C2',2),(100180,'A3F11','A3F11C3',1),(100180,'B2F11','B2F11C1',2),(100180,'B2F11','B2F11C2',3),(100180,'B2F11','B2F11C3',2),(100180,'B3F11','B3F11C1',4),(100180,'B3F11','B3F11C2',4),(100180,'B3F11','B3F11C3',4),(100180,'C3F11','C3F11C1',3),(100180,'C3F11','C3F11C2',3),(100180,'C3F11','C3F11C3',3),(100180,'C3F11','C3F11C4',3),(100180,'I1F11','I1F11C1',3),(100180,'I1F11','I1F11C2',4),(100180,'I1F11','I1F11C3',4),(100180,'I2F11','I2F11C1',3),(100180,'I2F11','I2F11C2',3),(100180,'I2F11','I2F11C3',3),(100180,'I2F11','I2F11C4',2),(100183,'A3F11','A3F11C1',0),(100183,'A3F11','A3F11C2',0),(100183,'A3F11','A3F11C3',0),(100184,'A1F11','A1F11C1',4),(100184,'A1F11','A1F11C2',4),(100184,'A1F11','A1F11C3',1),(100184,'A1F11','A1F11C4',1),(100184,'B1F11','B1F11C1',1),(100184,'B1F11','B1F11C2',1),(100184,'B1F11','B1F11C3',1),(100184,'B1F11','B1F11C1',2),(100184,'B1F11','B1F11C2',2),(100184,'B1F11','B1F11C3',3),(100184,'B1F11','B1F11C4',2),(100184,'B1F11','B1F11C5',2),(100184,'E3F11','E3F11C1',4),(100184,'E3F11','E3F11C2',4),(100184,'E3F11','E3F11C1',3),(100184,'E3F11','E3F11C2',3),(100184,'E3F11','E3F11C3',3),(100184,'E3F11','E3F11C4',4),(100184,'F2F11','F2F11C1',4),(100184,'F2F11','F2F11C2',3),(100184,'F2F11','F2F11C3',3),(100184,'F2F11','F2F11C4',3),(100184,'F2F11','F2F11C1',3),(100184,'F2F11','F2F11C2',3),(100184,'F2F11','F2F11C3',3),(100184,'G2F11','G2F11C1',3),(100184,'G2F11','G2F11C2',4),(100184,'G2F11','G2F11C1',4),(100184,'G2F11','G2F11C2',3),(100184,'G2F11','G2F11C3',3),(100184,'H2F11','H2F11C1',3),(100184,'I3F11','I3F11C1',2),(100184,'I3F11','I3F11C2',1),(100184,'I3F11','I3F11C3',1),(100184,'J6F11','J6F11C1',4),(100184,'J6F11','J6F11C2',4),(100184,'J6F11','J6F11C3',4),(100184,'J6F11','J6F11C4',4),(100184,'K3F11','K3F11C1',2),(100184,'K3F11','K3F11C2',4),(100184,'K3F11','K3F11C3',4),(100185,'A2F11','A2F11C1',2),(100185,'A2F11','A2F11C2',4),(100185,'A2F11','A2F11C3',2),(100185,'A3F11','A3F11C1',4),(100185,'A3F11','A3F11C2',4),(100185,'A3F11','A3F11C3',3),(100185,'B2F11','B2F11C1',3),(100185,'B2F11','B2F11C2',3),(100185,'B2F11','B2F11C3',3),(100185,'B3F11','B3F11C1',4),(100185,'B3F11','B3F11C2',2),(100185,'B3F11','B3F11C3',3),(100185,'C3F11','C3F11C1',4),(100185,'C3F11','C3F11C2',4),(100185,'C3F11','C3F11C3',3),(100185,'C3F11','C3F11C4',3),(100185,'I1F11','I1F11C1',2),(100185,'I1F11','I1F11C2',2),(100185,'I1F11','I1F11C3',3),(100185,'I2F11','I2F11C1',4),(100185,'I2F11','I2F11C2',4),(100185,'I2F11','I2F11C3',3),(100185,'I2F11','I2F11C4',4),(100186,'A2F11','A2F11C1',4),(100186,'A2F11','A2F11C2',4),(100186,'A2F11','A2F11C3',3),(100186,'A2F11','A2F11C4',1),(100186,'A3F11','A3F11C1',3),(100186,'A3F11','A3F11C2',4),(100186,'A3F11','A3F11C3',4),(100186,'B2F11','B2F11C1',2),(100186,'B2F11','B2F11C2',2),(100186,'B2F11','B2F11C3',3),(100186,'B3F11','B3F11C1',3),(100186,'B3F11','B3F11C2',3),(100186,'B3F11','B3F11C3',3),(100186,'C2F12','C2F12C1',4),(100186,'C2F12','C2F12C2',3),(100186,'C2F12','C2F12C3',4),(100186,'C2F12','C2F12C4',1),(100186,'C3F11','C3F11C1',4),(100186,'C3F11','C3F11C2',3),(100186,'C3F11','C3F11C3',2),(100186,'C3F11','C3F11C4',3),(100186,'E2F11','E2F11C1',3),(100186,'E2F11','E2F11C2',3),(100186,'E2F11','E2F11C3',2),(100186,'E2F11','E2F11C4',3),(100186,'E2F11','E2F11C5',2),(100186,'E2F11','E2F11C6',3),(100186,'F3F11','F3F11C1',3),(100186,'F3F11','F3F11C2',2),(100186,'F3F11','F3F11C3',3),(100186,'F3F11','F3F11C4',3),(100186,'G3F11','G3F11C1',4),(100186,'G3F11','G3F11C2',3),(100186,'G3F11','G3F11C3',3),(100186,'G3F11','G3F11C4',3),(100186,'I1F11','I1F11C1',1),(100186,'I1F11','I1F11C2',1),(100186,'I1F11','I1F11C3',1),(100186,'J5F12','J5F12C1',3),(100186,'J5F12','J5F12C2',1),(100186,'J5F12','J5F12C3',1),(100186,'J5F12','J5F12C4',3),(100186,'J5F12','J5F12C5',3),(100186,'J5F12','J5F12C6',3),(100186,'K2F12','K2F12C1',3),(100186,'K2F12','K2F12C2',1),(100186,'K2F12','K2F12C3',1),(100186,'K2F12','K2F12C4',1),(100186,'K2F12','K2F12C5',1),(100187,'A2F12','A2F12C1',4),(100187,'A2F12','A2F12C2',4),(100187,'A2F12','A2F12C3',2),(100187,'A3S12','A3S12C1',2),(100187,'A3S12','A3S12C2',2),(100187,'A3S12','A3S12C3',4),(100187,'B2S12','B2S12C1',3),(100187,'B2S12','B2S12C2',3),(100187,'B2S12','B2S12C3',3),(100187,'B3S12','B3S12C1',4),(100187,'B3S12','B3S12C2',4),(100187,'B3S12','B3S12C3',3),(100187,'C3S12','C3S12C1',3),(100187,'C3S12','C3S12C2',2),(100187,'C3S12','C3S12C3',2),(100187,'C3S12','C3S12C4',2),(100187,'I1S12','I1S12C1',3),(100187,'I1S12','I1S12C2',3),(100187,'I1S12','I1S12C3',3),(100187,'I2S12','I2S12C1',2),(100187,'I2S12','I2S12C2',3),(100187,'I2S12','I2S12C3',3),(100187,'I2S12','I2S12C4',2),(100188,'A2S12','A2S12C1',2),(100188,'A2S12','A2S12C2',4),(100188,'A2S12','A2S12C3',4),(100188,'A3S12','A3S12C1',2),(100188,'A3S12','A3S12C2',3),(100188,'A3S12','A3S12C3',4),(100188,'A3S12','A3S12C1',0),(100188,'A3S12','A3S12C2',0),(100188,'A3S12','A3S12C3',0),(100188,'B3S12','B3S12C1',3),(100188,'B3S12','B3S12C2',3),(100188,'B3S12','B3S12C3',4),(100188,'B3S12','B3S12C1',4),(100188,'B3S12','B3S12C2',4),(100188,'B3S12','B3S12C3',4),(100188,'I2S12','I2S12C1',3),(100188,'I2S12','I2S12C2',3),(100188,'I2S12','I2S12C3',3),(100188,'I2S12','I2S12C4',3),(100189,'A3S12','A3S12C1',4),(100189,'A3S12','A3S12C2',4),(100189,'A3S12','A3S12C3',3),(100189,'B3S12','B3S12C1',2),(100189,'B3S12','B3S12C2',1),(100189,'B3S12','B3S12C3',2),(100191,'A3S12','A3S12C1',1),(100191,'A3S12','A3S12C2',2),(100191,'A3S12','A3S12C3',2),(100191,'B2S12','B2S12C1',3),(100191,'B2S12','B2S12C2',2),(100191,'B2S12','B2S12C3',4),(100191,'B3S12','B3S12C1',3),(100191,'B3S12','B3S12C2',2),(100191,'B3S12','B3S12C3',3),(100191,'C2S12','C2S12C1',2),(100191,'C2S12','C2S12C2',3),(100191,'C2S12','C2S12C3',3),(100191,'C2S12','C2S12C4',3),(100191,'C3S12','C3S12C1',4),(100191,'C3S12','C3S12C2',3),(100191,'C3S12','C3S12C3',4),(100191,'C3S12','C3S12C4',4),(100191,'I2S12','I2S12C1',4),(100191,'I2S12','I2S12C2',4),(100191,'I2S12','I2S12C3',4),(100191,'I2S12','I2S12C4',4),(100191,'J5S12','J5S12C1',4),(100191,'J5S12','J5S12C2',4),(100191,'J5S12','J5S12C3',4),(100191,'J5S12','J5S12C4',4),(100191,'J5S12','J5S12C5',4),(100191,'J5S12','J5S12C6',2),(100191,'K2S12','K2S12C1',3),(100191,'K2S12','K2S12C2',3),(100191,'K2S12','K2S12C3',3),(100191,'K2S12','K2S12C4',3),(100191,'K2S12','K2S12C5',4),(100192,'A3S12','A3S12C1',0),(100192,'A3S12','A3S12C2',0),(100192,'A3S12','A3S12C3',0),(100194,'B2S12','B2S12C1',3),(100194,'B2S12','B2S12C2',3),(100194,'B2S12','B2S12C3',3),(100194,'C3S12','C3S12C1',3),(100194,'C3S12','C3S12C2',4),(100194,'C3S12','C3S12C3',4),(100194,'C3S12','C3S12C4',3),(100194,'I2S12','I2S12C1',3),(100194,'I2S12','I2S12C2',3),(100194,'I2S12','I2S12C3',3),(100194,'I2S12','I2S12C4',3),(100195,'A1F11','A1F11C1',4),(100195,'A1F11','A1F11C2',4),(100195,'A1F11','A1F11C3',4),(100195,'A1F11','A1F11C4',4),(100195,'A2F11','A2F11C1',2),(100195,'A2F11','A2F11C2',4),(100195,'A2F11','A2F11C3',1),(100195,'A2F11','A2F11C4',2),(100195,'A4F11','A4F11C1',3),(100195,'A4F11','A4F11C2',2),(100195,'A4F11','A4F11C3',2),(100195,'B1F11','B1F11C1',3),(100195,'B1F11','B1F11C2',3),(100195,'B1F11','B1F11C3',3),(100195,'B2F11','B2F11C1',4),(100195,'B2F11','B2F11C2',2),(100195,'B2F11','B2F11C3',3),(100195,'B4F11','B4F11C1',1),(100195,'B4F11','B4F11C2',4),(100195,'B4F11','B4F11C3',1),(100195,'C1F11','C1F11C1',4),(100195,'C1F11','C1F11C2',4),(100195,'C1F11','C1F11C3',4),(100195,'C1F11','C1F11C4',4),(100195,'C2F11','C2F11C1',4),(100195,'C2F11','C2F11C2',4),(100195,'C2F11','C2F11C3',4),(100195,'C2F11','C2F11C4',3),(100195,'C3F11','C3F11C1',4),(100195,'C3F11','C3F11C2',1),(100195,'C3F11','C3F11C3',3),(100195,'C3F11','C3F11C4',2),(100195,'D1F12','D1F12C1',4),(100195,'D1F12','D1F12C2',4),(100195,'D1F12','D1F12C3',4),(100195,'D1F12','D1F12C4',4),(100195,'D1F12','D1F12C5',4),(100195,'D1F12','D1F12C6',4),(100195,'D3F12','D3F12C1',4),(100195,'D3F12','D3F12C2',4),(100195,'D3F12','D3F12C3',4),(100195,'D3F12','D3F12C4',4),(100195,'E2F12','E2F12C1',3),(100195,'E2F12','E2F12C2',2),(100195,'E2F12','E2F12C3',3),(100195,'E2F12','E2F12C4',2),(100195,'E2F12','E2F12C5',3),(100195,'E2F12','E2F12C6',3),(100195,'E3F12','E3F12C1',4),(100195,'E3F12','E3F12C2',3),(100195,'F2F12','F2F12C1',3),(100195,'F2F12','F2F12C2',3),(100195,'F2F12','F2F12C3',3),(100195,'F2F12','F2F12C4',3),(100195,'F3F12','F3F12C1',3),(100195,'F3F12','F3F12C2',2),(100195,'F3F12','F3F12C3',2),(100195,'F3F12','F3F12C4',2),(100195,'G2F12','G2F12C1',3),(100195,'G2F12','G2F12C2',3),(100195,'G3F12','G3F12C1',3),(100195,'G3F12','G3F12C2',3),(100195,'G3F12','G3F12C3',3),(100195,'G3F12','G3F12C4',2),(100195,'H2F12','H2F12C1',3),(100195,'H3S12','H3S12C1',4),(100195,'H3S12','H3S12C2',3),(100195,'H3S12','H3S12C3',3),(100195,'I1S12','I1S12C1',3),(100195,'I1S12','I1S12C2',3),(100195,'I1S12','I1S12C3',3),(100195,'I2S12','I2S12C1',4),(100195,'I2S12','I2S12C2',4),(100195,'I2S12','I2S12C3',4),(100195,'I2S12','I2S12C4',4),(100195,'I3S12','I3S12C1',3),(100195,'I3S12','I3S12C2',1),(100195,'I3S12','I3S12C3',3),(100195,'J1S12','J1S12C1',2),(100195,'J1S12','J1S12C2',3),(100195,'J1S12','J1S12C3',3),(100195,'J2F12','J2F12C1',3),(100195,'J2F12','J2F12C2',3),(100195,'J4F12','J4F12C1',4),(100195,'J4F12','J4F12C2',3),(100195,'J5F12','J5F12C1',4),(100195,'J5F12','J5F12C2',4),(100195,'J5F12','J5F12C3',4),(100195,'J5F12','J5F12C4',4),(100195,'J5F12','J5F12C5',4),(100195,'J5F12','J5F12C6',4),(100195,'J6F11','J6F11C1',2),(100195,'J6F11','J6F11C2',1),(100195,'J6F11','J6F11C3',2),(100195,'J6F11','J6F11C4',1),(100195,'K1F12','K1F12C1',3),(100195,'K1F12','K1F12C2',3),(100195,'K1F12','K1F12C3',3),(100195,'K2F12','K2F12C1',4),(100195,'K2F12','K2F12C2',3),(100195,'K2F12','K2F12C3',3),(100195,'K2F12','K2F12C4',3),(100195,'K2F12','K2F12C5',4),(100195,'K3S12','K3S12C1',2),(100195,'K3S12','K3S12C2',3),(100195,'K3S12','K3S12C3',3),(100197,'A2S12','A2S12C1',4),(100197,'A2S12','A2S12C2',4),(100197,'A2S12','A2S12C3',4),(100197,'A3S12','A3S12C1',4),(100197,'A3S12','A3S12C2',4),(100197,'A3S12','A3S12C3',4),(100197,'B2S12','B2S12C1',3),(100197,'B2S12','B2S12C2',3),(100197,'B2S12','B2S12C3',3),(100197,'B3S12','B3S12C1',4),(100197,'B3S12','B3S12C2',4),(100197,'B3S12','B3S12C3',4),(100197,'C3S12','C3S12C1',4),(100197,'C3S12','C3S12C2',4),(100197,'C3S12','C3S12C3',4),(100197,'C3S12','C3S12C4',3),(100197,'I1S12','I1S12C1',3),(100197,'I1S12','I1S12C2',3),(100197,'I1S12','I1S12C3',3),(100197,'I2S12','I2S12C1',4),(100197,'I2S12','I2S12C2',4),(100197,'I2S12','I2S12C3',3),(100197,'I2S12','I2S12C4',4),(100197,'J5F12','J5F12C1',4),(100197,'J5F12','J5F12C2',4),(100197,'J5F12','J5F12C3',3),(100197,'J5F12','J5F12C4',4),(100197,'J5F12','J5F12C5',4),(100197,'J5F12','J5F12C6',4),(100197,'K2F12','K2F12C1',1),(100197,'K2F12','K2F12C2',1),(100197,'K2F12','K2F12C3',2),(100197,'K2F12','K2F12C4',2),(100197,'K2F12','K2F12C5',3),(100198,'B3F12','B3F12C1',4),(100198,'B3F12','B3F12C2',4),(100198,'B3F12','B3F12C3',3),(100199,'A3F12','A3F12C1',4),(100199,'A3F12','A3F12C2',3),(100199,'A3F12','A3F12C3',3),(100199,'B3F12','B3F12C1',3),(100199,'B3F12','B3F12C2',2),(100199,'B3F12','B3F12C3',2),(100200,'A2F12','A2F12C1',4),(100200,'A2F12','A2F12C2',4),(100200,'A2F12','A2F12C3',2),(100200,'A2F12','A2F12C4',2),(100200,'C1F12','C1F12C1',4),(100200,'C1F12','C1F12C2',4),(100200,'C1F12','C1F12C3',4),(100200,'C1F12','C1F12C4',4),(100200,'C2F12','C2F12C1',3),(100200,'C2F12','C2F12C2',3),(100200,'C2F12','C2F12C3',4),(100200,'C2F12','C2F12C4',3),(100200,'D3F12','D3F12C1',4),(100200,'D3F12','D3F12C2',3),(100200,'D3F12','D3F12C3',4),(100200,'D3F12','D3F12C4',4),(100200,'D3F12','D3F12C1',3),(100200,'D3F12','D3F12C2',4),(100200,'D3F12','D3F12C3',4),(100200,'D3F12','D3F12C4',4),(100200,'D3F12','D3F12C5',4),(100200,'E2F12','E2F12C1',4),(100200,'E2F12','E2F12C2',3),(100200,'E2F12','E2F12C3',4),(100200,'E2F12','E2F12C4',3),(100200,'E2F12','E2F12C5',4),(100200,'E2F12','E2F12C6',4),(100200,'E2F12','E2F12C7',3),(100200,'E3F12','E3F12C1',4),(100200,'E3F12','E3F12C2',3),(100200,'E3F12','E3F12C1',4),(100200,'E3F12','E3F12C2',4),(100200,'E3F12','E3F12C3',4),(100200,'E3F12','E3F12C4',4),(100200,'F2F12','F2F12C1',3),(100200,'F2F12','F2F12C2',3),(100200,'F2F12','F2F12C3',3),(100200,'F2F12','F2F12C4',3),(100200,'F3F12','F3F12C1',4),(100200,'F3F12','F3F12C2',3),(100200,'F3F12','F3F12C3',4),(100200,'F3F12','F3F12C4',3),(100200,'F3F12','F3F12C1',4),(100200,'F3F12','F3F12C2',4),(100200,'F3F12','F3F12C3',4),(100200,'F3F12','F3F12Cd',4),(100200,'G2F12','G2F12C1',3),(100200,'G2F12','G2F12C2',3),(100200,'G3F12','G3F12C1',4),(100200,'G3F12','G3F12C2',4),(100200,'G3F12','G3F12C3',2),(100200,'G3F12','G3F12C4',3),(100200,'G3F12','G3F12C1',4),(100200,'G3F12','G3F12C2',4),(100200,'G3F12','G3F12C3',4),(100200,'H2F12','H2F12C1',3),(100200,'I1F12','I1F12C1',3),(100200,'I1F12','I1F12C2',4),(100200,'I1F12','I1F12C3',2),(100200,'I3F12','I3F12C1',2),(100200,'I3F12','I3F12C2',2),(100200,'I3F12','I3F12C3',3),(100200,'J4F12','J4F12C1',4),(100200,'J4F12','J4F12C2',4),(100200,'J5F12','J5F12C1',4),(100200,'J5F12','J5F12C2',4),(100200,'J5F12','J5F12C3',4),(100200,'J5F12','J5F12C4',4),(100200,'J5F12','J5F12C5',4),(100200,'J5F12','J5F12C6',2),(100201,'A1F12','A1F12C1',4),(100201,'A1F12','A1F12C2',4),(100201,'A1F12','A1F12C3',1),(100201,'A1F12','A1F12C4',1),(100201,'B1F12','B1F12C1',1),(100201,'B1F12','B1F12C2',1),(100201,'B1F12','B1F12C3',1),(100201,'E1F12','E1F12C1',3),(100201,'E1F12','E1F12C2',3),(100201,'E1F12','E1F12C3',3),(100201,'E1F12','E1F12C4',3),(100201,'E1F12','E1F12C5',3),(100201,'E3F12','E3F12C1',4),(100201,'E3F12','E3F12C2',3),(100201,'F1F12','F1F12C1',1),(100201,'F1F12','F1F12C2',1),(100201,'F1F12','F1F12C3',2),(100201,'F1F12','F1F12C4',3),(100201,'F2F12','F2F12C1',3),(100201,'F2F12','F2F12C2',2),(100201,'F2F12','F2F12C3',2),(100201,'F2F12','F2F12C4',2),(100201,'G1F12','G1F12C1',3),(100201,'G1F12','G1F12C2',3),(100201,'G1F12','G1F12C3',1),(100201,'G2F12','G2F12C1',3),(100201,'G2F12','G2F12C2',3),(100201,'H1F12','H1F12C1',4),(100201,'H1F12','H1F12C2',3),(100201,'H1F12','H1F12C3',2),(100201,'H2F12','H2F12C1',3),(100201,'J6F12','J6F12C1',0),(100201,'J6F12','J6F12C2',0),(100201,'J6F12','J6F12C3',0),(100201,'J6F12','J6F12C4',0),(100203,'A3F12','A3F12C1',3),(100203,'A3F12','A3F12C2',3),(100203,'A3F12','A3F12C3',3),(100203,'B3F12','B3F12C1',4),(100203,'B3F12','B3F12C2',4),(100203,'B3F12','B3F12C3',4),(100205,'A3F12','A3F12C1',0),(100205,'A3F12','A3F12C2',0),(100205,'A3F12','A3F12C3',0),(100206,'A3F12','A3F12C1',4),(100206,'A3F12','A3F12C2',3),(100206,'A3F12','A3F12C3',2),(100206,'B3F12','B3F12C1',3),(100206,'B3F12','B3F12C2',2),(100206,'B3F12','B3F12C3',3),(100206,'B3S12','B3S12C1',4),(100206,'B3S12','B3S12C2',4),(100206,'B3S12','B3S12C3',4),(100207,'A2S12','A2S12C1',4),(100207,'A2S12','A2S12C2',4),(100207,'A2S12','A2S12C3',4),(100207,'A2S12','A2S12C4',4),(100207,'I1S12','I1S12C1',4),(100207,'I1S12','I1S12C2',3),(100207,'I1S12','I1S12C3',3),(100207,'I2F11','I2F11C1',3),(100207,'I2F11','I2F11C2',3),(100207,'I2F11','I2F11C3',3),(100207,'I2F11','I2F11C4',3),(100209,'A1F11','A1F11C1',4),(100209,'A1F11','A1F11C2',4),(100209,'A1F11','A1F11C3',4),(100209,'A1F11','A1F11C4',1),(100209,'B1F11','B1F11C1',3),(100209,'B1F11','B1F11C2',3),(100209,'B1F11','B1F11C3',3),(100209,'E1F11','E1F11C1',3),(100209,'E1F11','E1F11C2',3),(100209,'E1F11','E1F11C3',4),(100209,'E1F11','E1F11C4',4),(100209,'E1F11','E1F11C5',4),(100209,'F1F11','F1F11C1',4),(100209,'F1F11','F1F11C2',4),(100209,'F1F11','F1F11C3',4),(100209,'F1F11','F1F11C4',4),(100209,'G1F11','G1F11C1',4),(100209,'G1F11','G1F11C2',4),(100209,'G1F11','G1F11C3',4),(100209,'H1F11','H1F11C1',4),(100209,'H1F11','H1F11C2',4),(100209,'H1F11','H1F11C3',4),(100209,'H1F11','H1F11C4',4),(100209,'J6F11','J6F11C1',4),(100209,'J6F11','J6F11C2',4),(100209,'J6F11','J6F11C3',4),(100209,'J6F11','J6F11C4',4),(100210,'A3F11','A3F11C1',1),(100210,'A3F11','A3F11C2',2),(100210,'A3F11','A3F11C3',1),(100210,'B3F11','B3F11C1',4),(100210,'B3F11','B3F11C2',4),(100210,'B3F11','B3F11C3',3),(100212,'A2F11','A2F11C1',4),(100212,'A2F11','A2F11C2',4),(100212,'A2F11','A2F11C3',4),(100212,'A2F11','A2F11C4',1),(100212,'A3F11','A3F11C1',4),(100212,'A3F11','A3F11C2',3),(100212,'A3F11','A3F11C3',3),(100212,'A3F11','A3F11C1',3),(100212,'A3F11','A3F11C2',4),(100212,'A3F11','A3F11C3',4),(100212,'B2F11','B2F11C1',2),(100212,'B2F11','B2F11C2',3),(100212,'B2F11','B2F11C3',3),(100212,'B3F11','B3F11C1',3),(100212,'B3F11','B3F11C2',2),(100212,'B3F11','B3F11C3',3),(100212,'C3F11','C3F11C1',4),(100212,'C3F11','C3F11C2',3),(100212,'C3F11','C3F11C3',3),(100212,'C3F11','C3F11C4',3),(100212,'I1F11','I1F11C1',3),(100212,'I1F11','I1F11C2',3),(100212,'I1F11','I1F11C3',2),(100212,'I2F11','I2F11C1',4),(100212,'I2F11','I2F11C2',4),(100212,'I2F11','I2F11C3',3),(100212,'I2F11','I2F11C4',4),(100213,'A3F12','A3F12C1',4),(100213,'A3F12','A3F12C2',4),(100213,'A3F12','A3F12C3',4),(100213,'B3F12','B3F12C1',4),(100213,'B3F12','B3F12C2',4),(100213,'B3F12','B3F12C3',4),(100214,'A2F12','A2F12C1',2),(100214,'A2F12','A2F12C2',4),(100214,'A2F12','A2F12C3',2),(100214,'A3F12','A3F12C1',3),(100214,'A3F12','A3F12C2',2),(100214,'A3F12','A3F12C3',3),(100214,'B2F12','B2F12C1',1),(100214,'B2F12','B2F12C2',1),(100214,'B2F12','B2F12C3',1),(100214,'B3F12','B3F12C1',4),(100214,'B3F12','B3F12C2',4),(100214,'B3F12','B3F12C3',4),(100214,'C3F12','C3F12C1',3),(100214,'C3F12','C3F12C2',2),(100214,'C3F12','C3F12C3',2),(100214,'C3F12','C3F12C4',2),(100214,'I1F12','I1F12C1',1),(100214,'I1F12','I1F12C2',1),(100214,'I2F12','I2F12C1',1),(100214,'I2F12','I2F12C2',1),(100214,'I2F12','I2F12C3',2),(100214,'I2F12','I2F12C4',2),(100216,'A3F12','A3F12C1',4),(100216,'A3F12','A3F12C2',2),(100216,'A3F12','A3F12C3',1),(100217,'E1F12','E1F12C1',3),(100217,'E1F12','E1F12C2',2),(100217,'E1F12','E1F12C3',3),(100217,'E1F12','E1F12C4',2),(100217,'E1F12','E1F12C5',3),(100217,'E3F12','E3F12C1',3),(100217,'E3F12','E3F12C2',3),(100217,'F1F12','F1F12C1',2),(100217,'F1F12','F1F12C2',3),(100217,'F1F12','F1F12C3',3),(100217,'F1F12','F1F12C4',3),(100217,'F2F12','F2F12C1',3),(100217,'F2F12','F2F12C2',3),(100217,'F2F12','F2F12C3',3),(100217,'F2F12','F2F12C4',2),(100217,'G1F12','G1F12C1',3),(100217,'G1F12','G1F12C2',3),(100217,'G1F12','G1F12C3',3),(100217,'G2F12','G2F12C1',3),(100217,'G2F12','G2F12C2',3),(100217,'H1F12','H1F12C1',2),(100217,'H1F12','H1F12C2',3),(100217,'H1F12','H1F12C3',2),(100217,'H2F12','H2F12C1',3),(100217,'H3F12','H3F12C1',4),(100217,'H3F12','H3F12C2',3),(100217,'H3F12','H3F12C3',3),(100217,'I3F12','I3F12C1',3),(100217,'I3F12','I3F12C2',2),(100217,'I3F12','I3F12C3',4),(100217,'K3F12','K3F12C1',3),(100217,'K3F12','K3F12C2',4),(100217,'K3F12','K3F12C3',4),(100219,'A1F11','A1F11C1',4),(100219,'A1F11','A1F11C2',4),(100219,'A1F11','A1F11C3',3),(100219,'A1F11','A1F11C4',3),(100219,'A2F11','A2F11C1',4),(100219,'A2F11','A2F11C2',2),(100219,'A2F11','A2F11C3',2),(100219,'A2F11','A2F11C4',3),(100219,'C1F11','C1F11C1',4),(100219,'C1F11','C1F11C2',4),(100219,'C1F11','C1F11C3',4),(100219,'C1F11','C1F11C4',4),(100219,'C2F11','C2F11C1',2),(100219,'C2F11','C2F11C2',1),(100219,'C2F11','C2F11C3',2),(100219,'C2F11','C2F11C4',2),(100219,'D3F11','D3F11C1',4),(100219,'D3F11','D3F11C2',4),(100219,'D3F11','D3F11C3',4),(100219,'D3F11','D3F11C4',4),(100219,'E1F11','E1F11C1',4),(100219,'E1F11','E1F11C2',3),(100219,'E1F11','E1F11C3',4),(100219,'E1F11','E1F11C4',3),(100219,'E1F11','E1F11C5',2),(100219,'E2F11','E2F11C1',3),(100219,'E2F11','E2F11C2',3),(100219,'E2F11','E2F11C3',3),(100219,'E2F11','E2F11C4',2),(100219,'E2F11','E2F11C5',3),(100219,'E2F11','E2F11C6',3),(100219,'E3F11','E3F11C1',4),(100219,'E3F11','E3F11C2',4),(100219,'F1F11','F1F11C1',2),(100219,'F1F11','F1F11C2',1),(100219,'F1F11','F1F11C3',4),(100219,'F1F11','F1F11C4',3),(100219,'F2F11','F2F11C1',3),(100219,'F2F11','F2F11C2',3),(100219,'F2F11','F2F11C3',3),(100219,'F2F11','F2F11C4',4),(100219,'F3F11','F3F11C1',3),(100219,'F3F11','F3F11C2',1),(100219,'F3F11','F3F11C3',2),(100219,'F3F11','F3F11C4',2),(100219,'G1F11','G1F11C1',3),(100219,'G1F11','G1F11C2',2),(100219,'G1F11','G1F11C3',1),(100219,'G2F11','G2F11C1',3),(100219,'G2F11','G2F11C2',3),(100219,'G3F11','G3F11C1',3),(100219,'G3F11','G3F11C2',4),(100219,'G3F11','G3F11C3',2),(100219,'G3F11','G3F11C4',2),(100219,'H1F11','H1F11C1',3),(100219,'H1F11','H1F11C2',3),(100219,'H1F11','H1F11C3',2),(100219,'H2F11','H2F11C1',3),(100219,'H3F11','H3F11C1',4),(100219,'H3F11','H3F11C2',3),(100219,'H3F11','H3F11C3',2),(100219,'I1F11','I1F11C1',3),(100219,'I1F11','I1F11C2',3),(100219,'I1F11','I1F11C3',2),(100219,'I3F11','I3F11C1',4),(100219,'I3F11','I3F11C2',4),(100219,'I3F11','I3F11C3',2),(100219,'J4F11','J4F11C1',2),(100219,'J4F11','J4F11C2',2),(100219,'J5F11','J5F11C1',4),(100219,'J5F11','J5F11C2',1),(100219,'J5F11','J5F11C3',1),(100219,'J5F11','J5F11C4',2),(100219,'J5F11','J5F11C5',2),(100219,'J5F11','J5F11C6',1),(100219,'J6F11','J6F11C1',3),(100219,'J6F11','J6F11C2',1),(100219,'J6F11','J6F11C3',2),(100219,'J6F11','J6F11C4',1),(100219,'K2F11','K2F11C1',3),(100219,'K2F11','K2F11C2',3),(100219,'K2F11','K2F11C3',3),(100219,'K2F11','K2F11C4',3),(100219,'K2F11','K2F11C5',2),(100219,'K3F11','K3F11C1',3),(100219,'K3F11','K3F11C2',4),(100219,'K3F11','K3F11C3',4),(100220,'A2F11','A2F11C1',2),(100220,'A2F11','A2F11C2',1),(100220,'A2F11','A2F11C3',1),(100220,'A2F11','A2F11C4',1),(100220,'A2F11','A2F11C1',3),(100220,'A2F11','A2F11C2',4),(100220,'A2F11','A2F11C3',2),(100220,'A3F11','A3F11C1',3),(100220,'A3F11','A3F11C2',4),(100220,'A3F11','A3F11C3',4),(100220,'B2F11','B2F11C1',3),(100220,'B2F11','B2F11C2',1),(100220,'B2F11','B2F11C3',3),(100220,'B2F11','B2F11C1',3),(100220,'B2F11','B2F11C2',2),(100220,'B2F11','B2F11C3',3),(100220,'B3F11','B3F11C1',4),(100220,'B3F11','B3F11C2',4),(100220,'B3F11','B3F11C3',3),(100220,'C2F11','C2F11C1',2),(100220,'C2F11','C2F11C2',2),(100220,'C2F11','C2F11C3',2),(100220,'C2F11','C2F11C4',2),(100220,'C3F11','C3F11C1',2),(100220,'C3F11','C3F11C2',1),(100220,'C3F11','C3F11C3',2),(100220,'C3F11','C3F11C4',2),(100220,'C3F11','C3F11C1',4),(100220,'C3F11','C3F11C2',1),(100220,'C3F11','C3F11C3',4),(100220,'C3F11','C3F11C4',4),(100220,'I1F11','I1F11C1',2),(100220,'I1F11','I1F11C2',2),(100220,'I1F11','I1F11C3',1),(100220,'I1F11','I1F11C1',3),(100220,'I1F11','I1F11C2',3),(100220,'I1F11','I1F11C3',4),(100220,'I2F11','I2F11C1',2),(100220,'I2F11','I2F11C2',2),(100220,'I2F11','I2F11C3',2),(100220,'I2F11','I2F11C4',2),(100220,'J5F11','J5F11C1',3),(100220,'J5F11','J5F11C2',3),(100220,'J5F11','J5F11C3',3),(100220,'J5F11','J5F11C4',2),(100220,'J5F11','J5F11C5',2),(100220,'J5F11','J5F11C6',2),(100220,'K2F11','K2F11C1',2),(100220,'K2F11','K2F11C2',4),(100220,'K2F11','K2F11C3',2),(100220,'K2F11','K2F11C4',2),(100220,'K2F11','K2F11C5',3),(100222,'A2F11','A2F11C1',4),(100222,'A2F11','A2F11C2',4),(100222,'A2F11','A2F11C3',4),(100222,'A2F11','A2F11C4',1),(100222,'A3F11','A3F11C1',4),(100222,'A3F11','A3F11C2',4),(100222,'A3F11','A3F11C3',4),(100222,'B2F11','B2F11C1',3),(100222,'B2F11','B2F11C2',3),(100222,'B2F11','B2F11C3',2),(100222,'B3F11','B3F11C1',3),(100222,'B3F11','B3F11C2',4),(100222,'B3F11','B3F11C3',4),(100222,'C2F12','C2F12C1',2),(100222,'C2F12','C2F12C2',3),(100222,'C2F12','C2F12C3',2),(100222,'C2F12','C2F12C4',1),(100222,'C3F12','C3F12C1',3),(100222,'C3F12','C3F12C2',2),(100222,'C3F12','C3F12C3',3),(100222,'C3F12','C3F12C4',3),(100222,'I2F12','I2F12C1',2),(100222,'I2F12','I2F12C2',4),(100222,'I2F12','I2F12C3',4),(100222,'I2F12','I2F12C4',2),(100222,'J5F12','J5F12C1',2),(100222,'J5F12','J5F12C2',2),(100222,'J5F12','J5F12C3',2),(100222,'J5F12','J5F12C4',1),(100222,'J5F12','J5F12C5',1),(100222,'J5F12','J5F12C6',4),(100223,'A1F12','A1F12C1',4),(100223,'A1F12','A1F12C2',4),(100223,'A1F12','A1F12C3',4),(100223,'A3F12','A3F12C1',4),(100223,'A3F12','A3F12C2',4),(100223,'A3F12','A3F12C3',4),(100223,'B1F12','B1F12C1',3),(100223,'B1F12','B1F12C2',3),(100223,'B1F12','B1F12C3',4),(100223,'B2F11','B2F11C1',3),(100223,'B2F11','B2F11C2',3),(100223,'B2F11','B2F11C3',3),(100223,'B3F11','B3F11C1',3),(100223,'B3F11','B3F11C2',2),(100223,'B3F11','B3F11C3',2),(100223,'C2F11','C2F11C1',2),(100223,'C2F11','C2F11C2',3),(100223,'C2F11','C2F11C3',2),(100223,'C2F11','C2F11C4',2),(100223,'C3F11','C3F11C1',4),(100223,'C3F11','C3F11C2',4),(100223,'C3F11','C3F11C3',4),(100223,'C3F11','C3F11C4',4),(100223,'I2F11','I2F11C1',3),(100223,'I2F11','I2F11C2',3),(100223,'I2F11','I2F11C3',1),(100223,'I2F11','I2F11C4',3),(100223,'J5F11','J5F11C1',2),(100223,'J5F11','J5F11C2',4),(100223,'J5F11','J5F11C3',4),(100223,'J5F11','J5F11C4',3),(100223,'J5F11','J5F11C5',3),(100223,'J5F11','J5F11C6',2),(100223,'J6F12','J6F12C1',2),(100223,'J6F12','J6F12C2',4),(100223,'J6F12','J6F12C3',4),(100223,'K2F12','K2F12C1',3),(100223,'K2F12','K2F12C2',4),(100223,'K2F12','K2F12C3',3),(100223,'K2F12','K2F12C4',4),(100223,'K2F12','K2F12C5',3),(100224,'A2F12','A2F12C1',3),(100224,'A2F12','A2F12C2',4),(100224,'A2F12','A2F12C3',2),(100224,'I1F12','I1F12C1',4),(100224,'I1F12','I1F12C2',4),(100224,'I1F12','I1F12C3',1),(100224,'J5F12','J5F12C1',4),(100224,'J5F12','J5F12C2',3),(100224,'J5F12','J5F12C3',3),(100224,'J5F12','J5F12C4',3),(100224,'J5F12','J5F12C5',3),(100224,'J5F12','J5F12C6',4),(100224,'K2F12','K2F12C1',3),(100224,'K2F12','K2F12C2',2),(100224,'K2F12','K2F12C3',2),(100224,'K2F12','K2F12C4',1),(100224,'K2F12','K2F12C5',2),(100225,'A3F12','A3F12C1',0),(100225,'A3F12','A3F12C2',0),(100225,'A3F12','A3F12C3',0),(100225,'B3F12','B3F12C1',0),(100225,'B3F12','B3F12C2',0),(100225,'B3F12','B3F12C3',0),(100226,'A2F12','A2F12C1',3),(100226,'A2F12','A2F12C2',4),(100226,'A2F12','A2F12C3',2),(100226,'C2F12','C2F12C1',3),(100226,'C2F12','C2F12C2',3),(100226,'C2F12','C2F12C3',3),(100226,'C2F12','C2F12C4',2),(100226,'I1F12','I1F12C1',1),(100226,'I1F12','I1F12C2',1),(100226,'I1F12','I1F12C3',1),(100226,'K2F12','K2F12C1',4),(100226,'K2F12','K2F12C2',4),(100226,'K2F12','K2F12C3',4),(100226,'K2F12','K2F12C4',4),(100226,'K2F12','K2F12C5',4),(100227,'A1F12','A1F12C1',4),(100227,'A1F12','A1F12C2',4),(100227,'A1F12','A1F12C3',4),(100227,'A2F12','A2F12C1',4),(100227,'A2F12','A2F12C2',4),(100227,'A2F12','A2F12C3',2),(100227,'B1F12','B1F12C1',4),(100227,'B1F12','B1F12C2',2),(100227,'B1F12','B1F12C3',4),(100227,'C2F12','C2F12C1',3),(100227,'C2F12','C2F12C2',3),(100227,'C2F12','C2F12C3',3),(100227,'C2F12','C2F12C4',2),(100227,'I1F12','I1F12C1',3),(100227,'I1F12','I1F12C2',3),(100227,'I1F12','I1F12C3',3),(100227,'J5F12','J5F12C1',4),(100227,'J5F12','J5F12C2',4),(100227,'J5F12','J5F12C3',4),(100227,'J5F12','J5F12C4',4),(100227,'J5F12','J5F12C5',4),(100227,'J5F12','J5F12C6',1),(100227,'J6F12','J6F12C1',4),(100227,'J6F12','J6F12C2',4),(100227,'J6F12','J6F12C3',4),(100227,'K2F12','K2F12C1',4),(100227,'K2F12','K2F12C2',4),(100227,'K2F12','K2F12C3',4),(100227,'K2F12','K2F12C4',3),(100227,'K2F12','K2F12C5',4),(100228,'A3F12','A3F12C1',3),(100228,'A3F12','A3F12C2',3),(100228,'A3F12','A3F12C3',3),(100228,'B3F12','B3F12C1',2),(100228,'B3F12','B3F12C2',2),(100228,'B3F12','B3F12C3',3),(100229,'A2F12','A2F12C1',4),(100229,'A2F12','A2F12C2',4),(100229,'A2F12','A2F12C3',4),(100229,'A3F12','A3F12C1',4),(100229,'A3F12','A3F12C2',4),(100229,'A3F12','A3F12C3',4),(100229,'B2F12','B2F12C1',3),(100229,'B2F12','B2F12C2',4),(100229,'B2F12','B2F12C3',4),(100229,'B3F12','B3F12C1',4),(100229,'B3F12','B3F12C2',4),(100229,'B3F12','B3F12C3',3),(100229,'C2F12','C2F12C1',4),(100229,'C2F12','C2F12C2',3),(100229,'C2F12','C2F12C3',4),(100229,'C2F12','C2F12C4',4),(100229,'D2F12','D2F12C1',4),(100229,'D2F12','D2F12C2',2),(100229,'D2F12','D2F12C3',3),(100229,'D2F12','D2F12C4',2),(100229,'D2F12','D2F12C3',4),(100229,'D2F12','D2F12C6',4),(100229,'I1F12','I1F12C1',3),(100229,'I1F12','I1F12C2',3),(100229,'I1F12','I1F12C3',1),(100229,'I2F12','I2F12C1',4),(100229,'I2F12','I2F12C2',4),(100229,'I2F12','I2F12C3',4),(100229,'I2F12','I2F12C4',4),(100229,'J3F12','J3F12C1',2),(100229,'J3F12','J3F12C2',2),(100229,'J3F12','J3F12C3',1),(100229,'K2F12','K2F12C1',2),(100229,'K2F12','K2F12C2',4),(100229,'K2F12','K2F12C3',4),(100229,'K2F12','K2F12C4',4),(100229,'K2F12','K2F12C5',4),(100230,'A2F12','A2F12C1',4),(100230,'A2F12','A2F12C2',4),(100230,'A2F12','A2F12C3',4),(100230,'A3F12','A3F12C1',4),(100230,'A3F12','A3F12C2',3),(100230,'A3F12','A3F12C3',4),(100230,'B2F12','B2F12C1',4),(100230,'B2F12','B2F12C2',3),(100230,'B2F12','B2F12C3',4),(100230,'B3F12','B3F12C1',4),(100230,'B3F12','B3F12C2',4),(100230,'B3F12','B3F12C3',4),(100230,'C2F11','C2F11C1',4),(100230,'C2F11','C2F11C2',4),(100230,'C2F11','C2F11C3',4),(100230,'C2F11','C2F11C4',4),(100230,'C3F11','C3F11C1',4),(100230,'C3F11','C3F11C2',4),(100230,'C3F11','C3F11C3',4),(100230,'C3F11','C3F11C4',4),(100230,'D1F12','D1F12C1',4),(100230,'D1F12','D1F12C2',3),(100230,'D1F12','D1F12C3',4),(100230,'D1F12','D1F12C4',4),(100230,'D1F12','D1F12C5',3),(100230,'D1F12','D1F12C6',4),(100230,'E3F12','E3F12C1',3),(100230,'E3F12','E3F12C2',3),(100230,'H3S12','H3S12C1',4),(100230,'H3S12','H3S12C2',3),(100230,'H3S12','H3S12C3',4),(100230,'I1S12','I1S12C1',3),(100230,'I1S12','I1S12C2',3),(100230,'I1S12','I1S12C3',3),(100230,'I2S12','I2S12C1',3),(100230,'I2S12','I2S12C2',3),(100230,'I2S12','I2S12C3',2),(100230,'I2S12','I2S12C4',3),(100230,'I3S12','I3S12C1',3),(100230,'I3S12','I3S12C2',3),(100230,'I3S12','I3S12C3',3),(100230,'J2F12','J2F12C1',4),(100230,'J2F12','J2F12C2',3),(100230,'J5F11','J5F11C1',2),(100230,'J5F11','J5F11C2',2),(100230,'J5F11','J5F11C3',2),(100230,'J5F11','J5F11C4',3),(100230,'J5F11','J5F11C5',3),(100230,'J5F11','J5F11C6',2),(100230,'K1F12','K1F12C1',3),(100230,'K1F12','K1F12C2',3),(100230,'K1F12','K1F12C3',3),(100230,'K2F11','K2F11C1',3),(100230,'K2F11','K2F11C2',3),(100230,'K2F11','K2F11C3',3),(100230,'K2F11','K2F11C4',3),(100230,'K2F11','K2F11C5',3),(100230,'K3S12','K3S12C1',3),(100230,'K3S12','K3S12C2',4),(100230,'K3S12','K3S12C3',4),(100233,'B3F12','B3F12C1',2),(100233,'B3F12','B3F12C2',2),(100233,'B3F12','B3F12C3',4),(100234,'A3S12','A3S12C1',1),(100234,'A3S12','A3S12C2',2),(100234,'A3S12','A3S12C3',2),(100234,'B2S12','B2S12C1',2),(100234,'B2S12','B2S12C2',3),(100234,'B2S12','B2S12C3',1),(100234,'B3S12','B3S12C1',2),(100234,'B3S12','B3S12C2',1),(100234,'B3S12','B3S12C3',2),(100234,'C3S12','C3S12C1',1),(100234,'C3S12','C3S12C2',3),(100234,'C3S12','C3S12C3',1),(100234,'C3S12','C3S12C4',1),(100234,'I2S12','I2S12C1',1),(100234,'I2S12','I2S12C2',1),(100234,'I2S12','I2S12C3',3),(100234,'I2S12','I2S12C4',1),(100236,'A2S12','A2S12C1',4),(100236,'A2S12','A2S12C2',4),(100236,'A2S12','A2S12C3',4),(100236,'A3S12','A3S12C1',4),(100236,'A3S12','A3S12C2',4),(100236,'A3S12','A3S12C3',4),(100236,'B3S12','B3S12C1',4),(100236,'B3S12','B3S12C2',4),(100236,'B3S12','B3S12C3',4),(100236,'C1S12','C1S12C1',3),(100236,'C1S12','C1S12C2',3),(100236,'C1S12','C1S12C3',3),(100236,'C1S12','C1S12C4',1),(100236,'C2F11','C2F11C1',4),(100236,'C2F11','C2F11C2',2),(100236,'C2F11','C2F11C3',4),(100236,'C2F11','C2F11C4',3),(100236,'C3F11','C3F11C1',4),(100236,'C3F11','C3F11C2',4),(100236,'C3F11','C3F11C3',4),(100236,'C3F11','C3F11C4',4),(100236,'D3F11','D3F11C1',3),(100236,'D3F11','D3F11C2',3),(100236,'D3F11','D3F11C3',3),(100236,'D3F11','D3F11C4',3),(100236,'I1F11','I1F11C1',2),(100236,'I1F11','I1F11C2',2),(100236,'I1F11','I1F11C3',4),(100236,'I2F11','I2F11C1',4),(100236,'I2F11','I2F11C2',4),(100236,'I2F11','I2F11C3',3),(100236,'I2F11','I2F11C4',4),(100236,'J4F11','J4F11C1',4),(100236,'J4F11','J4F11C2',3),(100236,'J5F11','J5F11C1',4),(100236,'J5F11','J5F11C2',2),(100236,'J5F11','J5F11C3',2),(100236,'J5F11','J5F11C4',2),(100236,'J5F11','J5F11C5',2),(100236,'J5F11','J5F11C6',3),(100236,'K2F11','K2F11C1',2),(100236,'K2F11','K2F11C2',4),(100236,'K2F11','K2F11C3',4),(100236,'K2F11','K2F11C4',4),(100236,'K2F11','K2F11C5',2),(100237,'C2F11','C2F11C1',0),(100237,'C2F11','C2F11C2',0),(100237,'C2F11','C2F11C3',0),(100237,'C2F11','C2F11C4',0),(100238,'A3F12','A3F12C1',4),(100238,'A3F12','A3F12C2',2),(100238,'A3F12','A3F12C3',3),(100239,'B2F12','B2F12C1',3),(100239,'B2F12','B2F12C2',2),(100239,'B2F12','B2F12C3',4),(100239,'C2F12','C2F12C1',2),(100239,'C2F12','C2F12C2',2),(100239,'C2F12','C2F12C3',2),(100239,'C2F12','C2F12C4',2),(100239,'C3F12','C3F12C1',1),(100239,'C3F12','C3F12C2',1),(100239,'C3F12','C3F12C3',1),(100239,'C3F12','C3F12C4',2),(100239,'C3F12','C3F12C1',0),(100239,'C3F12','C3F12C2',0),(100239,'C3F12','C3F12C3',0),(100239,'C3F12','C3F12C4',0),(100239,'I2F12','I2F12C1',3),(100239,'I2F12','I2F12C2',3),(100239,'I2F12','I2F12C3',3),(100239,'I2F12','I2F12C4',3),(100239,'I2F12','I2F12C1',2),(100239,'I2F12','I2F12C2',3),(100239,'I2F12','I2F12C3',2),(100239,'I2F12','I2F12C4',2),(100239,'K2F12','K2F12C1',3),(100239,'K2F12','K2F12C2',3),(100239,'K2F12','K2F12C3',3),(100239,'K2F12','K2F12C4',3),(100239,'K2F12','K2F12C5',3),(100240,'A3F12','A3F12C1',1),(100240,'A3F12','A3F12C2',3),(100240,'A3F12','A3F12C3',1),(100242,'A1F12','A1F12C1',4),(100242,'A1F12','A1F12C2',4),(100242,'A1F12','A1F12C3',2),(100242,'A1F12','A1F12C4',1),(100242,'B1F12','B1F12C1',2),(100242,'B1F12','B1F12C2',2),(100242,'B1F12','B1F12C3',2),(100242,'C1F12','C1F12C1',3),(100242,'C1F12','C1F12C2',4),(100242,'C1F12','C1F12C3',3),(100242,'C1F12','C1F12C4',3),(100242,'D3F12','D3F12C1',4),(100242,'D3F12','D3F12C2',4),(100242,'D3F12','D3F12C3',4),(100242,'D3F12','D3F12C4',4),(100242,'E1F12','E1F12C1',3),(100242,'E1F12','E1F12C2',3),(100242,'E1F12','E1F12C3',3),(100242,'E1F12','E1F12C4',3),(100242,'E1F12','E1F12C5',3),(100242,'E3F12','E3F12C1',4),(100242,'E3F12','E3F12C2',3),(100242,'F1F12','F1F12C1',3),(100242,'F1F12','F1F12C2',3),(100242,'F1F12','F1F12C3',3),(100242,'F1F12','F1F12C4',3),(100242,'F2F12','F2F12C1',3),(100242,'F2F12','F2F12C2',3),(100242,'F2F12','F2F12C3',3),(100242,'F2F12','F2F12C4',3),(100242,'G1F12','G1F12C1',2),(100242,'G1F12','G1F12C2',2),(100242,'G1F12','G1F12C3',2),(100242,'G2F12','G2F12C1',3),(100242,'G2F12','G2F12C2',3),(100242,'H1F12','H1F12C1',3),(100242,'H1F12','H1F12C2',3),(100242,'H1F12','H1F12C3',3),(100242,'H2F12','H2F12C1',3),(100242,'J4F12','J4F12C1',4),(100242,'J4F12','J4F12C2',3),(100242,'J6F12','J6F12C1',4),(100242,'J6F12','J6F12C2',1),(100242,'J6F12','J6F12C3',3),(100242,'J6F12','J6F12C4',3),(100243,'A3F12','A3F12C1',0),(100243,'A3F12','A3F12C2',0),(100243,'A3F12','A3F12C3',0),(100244,'A1F12','A1F12C1',4),(100244,'A1F12','A1F12C2',4),(100244,'A1F12','A1F12C3',4),(100244,'A2F12','A2F12C1',4),(100244,'A2F12','A2F12C2',4),(100244,'A2F12','A2F12C3',4),(100244,'B1F12','B1F12C1',3),(100244,'B1F12','B1F12C2',4),(100244,'B1F12','B1F12C3',4),(100244,'C2F12','C2F12C1',3),(100244,'C2F12','C2F12C2',2),(100244,'C2F12','C2F12C3',4),(100244,'C2F12','C2F12C4',3),(100244,'E3F12','E3F12C1',3),(100244,'E3F12','E3F12C2',3),(100244,'I1F12','I1F12C1',3),(100244,'I1F12','I1F12C2',3),(100244,'I1F12','I1F12C3',1),(100244,'J5F12','J5F12C1',3),(100244,'J5F12','J5F12C2',2),(100244,'J5F12','J5F12C3',2),(100244,'J5F12','J5F12C4',3),(100244,'J5F12','J5F12C5',3),(100244,'J5F12','J5F12C6',3),(100244,'J6F12','J6F12C1',2),(100244,'J6F12','J6F12C2',1),(100244,'J6F12','J6F12C3',1),(100244,'K2F12','K2F12C1',2),(100244,'K2F12','K2F12C2',2),(100244,'K2F12','K2F12C3',2),(100244,'K2F12','K2F12C4',2),(100244,'K2F12','K2F12C5',2),(100245,'A3F12','A3F12C1',4),(100245,'A3F12','A3F12C2',3),(100245,'A3F12','A3F12C3',3),(100245,'B3F12','B3F12C1',3),(100245,'B3F12','B3F12C2',4),(100245,'B3F12','B3F12C3',3),(100246,'A1F12','A1F12C1',4),(100246,'A1F12','A1F12C2',4),(100246,'A1F12','A1F12C3',4),(100246,'A1F12','A1F12C4',4),(100247,'A1F11','A1F11C1',1),(100247,'A1F11','A1F11C2',4),(100247,'A1F11','A1F11C3',3),(100247,'A1F11','A1F11C4',3),(100247,'B1F11','B1F11C1',3),(100247,'B1F11','B1F11C2',2),(100247,'B1F11','B1F11C3',3),(100247,'C2F11','C2F11C1',3),(100247,'C2F11','C2F11C2',2),(100247,'C2F11','C2F11C3',2),(100247,'C2F11','C2F11C4',3),(100247,'E1F11','E1F11C1',3),(100247,'E1F11','E1F11C2',2),(100247,'E1F11','E1F11C3',2),(100247,'E1F11','E1F11C4',3),(100247,'E1F11','E1F11C5',3),(100247,'E3F11','E3F11C1',4),(100247,'E3F11','E3F11C2',3),(100247,'F1F11','F1F11C1',3),(100247,'F1F11','F1F11C2',3),(100247,'F1F11','F1F11C3',3),(100247,'F1F11','F1F11C4',3),(100247,'F2F11','F2F11C1',3),(100247,'F2F11','F2F11C2',3),(100247,'F2F11','F2F11C3',3),(100247,'F2F11','F2F11C4',3),(100247,'G1F11','G1F11C1',3),(100247,'G1F11','G1F11C2',3),(100247,'G1F11','G1F11C3',3),(100247,'G2F11','G2F11C1',3),(100247,'G2F11','G2F11C2',3),(100247,'H1F11','H1F11C1',3),(100247,'H1F11','H1F11C2',3),(100247,'H1F11','H1F11C3',2),(100247,'H2F11','H2F11C1',3),(100247,'I3F11','I3F11C1',2),(100247,'I3F11','I3F11C2',2),(100247,'I3F11','I3F11C3',2),(100247,'J5F11','J5F11C1',4),(100247,'J5F11','J5F11C2',4),(100247,'J5F11','J5F11C3',4),(100247,'J5F11','J5F11C4',4),(100247,'J5F11','J5F11C5',4),(100247,'J5F11','J5F11C6',2),(100247,'J6F11','J6F11C1',4),(100247,'J6F11','J6F11C2',2),(100247,'J6F11','J6F11C3',2),(100247,'J6F11','J6F11C4',2),(100247,'K2F11','K2F11C1',4),(100247,'K2F11','K2F11C2',4),(100247,'K2F11','K2F11C3',3),(100247,'K2F11','K2F11C4',4),(100247,'K2F11','K2F11C5',4),(100247,'K3F11','K3F11C1',3),(100247,'K3F11','K3F11C2',3),(100247,'K3F11','K3F11C3',3),(100248,'A2F11','A2F11C1',0),(100248,'A2F11','A2F11C2',0),(100248,'A2F11','A2F11C3',0),(100248,'A2F11','A2F11C4',0),(100248,'B2F11','B2F11C1',3),(100248,'B2F11','B2F11C2',3),(100248,'B2F11','B2F11C3',3),(100248,'B3F11','B3F11C1',3),(100248,'B3F11','B3F11C2',4),(100248,'B3F11','B3F11C3',4),(100248,'C3F11','C3F11C1',2),(100248,'C3F11','C3F11C2',3),(100248,'C3F11','C3F11C3',3),(100248,'C3F11','C3F11C4',3),(100248,'I2F11','I2F11C1',4),(100248,'I2F11','I2F11C2',3),(100248,'I2F11','I2F11C3',3),(100248,'I2F11','I2F11C4',3),(100249,'A1F12','A1F12C1',4),(100249,'A1F12','A1F12C2',4),(100249,'A1F12','A1F12C3',4),(100249,'A2F12','A2F12C1',4),(100249,'A2F12','A2F12C2',3),(100249,'A2F12','A2F12C3',4),(100249,'B1F12','B1F12C1',3),(100249,'B1F12','B1F12C2',2),(100249,'B1F12','B1F12C3',4),(100249,'B2F12','B2F12C1',3),(100249,'B2F12','B2F12C2',1),(100249,'B2F12','B2F12C3',4),(100249,'C2F11','C2F11C1',1),(100249,'C2F11','C2F11C2',4),(100249,'C2F11','C2F11C3',1),(100249,'C2F11','C2F11C4',3),(100249,'C3F11','C3F11C1',4),(100249,'C3F11','C3F11C2',4),(100249,'C3F11','C3F11C3',4),(100249,'C3F11','C3F11C4',4),(100249,'E2F11','E2F11C1',3),(100249,'E2F11','E2F11C2',3),(100249,'E2F11','E2F11C3',4),(100249,'E2F11','E2F11C4',3),(100249,'E2F11','E2F11C5',4),(100249,'E2F11','E2F11C6',4),(100249,'F3F11','F3F11C1',3),(100249,'F3F11','F3F11C2',4),(100249,'F3F11','F3F11C3',3),(100249,'F3F11','F3F11C4',4),(100249,'G3F11','G3F11C1',3),(100249,'G3F11','G3F11C2',3),(100249,'G3F11','G3F11C3',2),(100249,'G3F11','G3F11C4',4),(100249,'H3S12','H3S12C1',4),(100249,'H3S12','H3S12C2',4),(100249,'H3S12','H3S12C3',3),(100249,'I1S12','I1S12C1',4),(100249,'I1S12','I1S12C2',4),(100249,'I1S12','I1S12C3',3),(100249,'I2S12','I2S12C1',3),(100249,'I2S12','I2S12C2',3),(100249,'I2S12','I2S12C3',1),(100249,'I2S12','I2S12C4',2),(100249,'I3S12','I3S12C1',2),(100249,'I3S12','I3S12C2',3),(100249,'I3S12','I3S12C3',4),(100249,'J2F12','J2F12C1',3),(100249,'J2F12','J2F12C2',2),(100249,'J6F12','J6F12C1',4),(100249,'J6F12','J6F12C2',1),(100249,'J6F12','J6F12C3',1),(100249,'K1F12','K1F12C1',3),(100249,'K1F12','K1F12C2',3),(100249,'K1F12','K1F12C3',3),(100249,'K2F11','K2F11C1',2),(100249,'K2F11','K2F11C2',2),(100249,'K2F11','K2F11C3',2),(100249,'K2F11','K2F11C4',2),(100249,'K2F11','K2F11C5',2),(100249,'K3S12','K3S12C1',3),(100249,'K3S12','K3S12C2',4),(100249,'K3S12','K3S12C3',4),(100252,'A3S12','A3S12C1',0),(100252,'A3S12','A3S12C2',0),(100252,'A3S12','A3S12C3',0),(100253,'A2S12','A2S12C1',2),(100253,'A2S12','A2S12C2',4),(100253,'A2S12','A2S12C3',4),(100253,'A2S12','A2S12C4',1),(100253,'A2S12','A2S12C1',2),(100253,'A2S12','A2S12C2',4),(100253,'A2S12','A2S12C3',2),(100253,'B1F12','B1F12C1',3),(100253,'B1F12','B1F12C2',4),(100253,'B1F12','B1F12C3',3),(100253,'B2F12','B2F12C1',3),(100253,'B2F12','B2F12C2',1),(100253,'B2F12','B2F12C3',2),(100253,'C2F11','C2F11C1',4),(100253,'C2F11','C2F11C2',4),(100253,'C2F11','C2F11C3',4),(100253,'C2F11','C2F11C4',3),(100253,'C3F11','C3F11C1',1),(100253,'C3F11','C3F11C2',4),(100253,'C3F11','C3F11C3',3),(100253,'C3F11','C3F11C4',4),(100253,'E3F11','E3F11C1',4),(100253,'E3F11','E3F11C2',4),(100253,'F2F11','F2F11C1',3),(100253,'F2F11','F2F11C2',3),(100253,'F2F11','F2F11C3',3),(100253,'F2F11','F2F11C4',3),(100253,'G2F11','G2F11C1',3),(100253,'G2F11','G2F11C2',3),(100253,'H2F11','H2F11C1',3),(100253,'H3S12','H3S12C1',4),(100253,'H3S12','H3S12C2',4),(100253,'H3S12','H3S12C3',4),(100253,'I1S12','I1S12C1',2),(100253,'I1S12','I1S12C2',2),(100253,'I1S12','I1S12C3',2),(100253,'I1S12','I1S12C1',3),(100253,'I1S12','I1S12C2',3),(100253,'I1S12','I1S12C3',3),(100253,'I2S12','I2S12C1',3),(100253,'I2S12','I2S12C2',3),(100253,'I2S12','I2S12C3',3),(100253,'I2S12','I2S12C4',3),(100253,'I3S12','I3S12C1',1),(100253,'I3S12','I3S12C2',1),(100253,'I3S12','I3S12C3',2),(100253,'J5F11','J5F11C1',2),(100253,'J5F11','J5F11C2',2),(100253,'J5F11','J5F11C3',2),(100253,'J5F11','J5F11C4',2),(100253,'J5F11','J5F11C5',2),(100253,'J5F11','J5F11C6',2),(100253,'J6F12','J6F12C1',3),(100253,'J6F12','J6F12C2',2),(100253,'J6F12','J6F12C3',4),(100253,'K2F11','K2F11C1',4),(100253,'K2F11','K2F11C2',3),(100253,'K2F11','K2F11C3',3),(100253,'K2F11','K2F11C4',4),(100253,'K2F11','K2F11C5',4),(100253,'K3S12','K3S12C1',4),(100253,'K3S12','K3S12C2',4),(100253,'K3S12','K3S12C3',4),(100255,'H3S12','H3S12C1',4),(100255,'H3S12','H3S12C2',2),(100255,'H3S12','H3S12C3',3),(100255,'I3S12','I3S12C1',2),(100255,'I3S12','I3S12C2',1),(100255,'I3S12','I3S12C3',2),(100255,'K3S12','K3S12C1',3),(100255,'K3S12','K3S12C2',4),(100255,'K3S12','K3S12C3',4),(100258,'A2S12','A2S12C1',4),(100258,'A2S12','A2S12C2',4),(100258,'A2S12','A2S12C3',2),(100258,'B2S12','B2S12C1',3),(100258,'B2S12','B2S12C2',3),(100258,'B2S12','B2S12C3',3),(100258,'C3S12','C3S12C1',4),(100258,'C3S12','C3S12C2',4),(100258,'C3S12','C3S12C3',4),(100258,'C3S12','C3S12C4',3),(100258,'I2S12','I2S12C1',4),(100258,'I2S12','I2S12C2',4),(100258,'I2S12','I2S12C3',4),(100258,'I2S12','I2S12C4',4),(100258,'J5F12','J5F12C1',4),(100258,'J5F12','J5F12C2',4),(100258,'J5F12','J5F12C3',4),(100258,'J5F12','J5F12C4',4),(100258,'J5F12','J5F12C5',4),(100258,'J5F12','J5F12C6',4),(100258,'K2F12','K2F12C1',4),(100258,'K2F12','K2F12C2',4),(100258,'K2F12','K2F12C3',4),(100258,'K2F12','K2F12C4',4),(100258,'K2F12','K2F12C5',4),(100259,'A3F12','A3F12C1',2),(100259,'A3F12','A3F12C2',4),(100259,'A3F12','A3F12C3',3),(100259,'B3F12','B3F12C1',3),(100259,'B3F12','B3F12C2',2),(100259,'B3F12','B3F12C3',4),(100260,'A2F12','A2F12C1',2),(100260,'A2F12','A2F12C2',2),(100260,'A2F12','A2F12C3',2),(100260,'A2F12','A2F12C4',1),(100260,'B1F12','B1F12C1',1),(100260,'B1F12','B1F12C2',4),(100260,'B1F12','B1F12C3',4),(100260,'B2F11','B2F11C1',4),(100260,'B2F11','B2F11C2',3),(100260,'B2F11','B2F11C3',3),(100260,'C2F11','C2F11C1',3),(100260,'C2F11','C2F11C2',3),(100260,'C2F11','C2F11C3',3),(100260,'C2F11','C2F11C4',4),(100260,'C3F11','C3F11C1',4),(100260,'C3F11','C3F11C2',4),(100260,'C3F11','C3F11C3',4),(100260,'C3F11','C3F11C4',4),(100260,'E3F11','E3F11C1',3),(100260,'E3F11','E3F11C2',3),(100260,'I1F11','I1F11C1',2),(100260,'I1F11','I1F11C2',3),(100260,'I1F11','I1F11C3',2),(100260,'I2F11','I2F11C1',4),(100260,'I2F11','I2F11C2',4),(100260,'I2F11','I2F11C3',4),(100260,'I2F11','I2F11C4',4),(100260,'J5F11','J5F11C1',3),(100260,'J5F11','J5F11C2',4),(100260,'J5F11','J5F11C3',4),(100260,'J5F11','J5F11C4',4),(100260,'J5F11','J5F11C5',4),(100260,'J5F11','J5F11C6',3),(100260,'J6F12','J6F12C1',4),(100260,'J6F12','J6F12C2',3),(100260,'J6F12','J6F12C3',4),(100260,'K2F12','K2F12C1',2),(100260,'K2F12','K2F12C2',4),(100260,'K2F12','K2F12C3',4),(100260,'K2F12','K2F12C4',4),(100260,'K2F12','K2F12C5',4),(100262,'B2F12','B2F12C1',3),(100262,'B2F12','B2F12C2',1),(100262,'B2F12','B2F12C3',3),(100262,'C2F12','C2F12C1',0),(100262,'C2F12','C2F12C2',0),(100262,'C2F12','C2F12C3',0),(100262,'C2F12','C2F12C4',0),(100262,'C3F12','C3F12C1',3),(100262,'C3F12','C3F12C2',1),(100262,'C3F12','C3F12C3',3),(100262,'C3F12','C3F12C4',4),(100262,'I2F12','I2F12C1',2),(100262,'I2F12','I2F12C2',2),(100262,'I2F12','I2F12C3',3),(100262,'I2F12','I2F12C4',2),(100262,'J5F12','J5F12C1',3),(100262,'J5F12','J5F12C2',4),(100262,'J5F12','J5F12C3',4),(100262,'J5F12','J5F12C4',4),(100262,'J5F12','J5F12C5',4),(100262,'J5F12','J5F12C6',4),(100262,'K2F12','K2F12C1',0),(100262,'K2F12','K2F12C2',0),(100262,'K2F12','K2F12C3',0),(100262,'K2F12','K2F12C4',0),(100262,'K2F12','K2F12C5',0),(100263,'A1F12','A1F12C1',4),(100263,'A1F12','A1F12C2',4),(100263,'A1F12','A1F12C3',4),(100263,'B1F12','B1F12C1',3),(100263,'B1F12','B1F12C2',4),(100263,'B1F12','B1F12C3',3),(100264,'A1F12','A1F12C1',4),(100264,'A1F12','A1F12C2',4),(100264,'A1F12','A1F12C3',4),(100264,'A1F12','A1F12C4',4),(100264,'A4F12','A4F12C1',2),(100264,'A4F12','A4F12C2',1),(100264,'A4F12','A4F12C3',1),(100264,'B1F12','B1F12C1',3),(100264,'B1F12','B1F12C2',3),(100264,'B1F12','B1F12C3',3),(100264,'B4F12','B4F12C1',1),(100264,'B4F12','B4F12C2',1),(100264,'B4F12','B4F12C3',2),(100264,'C1F12','C1F12C1',4),(100264,'C1F12','C1F12C2',4),(100264,'C1F12','C1F12C3',4),(100264,'C1F12','C1F12C4',4),(100264,'D1F12','D1F12C1',4),(100264,'D1F12','D1F12C2',3),(100264,'D1F12','D1F12C3',3),(100264,'D1F12','D1F12C4',4),(100264,'D1F12','D1F12C5',4),(100264,'D1F12','D1F12C6',4),(100264,'D3F12','D3F12C1',4),(100264,'D3F12','D3F12C2',4),(100264,'D3F12','D3F12C3',4),(100264,'D3F12','D3F12C4',4),(100264,'E1F12','E1F12C1',4),(100264,'E1F12','E1F12C2',4),(100264,'E1F12','E1F12C3',4),(100264,'E1F12','E1F12C4',4),(100264,'E1F12','E1F12C5',4),(100264,'E2F12','E2F12C1',3),(100264,'E2F12','E2F12C2',2),(100264,'E2F12','E2F12C3',3),(100264,'E2F12','E2F12C4',4),(100264,'E2F12','E2F12C5',2),(100264,'E2F12','E2F12C6',3),(100264,'E2F12','E2F12C7',4),(100264,'F1F12','F1F12C1',3),(100264,'F1F12','F1F12C2',2),(100264,'F1F12','F1F12C3',2),(100264,'F1F12','F1F12C4',2),(100264,'F3F12','F3F12C1',3),(100264,'F3F12','F3F12C2',3),(100264,'F3F12','F3F12C3',3),(100264,'F3F12','F3F12C4',3),(100264,'G3F12','G3F12C1',2),(100264,'G3F12','G3F12C2',2),(100264,'G3F12','G3F12C3',3),(100264,'G3F12','G3F12C4',2),(100264,'H1F12','H1F12C1',3),(100264,'H1F12','H1F12C2',3),(100264,'H1F12','H1F12C3',2),(100264,'H1F12','H1F12C4',2),(100264,'J1F12','J1F12C1',1),(100264,'J1F12','J1F12C2',3),(100264,'J1F12','J1F12C3',4),(100264,'J2F12','J2F12C1',3),(100264,'J2F12','J2F12C2',2),(100264,'J4F12','J4F12C1',3),(100264,'J4F12','J4F12C2',3),(100264,'J6F12','J6F12C1',4),(100264,'J6F12','J6F12C2',2),(100264,'J6F12','J6F12C3',2),(100264,'J6F12','J6F12C4',2),(100264,'K1F12','K1F12C1',2),(100264,'K1F12','K1F12C2',1),(100264,'K1F12','K1F12C3',2),(100265,'A3F12','A3F12C1',4),(100265,'A3F12','A3F12C2',4),(100265,'A3F12','A3F12C3',4),(100265,'B3F12','B3F12C1',4),(100265,'B3F12','B3F12C2',4),(100265,'B3F12','B3F12C3',4),(100266,'A1F12','A1F12C1',4),(100266,'A1F12','A1F12C2',4),(100266,'A1F12','A1F12C3',4),(100266,'A1F12','A1F12C4',4),(100266,'A4F12','A4F12C1',2),(100266,'A4F12','A4F12C2',3),(100266,'A4F12','A4F12C3',2),(100266,'B1F12','B1F12C1',4),(100266,'B1F12','B1F12C2',4),(100266,'B1F12','B1F12C3',4),(100266,'B4F12','B4F12C1',1),(100266,'B4F12','B4F12C2',3),(100266,'B4F12','B4F12C3',1),(100266,'C1F12','C1F12C1',4),(100266,'C1F12','C1F12C2',4),(100266,'C1F12','C1F12C3',4),(100266,'C1F12','C1F12C4',4),(100266,'D1F12','D1F12C1',3),(100266,'D1F12','D1F12C2',2),(100266,'D1F12','D1F12C3',2),(100266,'D1F12','D1F12C4',3),(100266,'D1F12','D1F12C5',3),(100266,'D1F12','D1F12C6',3),(100266,'D2F12','D2F12C1',4),(100266,'D2F12','D2F12C2',3),(100266,'D2F12','D2F12C3',3),(100266,'D2F12','D2F12C4',4),(100266,'D2F12','D2F12C3',4),(100266,'D2F12','D2F12C6',4),(100266,'D3F12','D3F12C1',3),(100266,'D3F12','D3F12C2',4),(100266,'D3F12','D3F12C3',4),(100266,'D3F12','D3F12C4',3),(100266,'E2F12','E2F12C1',3),(100266,'E2F12','E2F12C2',3),(100266,'E2F12','E2F12C3',3),(100266,'E2F12','E2F12C4',3),(100266,'E2F12','E2F12C5',2),(100266,'E2F12','E2F12C6',3),(100266,'E2F12','E2F12C7',3),(100266,'E3F12','E3F12C1',4),(100266,'E3F12','E3F12C2',4),(100266,'F2F12','F2F12C1',3),(100266,'F2F12','F2F12C2',3),(100266,'F2F12','F2F12C3',3),(100266,'F2F12','F2F12C4',3),(100266,'F3F12','F3F12C1',3),(100266,'F3F12','F3F12C2',4),(100266,'F3F12','F3F12C3',3),(100266,'F3F12','F3F12C4',2),(100266,'G2F12','G2F12C1',4),(100266,'G2F12','G2F12C2',4),(100266,'G3F12','G3F12C1',3),(100266,'G3F12','G3F12C2',3),(100266,'G3F12','G3F12C3',3),(100266,'G3F12','G3F12C4',2),(100266,'H2F12','H2F12C1',3),(100266,'J1F12','J1F12C1',2),(100266,'J1F12','J1F12C2',3),(100266,'J1F12','J1F12C3',0),(100266,'J2F12','J2F12C1',4),(100266,'J2F12','J2F12C2',3),(100266,'J3F12','J3F12C1',4),(100266,'J3F12','J3F12C2',4),(100266,'J3F12','J3F12C3',2),(100266,'J4F12','J4F12C1',4),(100266,'J4F12','J4F12C2',4),(100266,'J6F12','J6F12C1',3),(100266,'J6F12','J6F12C2',4),(100266,'J6F12','J6F12C3',4),(100266,'J6F12','J6F12C4',4),(100266,'K1F12','K1F12C1',3),(100266,'K1F12','K1F12C2',3),(100266,'K1F12','K1F12C3',2),(100267,'A1F12','A1F12C1',4),(100267,'A1F12','A1F12C2',4),(100267,'A1F12','A1F12C3',4),(100267,'A2F12','A2F12C1',3),(100267,'A2F12','A2F12C2',2),(100267,'A2F12','A2F12C3',3),(100267,'A2F12','A2F12C4',2),(100267,'B1F12','B1F12C1',4),(100267,'B1F12','B1F12C2',4),(100267,'B1F12','B1F12C3',3),(100267,'B2F12','B2F12C1',2),(100267,'B2F12','B2F12C2',2),(100267,'B2F12','B2F12C3',3),(100267,'C1F12','C1F12C1',4),(100267,'C1F12','C1F12C2',4),(100267,'C1F12','C1F12C3',4),(100267,'C1F12','C1F12C4',3),(100267,'C2F11','C2F11C1',4),(100267,'C2F11','C2F11C2',4),(100267,'C2F11','C2F11C3',4),(100267,'C2F11','C2F11C4',4),(100267,'C3F11','C3F11C1',4),(100267,'C3F11','C3F11C2',4),(100267,'C3F11','C3F11C3',4),(100267,'C3F11','C3F11C4',4),(100267,'D3F11','D3F11C1',4),(100267,'D3F11','D3F11C2',4),(100267,'D3F11','D3F11C3',4),(100267,'D3F11','D3F11C4',4),(100267,'E1F11','E1F11C1',4),(100267,'E1F11','E1F11C2',2),(100267,'E1F11','E1F11C3',4),(100267,'E1F11','E1F11C4',3),(100267,'E1F11','E1F11C5',4),(100267,'E2F11','E2F11C1',3),(100267,'E2F11','E2F11C2',2),(100267,'E2F11','E2F11C3',3),(100267,'E2F11','E2F11C4',3),(100267,'E2F11','E2F11C5',2),(100267,'E2F11','E2F11C6',3),(100267,'E2F11','E2F11C7',3),(100267,'E3F11','E3F11C1',3),(100267,'E3F11','E3F11C2',4),(100267,'F1F11','F1F11C1',4),(100267,'F1F11','F1F11C2',1),(100267,'F1F11','F1F11C3',4),(100267,'F1F11','F1F11C4',3),(100267,'F3F11','F3F11C1',4),(100267,'F3F11','F3F11C2',3),(100267,'F3F11','F3F11C3',4),(100267,'F3F11','F3F11C4',4),(100267,'G1F11','G1F11C1',4),(100267,'G1F11','G1F11C2',4),(100267,'G1F11','G1F11C3',2),(100267,'G3F11','G3F11C1',4),(100267,'G3F11','G3F11C2',4),(100267,'G3F11','G3F11C3',4),(100267,'G3F11','G3F11C4',4),(100267,'H1F11','H1F11C1',4),(100267,'H1F11','H1F11C2',3),(100267,'H1F11','H1F11C3',3),(100267,'H3S12','H3S12C1',4),(100267,'H3S12','H3S12C2',4),(100267,'H3S12','H3S12C3',3),(100267,'I1S12','I1S12C1',3),(100267,'I1S12','I1S12C2',3),(100267,'I1S12','I1S12C3',2),(100267,'I2S12','I2S12C1',4),(100267,'I2S12','I2S12C2',4),(100267,'I2S12','I2S12C3',1),(100267,'I2S12','I2S12C4',3),(100267,'I3S12','I3S12C1',3),(100267,'I3S12','I3S12C2',2),(100267,'I3S12','I3S12C3',2),(100267,'J4S12','J4S12C1',4),(100267,'J4S12','J4S12C2',4),(100267,'J5F11','J5F11C1',3),(100267,'J5F11','J5F11C2',1),(100267,'J5F11','J5F11C3',1),(100267,'J5F11','J5F11C4',1),(100267,'J5F11','J5F11C5',2),(100267,'J5F11','J5F11C6',3),(100267,'J6F12','J6F12C1',3),(100267,'J6F12','J6F12C2',2),(100267,'J6F12','J6F12C3',4),(100267,'K2F11','K2F11C1',4),(100267,'K2F11','K2F11C2',4),(100267,'K2F11','K2F11C3',4),(100267,'K2F11','K2F11C4',3),(100267,'K2F11','K2F11C5',4),(100267,'K3S12','K3S12C1',4),(100267,'K3S12','K3S12C2',4),(100267,'K3S12','K3S12C3',4),(100268,'A3S12','A3S12C1',4),(100268,'A3S12','A3S12C2',4),(100268,'A3S12','A3S12C3',4),(100269,'A2S12','A2S12C1',1),(100269,'A2S12','A2S12C2',4),(100269,'A2S12','A2S12C3',2),(100269,'A3S12','A3S12C1',4),(100269,'A3S12','A3S12C2',4),(100269,'A3S12','A3S12C3',4),(100269,'B2S12','B2S12C1',4),(100269,'B2S12','B2S12C2',4),(100269,'B2S12','B2S12C3',4),(100269,'B3S12','B3S12C1',2),(100269,'B3S12','B3S12C2',2),(100269,'B3S12','B3S12C3',3),(100269,'C2S12','C2S12C1',3),(100269,'C2S12','C2S12C2',4),(100269,'C2S12','C2S12C3',4),(100269,'C2S12','C2S12C4',4),(100269,'C3S12','C3S12C1',4),(100269,'C3S12','C3S12C2',3),(100269,'C3S12','C3S12C3',4),(100269,'C3S12','C3S12C4',4),(100269,'E2S12','E2S12C1',4),(100269,'E2S12','E2S12C2',4),(100269,'E2S12','E2S12C3',3),(100269,'E2S12','E2S12C4',3),(100269,'E2S12','E2S12C5',4),(100269,'E2S12','E2S12C6',4),(100269,'E3S12','E3S12C1',3),(100269,'E3S12','E3S12C2',4),(100269,'F3S12','F3S12C1',3),(100269,'F3S12','F3S12C2',2),(100269,'F3S12','F3S12C3',3),(100269,'F3S12','F3S12C4',3),(100269,'G3S12','G3S12C1',4),(100269,'G3S12','G3S12C2',4),(100269,'G3S12','G3S12C3',4),(100269,'G3S12','G3S12C4',3),(100269,'I1S12','I1S12C1',3),(100269,'I1S12','I1S12C2',4),(100269,'I1S12','I1S12C3',4),(100269,'J5S12','J5S12C1',4),(100269,'J5S12','J5S12C2',4),(100269,'J5S12','J5S12C3',4),(100269,'J5S12','J5S12C4',4),(100269,'J5S12','J5S12C5',4),(100269,'J5S12','J5S12C6',3),(100269,'J5F11','J5F11C1',3),(100269,'J5F11','J5F11C2',3),(100269,'J5F11','J5F11C3',3),(100269,'J5F11','J5F11C4',3),(100269,'J5F11','J5F11C5',3),(100269,'J5F11','J5F11C6',3),(100269,'K2F11','K2F11C1',2),(100269,'K2F11','K2F11C2',3),(100269,'K2F11','K2F11C3',4),(100269,'K2F11','K2F11C4',3),(100269,'K2F11','K2F11C5',3),(100271,'A2F11','A2F11C1',0),(100271,'A2F11','A2F11C2',0),(100271,'A2F11','A2F11C3',0),(100271,'A2F11','A2F11C4',0),(100271,'I1F11','I1F11C1',3),(100271,'I1F11','I1F11C2',3),(100271,'I1F11','I1F11C3',2),(100273,'A3F11','A3F11C1',3),(100273,'A3F11','A3F11C2',4),(100273,'A3F11','A3F11C3',3),(100274,'E1F11','E1F11C1',4),(100274,'E1F11','E1F11C2',4),(100274,'E1F11','E1F11C3',4),(100274,'E1F11','E1F11C4',4),(100274,'E1F11','E1F11C5',4),(100274,'F1F11','F1F11C1',4),(100274,'F1F11','F1F11C2',2),(100274,'F1F11','F1F11C3',4),(100274,'F1F11','F1F11C4',3),(100274,'G1F11','G1F11C1',4),(100274,'G1F11','G1F11C2',3),(100274,'G1F11','G1F11C3',3),(100274,'H1F11','H1F11C1',3),(100274,'H1F11','H1F11C2',4),(100274,'H1F11','H1F11C3',4),(100274,'H1F11','H1F11C4',4),(100275,'A3F11','A3F11C1',3),(100275,'A3F11','A3F11C2',4),(100275,'A3F11','A3F11C3',4),(100275,'B3F11','B3F11C1',3),(100275,'B3F11','B3F11C2',2),(100275,'B3F11','B3F11C3',4),(100276,'A2F11','A2F11C1',4),(100276,'A2F11','A2F11C2',4),(100276,'A2F11','A2F11C3',2),(100276,'A2F11','A2F11C1',4),(100276,'A2F11','A2F11C2',4),(100276,'A2F11','A2F11C3',4),(100276,'A3F11','A3F11C1',3),(100276,'A3F11','A3F11C2',4),(100276,'A3F11','A3F11C3',3),(100276,'B2F11','B2F11C1',2),(100276,'B2F11','B2F11C2',3),(100276,'B2F11','B2F11C3',3),(100276,'B3F11','B3F11C1',2),(100276,'B3F11','B3F11C2',2),(100276,'B3F11','B3F11C3',3),(100276,'C2F12','C2F12C1',2),(100276,'C2F12','C2F12C2',4),(100276,'C2F12','C2F12C3',3),(100276,'C2F12','C2F12C4',2),(100276,'C3F12','C3F12C1',4),(100276,'C3F12','C3F12C2',1),(100276,'C3F12','C3F12C3',2),(100276,'C3F12','C3F12C4',1),(100276,'I1F12','I1F12C1',2),(100276,'I1F12','I1F12C2',2),(100276,'I1F12','I1F12C3',1),(100276,'I2F12','I2F12C1',3),(100276,'I2F12','I2F12C2',3),(100276,'I2F12','I2F12C3',2),(100276,'I2F12','I2F12C4',3),(100276,'K2F12','K2F12C1',3),(100276,'K2F12','K2F12C2',4),(100276,'K2F12','K2F12C3',3),(100276,'K2F12','K2F12C4',3),(100276,'K2F12','K2F12C5',3),(100277,'A2F12','A2F12C1',4),(100277,'A2F12','A2F12C2',3),(100277,'A2F12','A2F12C3',2),(100277,'A3F12','A3F12C1',4),(100277,'A3F12','A3F12C2',3),(100277,'A3F12','A3F12C3',3),(100277,'A3F12','A3F12C1',3),(100277,'A3F12','A3F12C2',4),(100277,'A3F12','A3F12C3',3),(100277,'B2F12','B2F12C1',3),(100277,'B2F12','B2F12C2',3),(100277,'B2F12','B2F12C3',3),(100277,'B2F12','B2F12C1',3),(100277,'B2F12','B2F12C2',3),(100277,'B2F12','B2F12C3',2),(100277,'B3F12','B3F12C1',1),(100277,'B3F12','B3F12C2',1),(100277,'B3F12','B3F12C3',1),(100277,'B3F12','B3F12C1',3),(100277,'B3F12','B3F12C2',4),(100277,'B3F12','B3F12C3',3),(100277,'C3F12','C3F12C1',1),(100277,'C3F12','C3F12C2',1),(100277,'C3F12','C3F12C3',1),(100277,'C3F12','C3F12C4',1),(100277,'C3F12','C3F12C1',1),(100277,'C3F12','C3F12C2',1),(100277,'C3F12','C3F12C3',1),(100277,'C3F12','C3F12C4',2),(100277,'I1F12','I1F12C1',2),(100277,'I1F12','I1F12C2',2),(100277,'I1F12','I1F12C3',3),(100277,'I2F12','I2F12C1',3),(100277,'I2F12','I2F12C2',3),(100277,'I2F12','I2F12C3',3),(100277,'I2F12','I2F12C4',3),(100277,'I2F12','I2F12C1',3),(100277,'I2F12','I2F12C2',3),(100277,'I2F12','I2F12C3',1),(100277,'I2F12','I2F12C4',2),(100278,'C2F11','C2F11C1',3),(100278,'C2F11','C2F11C2',4),(100278,'C2F11','C2F11C3',2),(100278,'C2F11','C2F11C4',2),(100278,'E2F11','E2F11C1',2),(100278,'E2F11','E2F11C2',2),(100278,'E2F11','E2F11C3',3),(100278,'E2F11','E2F11C4',3),(100278,'E2F11','E2F11C5',1),(100278,'E2F11','E2F11C6',2),(100278,'E3F11','E3F11C1',4),(100278,'E3F11','E3F11C2',4),(100278,'F2F11','F2F11C1',3),(100278,'F2F11','F2F11C2',3),(100278,'F2F11','F2F11C3',3),(100278,'F2F11','F2F11C4',4),(100278,'F3F11','F3F11C1',4),(100278,'F3F11','F3F11C2',4),(100278,'F3F11','F3F11C3',3),(100278,'F3F11','F3F11C4',3),(100278,'G2F11','G2F11C1',3),(100278,'G2F11','G2F11C2',3),(100278,'G3F11','G3F11C1',4),(100278,'G3F11','G3F11C2',4),(100278,'G3F11','G3F11C3',4),(100278,'G3F11','G3F11C4',3),(100278,'H2F11','H2F11C1',3),(100278,'J5F11','J5F11C1',4),(100278,'J5F11','J5F11C2',3),(100278,'J5F11','J5F11C3',3),(100278,'J5F11','J5F11C4',3),(100278,'J5F11','J5F11C5',3),(100278,'J5F11','J5F11C6',3),(100278,'K2F11','K2F11C1',3),(100278,'K2F11','K2F11C2',4),(100278,'K2F11','K2F11C3',3),(100278,'K2F11','K2F11C4',4),(100278,'K2F11','K2F11C5',3),(100279,'A3F12','A3F12C1',4),(100279,'A3F12','A3F12C2',4),(100279,'A3F12','A3F12C3',4),(100279,'B3F12','B3F12C1',2),(100279,'B3F12','B3F12C2',3),(100279,'B3F12','B3F12C3',3),(100280,'A1F11','A1F11C1',4),(100280,'A1F11','A1F11C2',4),(100280,'A1F11','A1F11C3',4),(100280,'A1F11','A1F11C4',4),(100280,'A4F11','A4F11C1',4),(100280,'A4F11','A4F11C2',4),(100280,'A4F11','A4F11C3',4),(100280,'B1F11','B1F11C1',4),(100280,'B1F11','B1F11C2',3),(100280,'B1F11','B1F11C3',4),(100280,'B4F11','B4F11C1',4),(100280,'B4F11','B4F11C2',4),(100280,'B4F11','B4F11C3',3),(100280,'C1F11','C1F11C1',4),(100280,'C1F11','C1F11C2',4),(100280,'C1F11','C1F11C3',4),(100280,'C1F11','C1F11C4',4),(100280,'C2F11','C2F11C1',4),(100280,'C2F11','C2F11C2',4),(100280,'C2F11','C2F11C3',4),(100280,'C2F11','C2F11C4',4),(100280,'D1F11','D1F11C1',4),(100280,'D1F11','D1F11C2',4),(100280,'D1F11','D1F11C3',4),(100280,'D1F11','D1F11C4',3),(100280,'D1F11','D1F11C5',4),(100280,'D1F11','D1F11C6',4),(100280,'D2F11','D2F11C1',4),(100280,'D2F11','D2F11C2',4),(100280,'D2F11','D2F11C3',4),(100280,'D2F11','D2F11C4',4),(100280,'D2F11','D2F11C3',4),(100280,'D2F11','D2F11C6',4),(100280,'D3F11','D3F11C1',4),(100280,'D3F11','D3F11C2',4),(100280,'D3F11','D3F11C3',4),(100280,'D3F11','D3F11C4',4),(100280,'D3F11','D3F11C1',4),(100280,'D3F11','D3F11C2',4),(100280,'D3F11','D3F11C3',4),(100280,'D3F11','D3F11C4',4),(100280,'D3F11','D3F11C5',4),(100280,'E2F11','E2F11C1',4),(100280,'E2F11','E2F11C2',4),(100280,'E2F11','E2F11C3',4),(100280,'E2F11','E2F11C4',3),(100280,'E2F11','E2F11C5',3),(100280,'E2F11','E2F11C6',4),(100280,'E2F11','E2F11C7',3),(100280,'E3F11','E3F11C1',4),(100280,'E3F11','E3F11C2',3),(100280,'E3F11','E3F11C1',4),(100280,'E3F11','E3F11C2',4),(100280,'E3F11','E3F11C3',4),(100280,'E3F11','E3F11C4',3),(100280,'F2F11','F2F11C1',3),(100280,'F2F11','F2F11C2',3),(100280,'F2F11','F2F11C3',3),(100280,'F2F11','F2F11C4',3),(100280,'F3F11','F3F11C1',4),(100280,'F3F11','F3F11C2',4),(100280,'F3F11','F3F11C3',4),(100280,'F3F11','F3F11C4',4),(100280,'F3F11','F3F11C1',4),(100280,'F3F11','F3F11C2',4),(100280,'F3F11','F3F11C3',4),(100280,'F3F11','F3F11Cd',3),(100280,'G2F11','G2F11C1',3),(100280,'G2F11','G2F11C2',3),(100280,'G3F11','G3F11C1',3),(100280,'G3F11','G3F11C2',4),(100280,'G3F11','G3F11C3',4),(100280,'G3F11','G3F11C4',4),(100280,'G3F11','G3F11C1',4),(100280,'G3F11','G3F11C2',4),(100280,'G3F11','G3F11C3',4),(100280,'H2F11','H2F11C1',3),(100280,'I3F11','I3F11C1',2),(100280,'I3F11','I3F11C2',4),(100280,'I3F11','I3F11C3',3),(100280,'J1F11','J1F11C1',4),(100280,'J1F11','J1F11C2',4),(100280,'J1F11','J1F11C3',4),(100280,'J2F11','J2F11C1',4),(100280,'J2F11','J2F11C2',4),(100280,'J3F11','J3F11C1',4),(100280,'J3F11','J3F11C2',4),(100280,'J3F11','J3F11C3',3),(100280,'J4F11','J4F11C1',4),(100280,'J4F11','J4F11C2',4),(100280,'J5F11','J5F11C1',4),(100280,'J5F11','J5F11C2',4),(100280,'J5F11','J5F11C3',4),(100280,'J5F11','J5F11C4',4),(100280,'J5F11','J5F11C5',4),(100280,'J5F11','J5F11C6',4),(100280,'J6F11','J6F11C1',4),(100280,'J6F11','J6F11C2',4),(100280,'J6F11','J6F11C3',4),(100280,'J6F11','J6F11C4',4),(100280,'K1F11','K1F11C1',3),(100280,'K1F11','K1F11C2',3),(100280,'K1F11','K1F11C3',3),(100280,'K2F11','K2F11C1',4),(100280,'K2F11','K2F11C2',4),(100280,'K2F11','K2F11C3',4),(100280,'K2F11','K2F11C4',4),(100280,'K2F11','K2F11C5',4),(100280,'K3F11','K3F11C1',3),(100280,'K3F11','K3F11C2',4),(100280,'K3F11','K3F11C3',4),(100281,'A1F11','A1F11C1',4),(100281,'A1F11','A1F11C2',4),(100281,'A1F11','A1F11C3',4),(100281,'A1F11','A1F11C4',4),(100281,'B1F11','B1F11C1',3),(100281,'B1F11','B1F11C2',2),(100281,'B1F11','B1F11C3',3),(100281,'C1F11','C1F11C1',4),(100281,'C1F11','C1F11C2',4),(100281,'C1F11','C1F11C3',4),(100281,'C1F11','C1F11C4',4),(100281,'C2F11','C2F11C1',3),(100281,'C2F11','C2F11C2',2),(100281,'C2F11','C2F11C3',3),(100281,'C2F11','C2F11C4',3),(100281,'D3F11','D3F11C1',4),(100281,'D3F11','D3F11C2',4),(100281,'D3F11','D3F11C3',4),(100281,'D3F11','D3F11C4',4),(100281,'E1F11','E1F11C1',2),(100281,'E1F11','E1F11C2',3),(100281,'E1F11','E1F11C3',2),(100281,'E1F11','E1F11C4',3),(100281,'E1F11','E1F11C5',3),(100281,'E2F11','E2F11C1',3),(100281,'E2F11','E2F11C2',3),(100281,'E2F11','E2F11C3',3),(100281,'E2F11','E2F11C4',3),(100281,'E2F11','E2F11C5',3),(100281,'E2F11','E2F11C6',3),(100281,'E2F11','E2F11C7',3),(100281,'F1F11','F1F11C1',3),(100281,'F1F11','F1F11C2',3),(100281,'F1F11','F1F11C3',2),(100281,'F1F11','F1F11C4',3),(100281,'F3F11','F3F11C1',3),(100281,'F3F11','F3F11C2',3),(100281,'F3F11','F3F11C3',3),(100281,'F3F11','F3F11C4',2),(100281,'G1F11','G1F11C1',3),(100281,'G1F11','G1F11C2',3),(100281,'G1F11','G1F11C3',3),(100281,'G3F11','G3F11C1',3),(100281,'G3F11','G3F11C2',3),(100281,'G3F11','G3F11C3',2),(100281,'G3F11','G3F11C4',3),(100281,'H1F11','H1F11C1',4),(100281,'H1F11','H1F11C2',2),(100281,'H1F11','H1F11C3',2),(100281,'H3F11','H3F11C1',4),(100281,'H3F11','H3F11C2',3),(100281,'H3F11','H3F11C3',2),(100281,'I3F11','I3F11C1',2),(100281,'I3F11','I3F11C2',2),(100281,'I3F11','I3F11C3',4),(100281,'J4F11','J4F11C1',4),(100281,'J4F11','J4F11C2',2),(100281,'J5F11','J5F11C1',2),(100281,'J5F11','J5F11C2',1),(100281,'J5F11','J5F11C3',1),(100281,'J5F11','J5F11C4',3),(100281,'J5F11','J5F11C5',3),(100281,'J5F11','J5F11C6',1),(100281,'J6F11','J6F11C1',4),(100281,'J6F11','J6F11C2',2),(100281,'J6F11','J6F11C3',4),(100281,'J6F11','J6F11C4',2),(100281,'K2F11','K2F11C1',3),(100281,'K2F11','K2F11C2',2),(100281,'K2F11','K2F11C3',3),(100281,'K2F11','K2F11C4',4),(100281,'K2F11','K2F11C5',2),(100281,'K3F11','K3F11C1',3),(100281,'K3F11','K3F11C2',4),(100281,'K3F11','K3F11C3',4),(100282,'A2F11','A2F11C1',1),(100282,'A2F11','A2F11C2',4),(100282,'A2F11','A2F11C3',2),(100282,'A3F11','A3F11C1',3),(100282,'A3F11','A3F11C2',3),(100282,'A3F11','A3F11C3',3),(100282,'B2F11','B2F11C1',4),(100282,'B2F11','B2F11C2',2),(100282,'B2F11','B2F11C3',4),(100282,'B3F11','B3F11C1',4),(100282,'B3F11','B3F11C2',2),(100282,'B3F11','B3F11C3',3),(100282,'C2F11','C2F11C1',2),(100282,'C2F11','C2F11C2',4),(100282,'C2F11','C2F11C3',2),(100282,'C2F11','C2F11C4',4),(100282,'C3F11','C3F11C1',4),(100282,'C3F11','C3F11C2',4),(100282,'C3F11','C3F11C3',4),(100282,'C3F11','C3F11C4',4),(100282,'D1F12','D1F12C1',4),(100282,'D1F12','D1F12C2',4),(100282,'D1F12','D1F12C3',4),(100282,'D1F12','D1F12C4',4),(100282,'D1F12','D1F12C5',4),(100282,'D1F12','D1F12C6',4),(100282,'H3S12','H3S12C1',4),(100282,'H3S12','H3S12C2',3),(100282,'H3S12','H3S12C3',3),(100282,'I1S12','I1S12C1',3),(100282,'I1S12','I1S12C2',3),(100282,'I1S12','I1S12C3',3),(100282,'I2S12','I2S12C1',4),(100282,'I2S12','I2S12C2',4),(100282,'I2S12','I2S12C3',3),(100282,'I2S12','I2S12C4',4),(100282,'I3S12','I3S12C1',3),(100282,'I3S12','I3S12C2',1),(100282,'I3S12','I3S12C3',3),(100282,'J2F12','J2F12C1',3),(100282,'J2F12','J2F12C2',3),(100282,'J5F11','J5F11C1',3),(100282,'J5F11','J5F11C2',3),(100282,'J5F11','J5F11C3',3),(100282,'J5F11','J5F11C4',3),(100282,'J5F11','J5F11C5',3),(100282,'J5F11','J5F11C6',3),(100282,'K1F12','K1F12C1',2),(100282,'K1F12','K1F12C2',3),(100282,'K1F12','K1F12C3',2),(100282,'K2F11','K2F11C1',4),(100282,'K2F11','K2F11C2',3),(100282,'K2F11','K2F11C3',4),(100282,'K2F11','K2F11C4',4),(100282,'K2F11','K2F11C5',3),(100282,'K3S12','K3S12C1',3),(100282,'K3S12','K3S12C2',4),(100282,'K3S12','K3S12C3',4),(100283,'A2S12','A2S12C1',4),(100283,'A2S12','A2S12C2',4),(100283,'A2S12','A2S12C3',1),(100283,'A3S12','A3S12C1',3),(100283,'A3S12','A3S12C2',3),(100283,'A3S12','A3S12C3',3),(100283,'B3S12','B3S12C1',4),(100283,'B3S12','B3S12C2',4),(100283,'B3S12','B3S12C3',4),(100283,'C2S12','C2S12C1',0),(100283,'C2S12','C2S12C2',0),(100283,'C2S12','C2S12C3',0),(100283,'C2S12','C2S12C4',0),(100283,'I1S12','I1S12C1',4),(100283,'I1S12','I1S12C2',4),(100283,'I1S12','I1S12C3',4),(100283,'I2S12','I2S12C1',2),(100283,'I2S12','I2S12C2',2),(100283,'I2S12','I2S12C3',2),(100283,'I2S12','I2S12C4',2),(100283,'K2S12','K2S12C1',3),(100283,'K2S12','K2S12C2',3),(100283,'K2S12','K2S12C3',4),(100283,'K2S12','K2S12C4',4),(100283,'K2S12','K2S12C5',4),(100284,'A2S12','A2S12C1',4),(100284,'A2S12','A2S12C2',4),(100284,'A2S12','A2S12C3',4),(100284,'A2S12','A2S12C4',1),(100284,'B2F11','B2F11C1',3),(100284,'B2F11','B2F11C2',2),(100284,'B2F11','B2F11C3',3),(100284,'B3F11','B3F11C1',3),(100284,'B3F11','B3F11C2',3),(100284,'B3F11','B3F11C3',4),(100284,'C2F11','C2F11C1',3),(100284,'C2F11','C2F11C2',3),(100284,'C2F11','C2F11C3',3),(100284,'C2F11','C2F11C4',3),(100284,'C3F11','C3F11C1',4),(100284,'C3F11','C3F11C2',4),(100284,'C3F11','C3F11C3',3),(100284,'C3F11','C3F11C4',4),(100284,'I1F11','I1F11C1',3),(100284,'I1F11','I1F11C2',3),(100284,'I1F11','I1F11C3',2),(100284,'I2F11','I2F11C1',4),(100284,'I2F11','I2F11C2',4),(100284,'I2F11','I2F11C3',3),(100284,'I2F11','I2F11C4',4),(100284,'J5F11','J5F11C1',4),(100284,'J5F11','J5F11C2',4),(100284,'J5F11','J5F11C3',4),(100284,'J5F11','J5F11C4',4),(100284,'J5F11','J5F11C5',4),(100284,'J5F11','J5F11C6',2),(100284,'K2F11','K2F11C1',4),(100284,'K2F11','K2F11C2',4),(100284,'K2F11','K2F11C3',4),(100284,'K2F11','K2F11C4',3),(100284,'K2F11','K2F11C5',4),(100285,'A1F12','A1F12C1',4),(100285,'A1F12','A1F12C2',4),(100285,'A1F12','A1F12C3',4),(100285,'A2F12','A2F12C1',3),(100285,'A2F12','A2F12C2',3),(100285,'A2F12','A2F12C3',4),(100285,'A2F12','A2F12C4',3),(100285,'A3F12','A3F12C1',4),(100285,'A3F12','A3F12C2',4),(100285,'A3F12','A3F12C3',4),(100285,'A4F12','A4F12C1',4),(100285,'A4F12','A4F12C2',3),(100285,'A4F12','A4F12C3',4),(100285,'B1F12','B1F12C1',3),(100285,'B1F12','B1F12C2',4),(100285,'B1F12','B1F12C3',4),(100285,'B2F11','B2F11C1',4),(100285,'B2F11','B2F11C2',3),(100285,'B2F11','B2F11C3',2),(100285,'B3F11','B3F11C1',4),(100285,'B3F11','B3F11C2',4),(100285,'B3F11','B3F11C3',4),(100285,'B4F11','B4F11C1',4),(100285,'B4F11','B4F11C2',1),(100285,'B4F11','B4F11C3',3),(100285,'C2F11','C2F11C1',3),(100285,'C2F11','C2F11C2',3),(100285,'C2F11','C2F11C3',4),(100285,'C2F11','C2F11C4',4),(100285,'C3F11','C3F11C1',4),(100285,'C3F11','C3F11C2',4),(100285,'C3F11','C3F11C3',2),(100285,'C3F11','C3F11C4',3),(100285,'I1F11','I1F11C1',3),(100285,'I1F11','I1F11C2',4),(100285,'I1F11','I1F11C3',4),(100285,'I2F11','I2F11C1',4),(100285,'I2F11','I2F11C2',4),(100285,'I2F11','I2F11C3',2),(100285,'I2F11','I2F11C4',4),(100285,'J1F11','J1F11C1',2),(100285,'J1F11','J1F11C2',4),(100285,'J1F11','J1F11C3',2),(100285,'J5F11','J5F11C1',4),(100285,'J5F11','J5F11C2',4),(100285,'J5F11','J5F11C3',4),(100285,'J5F11','J5F11C4',4),(100285,'J5F11','J5F11C5',4),(100285,'J5F11','J5F11C6',4),(100285,'J6F12','J6F12C1',4),(100285,'J6F12','J6F12C2',3),(100285,'J6F12','J6F12C3',4),(100285,'K2F12','K2F12C1',2),(100285,'K2F12','K2F12C2',3),(100285,'K2F12','K2F12C3',4),(100285,'K2F12','K2F12C4',3),(100285,'K2F12','K2F12C5',3),(100286,'A2F12','A2F12C1',4),(100286,'A2F12','A2F12C2',4),(100286,'A2F12','A2F12C3',4),(100286,'I1F12','I1F12C1',4),(100286,'I1F12','I1F12C2',4),(100286,'I1F12','I1F12C3',4),(100288,'A3F12','A3F12C1',1),(100288,'A3F12','A3F12C2',1),(100288,'A3F12','A3F12C3',1),(100289,'A3F12','A3F12C1',4),(100289,'A3F12','A3F12C2',4),(100289,'A3F12','A3F12C3',4),(100290,'A2F12','A2F12C1',4),(100290,'A2F12','A2F12C2',4),(100290,'A2F12','A2F12C3',2),(100290,'A2F12','A2F12C4',2),(100290,'B2F12','B2F12C1',3),(100290,'B2F12','B2F12C2',2),(100290,'B2F12','B2F12C3',4),(100290,'C2F11','C2F11C1',4),(100290,'C2F11','C2F11C2',3),(100290,'C2F11','C2F11C3',4),(100290,'C2F11','C2F11C4',3),(100290,'C3F11','C3F11C1',4),(100290,'C3F11','C3F11C2',4),(100290,'C3F11','C3F11C3',4),(100290,'C3F11','C3F11C4',4),(100290,'I1F11','I1F11C1',0),(100290,'I1F11','I1F11C2',0),(100290,'I1F11','I1F11C3',0),(100290,'I2F11','I2F11C1',1),(100290,'I2F11','I2F11C2',1),(100290,'I2F11','I2F11C3',1),(100290,'I2F11','I2F11C4',1),(100290,'K2F11','K2F11C1',3),(100290,'K2F11','K2F11C2',2),(100290,'K2F11','K2F11C3',3),(100290,'K2F11','K2F11C4',2),(100290,'K2F11','K2F11C5',2),(100291,'A1F11','A1F11C1',4),(100291,'A1F11','A1F11C2',4),(100291,'A1F11','A1F11C3',4),(100291,'A1F11','A1F11C4',4),(100291,'B1F11','B1F11C1',4),(100291,'B1F11','B1F11C2',4),(100291,'B1F11','B1F11C3',4),(100291,'D1F11','D1F11C1',4),(100291,'D1F11','D1F11C2',4),(100291,'D1F11','D1F11C3',3),(100291,'D1F11','D1F11C4',4),(100291,'D1F11','D1F11C5',4),(100291,'D1F11','D1F11C6',3),(100291,'E1F11','E1F11C1',4),(100291,'E1F11','E1F11C2',4),(100291,'E1F11','E1F11C3',4),(100291,'E1F11','E1F11C4',4),(100291,'E1F11','E1F11C5',4),(100291,'E2F11','E2F11C1',4),(100291,'E2F11','E2F11C2',4),(100291,'E2F11','E2F11C3',4),(100291,'E2F11','E2F11C4',4),(100291,'E2F11','E2F11C5',4),(100291,'E2F11','E2F11C6',4),(100291,'E3F11','E3F11C1',4),(100291,'E3F11','E3F11C2',4),(100291,'F1F11','F1F11C1',4),(100291,'F1F11','F1F11C2',3),(100291,'F1F11','F1F11C3',4),(100291,'F1F11','F1F11C4',4),(100291,'F2F11','F2F11C1',4),(100291,'F2F11','F2F11C2',4),(100291,'F2F11','F2F11C3',4),(100291,'F2F11','F2F11C4',4),(100291,'F3F11','F3F11C1',4),(100291,'F3F11','F3F11C2',4),(100291,'F3F11','F3F11C3',4),(100291,'F3F11','F3F11C4',4),(100291,'G1F11','G1F11C1',4),(100291,'G1F11','G1F11C2',4),(100291,'G1F11','G1F11C3',2),(100291,'G2F11','G2F11C1',3),(100291,'G2F11','G2F11C2',4),(100291,'G3F11','G3F11C1',4),(100291,'G3F11','G3F11C2',4),(100291,'G3F11','G3F11C3',4),(100291,'G3F11','G3F11C4',4),(100291,'H1F11','H1F11C1',4),(100291,'H1F11','H1F11C2',4),(100291,'H1F11','H1F11C3',3),(100291,'H2F11','H2F11C1',4),(100291,'J2F11','J2F11C1',3),(100291,'J2F11','J2F11C2',3),(100291,'J6F11','J6F11C1',4),(100291,'J6F11','J6F11C2',4),(100291,'J6F11','J6F11C3',4),(100291,'J6F11','J6F11C4',4),(100291,'K1F11','K1F11C1',4),(100291,'K1F11','K1F11C2',3),(100291,'K1F11','K1F11C3',4),(100292,'A2F11','A2F11C1',4),(100292,'A2F11','A2F11C2',4),(100292,'A2F11','A2F11C3',4),(100292,'A2F11','A2F11C4',4),(100292,'A2F11','A2F11C1',4),(100292,'A2F11','A2F11C2',3),(100292,'A2F11','A2F11C3',2),(100292,'B2F11','B2F11C1',2),(100292,'B2F11','B2F11C2',1),(100292,'B2F11','B2F11C3',3),(100292,'C2F11','C2F11C1',4),(100292,'C2F11','C2F11C2',3),(100292,'C2F11','C2F11C3',3),(100292,'C2F11','C2F11C4',4),(100292,'C3F11','C3F11C1',3),(100292,'C3F11','C3F11C2',4),(100292,'C3F11','C3F11C3',3),(100292,'C3F11','C3F11C4',4),(100292,'I1F11','I1F11C1',3),(100292,'I1F11','I1F11C2',3),(100292,'I1F11','I1F11C3',4),(100292,'I2F11','I2F11C1',4),(100292,'I2F11','I2F11C2',4),(100292,'I2F11','I2F11C3',3),(100292,'I2F11','I2F11C4',3),(100292,'J5F11','J5F11C1',3),(100292,'J5F11','J5F11C2',4),(100292,'J5F11','J5F11C3',4),(100292,'J5F11','J5F11C4',4),(100292,'J5F11','J5F11C5',4),(100292,'J5F11','J5F11C6',2),(100293,'A2F11','A2F11C1',4),(100293,'A2F11','A2F11C2',4),(100293,'A2F11','A2F11C3',4),(100293,'A3F11','A3F11C1',3),(100293,'A3F11','A3F11C2',2),(100293,'A3F11','A3F11C3',2),(100293,'A4F11','A4F11C1',4),(100293,'A4F11','A4F11C2',4),(100293,'A4F11','A4F11C3',4),(100293,'B2F11','B2F11C1',4),(100293,'B2F11','B2F11C2',3),(100293,'B2F11','B2F11C3',4),(100293,'B3F11','B3F11C1',4),(100293,'B3F11','B3F11C2',3),(100293,'B3F11','B3F11C3',4),(100293,'B4F11','B4F11C1',4),(100293,'B4F11','B4F11C2',4),(100293,'B4F11','B4F11C3',3),(100293,'C2F11','C2F11C1',4),(100293,'C2F11','C2F11C2',4),(100293,'C2F11','C2F11C3',4),(100293,'C2F11','C2F11C4',4),(100293,'C3F11','C3F11C1',4),(100293,'C3F11','C3F11C2',4),(100293,'C3F11','C3F11C3',4),(100293,'C3F11','C3F11C4',4),(100293,'D1F12','D1F12C1',4),(100293,'D1F12','D1F12C2',4),(100293,'D1F12','D1F12C3',4),(100293,'D1F12','D1F12C4',4),(100293,'D1F12','D1F12C5',4),(100293,'D1F12','D1F12C6',4),(100293,'E2F12','E2F12C1',3),(100293,'E2F12','E2F12C2',2),(100293,'E2F12','E2F12C3',3),(100293,'E2F12','E2F12C4',2),(100293,'E2F12','E2F12C5',2),(100293,'E2F12','E2F12C6',3),(100293,'E2F12','E2F12C7',2),(100293,'H3S12','H3S12C1',4),(100293,'H3S12','H3S12C2',4),(100293,'H3S12','H3S12C3',4),(100293,'I1S12','I1S12C1',3),(100293,'I1S12','I1S12C2',4),(100293,'I1S12','I1S12C3',4),(100293,'I2S12','I2S12C1',4),(100293,'I2S12','I2S12C2',4),(100293,'I2S12','I2S12C3',3),(100293,'I2S12','I2S12C4',4),(100293,'I3S12','I3S12C1',3),(100293,'I3S12','I3S12C2',3),(100293,'I3S12','I3S12C3',4),(100293,'J1S12','J1S12C1',3),(100293,'J1S12','J1S12C2',4),(100293,'J1S12','J1S12C3',4),(100293,'J2F12','J2F12C1',3),(100293,'J2F12','J2F12C2',3),(100293,'J5F11','J5F11C1',4),(100293,'J5F11','J5F11C2',4),(100293,'J5F11','J5F11C3',4),(100293,'J5F11','J5F11C4',4),(100293,'J5F11','J5F11C5',4),(100293,'J5F11','J5F11C6',4),(100293,'K1F12','K1F12C1',3),(100293,'K1F12','K1F12C2',4),(100293,'K1F12','K1F12C3',4),(100293,'K2F11','K2F11C1',4),(100293,'K2F11','K2F11C2',4),(100293,'K2F11','K2F11C3',4),(100293,'K2F11','K2F11C4',4),(100293,'K2F11','K2F11C5',3),(100293,'K3S12','K3S12C1',4),(100293,'K3S12','K3S12C2',4),(100293,'K3S12','K3S12C3',4),(100294,'A1F11','A1F11C1',4),(100294,'A1F11','A1F11C2',4),(100294,'A1F11','A1F11C3',3),(100294,'A1F11','A1F11C4',3),(100294,'A2F11','A2F11C1',4),(100294,'A2F11','A2F11C2',4),(100294,'A2F11','A2F11C3',4),(100294,'A2F11','A2F11C4',3),(100294,'A4F11','A4F11C1',4),(100294,'A4F11','A4F11C2',4),(100294,'A4F11','A4F11C3',3),(100294,'B1F11','B1F11C1',3),(100294,'B1F11','B1F11C2',3),(100294,'B1F11','B1F11C3',3),(100294,'B4F11','B4F11C1',4),(100294,'B4F11','B4F11C2',4),(100294,'B4F11','B4F11C3',3),(100294,'C1F11','C1F11C1',4),(100294,'C1F11','C1F11C2',4),(100294,'C1F11','C1F11C3',4),(100294,'C1F11','C1F11C4',4),(100294,'C2F11','C2F11C1',3),(100294,'C2F11','C2F11C2',2),(100294,'C2F11','C2F11C3',3),(100294,'C2F11','C2F11C4',3),(100294,'D1F11','D1F11C1',4),(100294,'D1F11','D1F11C2',4),(100294,'D1F11','D1F11C3',4),(100294,'D1F11','D1F11C4',3),(100294,'D1F11','D1F11C5',4),(100294,'D1F11','D1F11C6',4),(100294,'D2F11','D2F11C1',4),(100294,'D2F11','D2F11C2',4),(100294,'D2F11','D2F11C3',3),(100294,'D2F11','D2F11C4',3),(100294,'D2F11','D2F11C3',3),(100294,'D2F11','D2F11C6',3),(100294,'D3F11','D3F11C1',4),(100294,'D3F11','D3F11C2',4),(100294,'D3F11','D3F11C3',4),(100294,'D3F11','D3F11C4',4),(100294,'E3F11','E3F11C1',3),(100294,'E3F11','E3F11C2',3),(100294,'F3F11','F3F11C1',3),(100294,'F3F11','F3F11C2',3),(100294,'F3F11','F3F11C3',4),(100294,'F3F11','F3F11C4',3),(100294,'G3F11','G3F11C1',4),(100294,'G3F11','G3F11C2',4),(100294,'G3F11','G3F11C3',3),(100294,'G3F11','G3F11C4',3),(100294,'H3F11','H3F11C1',4),(100294,'H3F11','H3F11C2',3),(100294,'H3F11','H3F11C3',3),(100294,'I1F11','I1F11C1',3),(100294,'I1F11','I1F11C2',4),(100294,'I1F11','I1F11C3',4),(100294,'I3F11','I3F11C1',3),(100294,'I3F11','I3F11C2',3),(100294,'I3F11','I3F11C3',4),(100294,'J1F11','J1F11C1',3),(100294,'J1F11','J1F11C2',3),(100294,'J1F11','J1F11C3',4),(100294,'J2F11','J2F11C1',3),(100294,'J2F11','J2F11C2',2),(100294,'J3F11','J3F11C1',4),(100294,'J3F11','J3F11C2',3),(100294,'J3F11','J3F11C3',3),(100294,'J4F11','J4F11C1',4),(100294,'J4F11','J4F11C2',3),(100294,'J5F11','J5F11C1',4),(100294,'J5F11','J5F11C2',3),(100294,'J5F11','J5F11C3',3),(100294,'J5F11','J5F11C4',4),(100294,'J5F11','J5F11C5',4),(100294,'J5F11','J5F11C6',3),(100294,'J6F11','J6F11C1',4),(100294,'J6F11','J6F11C2',2),(100294,'J6F11','J6F11C3',4),(100294,'J6F11','J6F11C4',2),(100294,'K1F11','K1F11C1',3),(100294,'K1F11','K1F11C2',3),(100294,'K1F11','K1F11C3',2),(100294,'K2F11','K2F11C1',3),(100294,'K2F11','K2F11C2',3),(100294,'K2F11','K2F11C3',4),(100294,'K2F11','K2F11C4',4),(100294,'K2F11','K2F11C5',3),(100294,'K3F11','K3F11C1',3),(100294,'K3F11','K3F11C2',4),(100294,'K3F11','K3F11C3',4),(100295,'B2F11','B2F11C1',4),(100295,'B2F11','B2F11C2',2),(100295,'B2F11','B2F11C3',3),(100295,'C2F11','C2F11C1',2),(100295,'C2F11','C2F11C2',2),(100295,'C2F11','C2F11C3',2),(100295,'C2F11','C2F11C4',2),(100295,'C2F11','C2F11C1',1),(100295,'C2F11','C2F11C2',1),(100295,'C2F11','C2F11C3',1),(100295,'C2F11','C2F11C4',1),(100295,'E2F11','E2F11C1',2),(100295,'E2F11','E2F11C2',3),(100295,'E2F11','E2F11C3',3),(100295,'E2F11','E2F11C4',2),(100295,'E2F11','E2F11C5',2),(100295,'E2F11','E2F11C6',3),(100295,'F3F11','F3F11C1',3),(100295,'F3F11','F3F11C2',1),(100295,'F3F11','F3F11C3',1),(100295,'F3F11','F3F11C4',2),(100295,'G3F11','G3F11C1',2),(100295,'G3F11','G3F11C2',2),(100295,'G3F11','G3F11C3',2),(100295,'G3F11','G3F11C4',2),(100295,'I2F11','I2F11C1',3),(100295,'I2F11','I2F11C2',3),(100295,'I2F11','I2F11C3',2),(100295,'I2F11','I2F11C4',2),(100295,'J5F11','J5F11C1',4),(100295,'J5F11','J5F11C2',2),(100295,'J5F11','J5F11C3',2),(100295,'J5F11','J5F11C4',2),(100295,'J5F11','J5F11C5',2),(100295,'J5F11','J5F11C6',2),(100295,'K2F11','K2F11C1',2),(100295,'K2F11','K2F11C2',3),(100295,'K2F11','K2F11C3',2),(100295,'K2F11','K2F11C4',3),(100295,'K2F11','K2F11C5',3),(100295,'K2F11','K2F11C1',2),(100295,'K2F11','K2F11C2',2),(100295,'K2F11','K2F11C3',2),(100295,'K2F11','K2F11C4',2),(100295,'K2F11','K2F11C5',2),(100298,'A3F12','A3F12C1',4),(100298,'A3F12','A3F12C2',4),(100298,'A3F12','A3F12C3',4),(100298,'B3F12','B3F12C1',3),(100298,'B3F12','B3F12C2',2),(100298,'B3F12','B3F12C3',3),(100299,'A2F12','A2F12C1',4),(100299,'A2F12','A2F12C2',4),(100299,'A2F12','A2F12C3',4),(100299,'B2F12','B2F12C1',2),(100299,'B2F12','B2F12C2',2),(100299,'B2F12','B2F12C3',3),(100299,'C2F12','C2F12C1',4),(100299,'C2F12','C2F12C2',4),(100299,'C2F12','C2F12C3',4),(100299,'C2F12','C2F12C4',4),(100299,'C3F12','C3F12C1',4),(100299,'C3F12','C3F12C2',4),(100299,'C3F12','C3F12C3',4),(100299,'C3F12','C3F12C4',3),(100299,'I1F12','I1F12C1',2),(100299,'I1F12','I1F12C2',2),(100299,'I1F12','I1F12C3',3),(100299,'I2F12','I2F12C1',1),(100299,'I2F12','I2F12C2',2),(100299,'I2F12','I2F12C3',1),(100299,'I2F12','I2F12C4',1),(100299,'J5F12','J5F12C1',3),(100299,'J5F12','J5F12C2',3),(100299,'J5F12','J5F12C3',3),(100299,'J5F12','J5F12C4',4),(100299,'J5F12','J5F12C5',4),(100299,'J5F12','J5F12C6',4),(100299,'K2F12','K2F12C1',4),(100299,'K2F12','K2F12C2',4),(100299,'K2F12','K2F12C3',3),(100299,'K2F12','K2F12C4',3),(100299,'K2F12','K2F12C5',3),(100300,'B3S12','B3S12C1',2),(100300,'B3S12','B3S12C2',2),(100300,'B3S12','B3S12C3',2),(100301,'C2S12','C2S12C1',0),(100301,'C2S12','C2S12C2',0),(100301,'C2S12','C2S12C3',0),(100301,'C2S12','C2S12C4',0),(100301,'J5S12','J5S12C1',3),(100301,'J5S12','J5S12C2',3),(100301,'J5S12','J5S12C3',3),(100301,'J5S12','J5S12C4',3),(100301,'J5S12','J5S12C5',3),(100301,'J5S12','J5S12C6',3),(100301,'K2S12','K2S12C1',3),(100301,'K2S12','K2S12C2',3),(100301,'K2S12','K2S12C3',3),(100301,'K2S12','K2S12C4',3),(100301,'K2S12','K2S12C5',4),(100302,'E1S12','E1S12C1',4),(100302,'E1S12','E1S12C2',4),(100302,'E1S12','E1S12C3',4),(100302,'E1S12','E1S12C4',4),(100302,'E1S12','E1S12C5',4),(100302,'E1S12','E1S12C1',4),(100302,'E1S12','E1S12C2',4),(100302,'E1S12','E1S12C3',3),(100302,'E1S12','E1S12C4',4),(100302,'E1S12','E1S12C5',4),(100302,'E3S12','E3S12C1',4),(100302,'E3S12','E3S12C2',3),(100302,'F1S12','F1S12C1',3),(100302,'F1S12','F1S12C2',4),(100302,'F1S12','F1S12C3',4),(100302,'F1S12','F1S12C4',4),(100302,'F1S12','F1S12C1',4),(100302,'F1S12','F1S12C2',3),(100302,'F1S12','F1S12C3',3),(100302,'F1S12','F1S12C4',4),(100302,'F2S12','F2S12C1',3),(100302,'F2S12','F2S12C2',3),(100302,'F2S12','F2S12C3',4),(100302,'F2S12','F2S12C4',3),(100302,'G1S12','G1S12C1',4),(100302,'G1S12','G1S12C2',4),(100302,'G1S12','G1S12C3',4),(100302,'G1S12','G1S12C1',4),(100302,'G1S12','G1S12C2',3),(100302,'G1S12','G1S12C3',1),(100302,'G2S12','G2S12C1',3),(100302,'G2S12','G2S12C2',4),(100302,'H1S12','H1S12C1',4),(100302,'H1S12','H1S12C2',4),(100302,'H1S12','H1S12C3',4),(100302,'H1S12','H1S12C4',4),(100302,'H1S12','H1S12C1',4),(100302,'H1S12','H1S12C2',3),(100302,'H1S12','H1S12C3',2),(100302,'H2S12','H2S12C1',4),(100304,'A2S12','A2S12C1',3),(100304,'A2S12','A2S12C2',3),(100304,'A2S12','A2S12C3',3),(100304,'A2S12','A2S12C4',1),(100304,'A3S12','A3S12C1',4),(100304,'A3S12','A3S12C2',4),(100304,'A3S12','A3S12C3',3),(100304,'B2S12','B2S12C1',2),(100304,'B2S12','B2S12C2',2),(100304,'B2S12','B2S12C3',3),(100304,'B3S12','B3S12C1',3),(100304,'B3S12','B3S12C2',3),(100304,'B3S12','B3S12C3',4),(100304,'C3S12','C3S12C1',4),(100304,'C3S12','C3S12C2',2),(100304,'C3S12','C3S12C3',1),(100304,'C3S12','C3S12C4',1),(100304,'I1S12','I1S12C1',1),(100304,'I1S12','I1S12C2',1),(100304,'I1S12','I1S12C3',1),(100304,'I2S12','I2S12C1',1),(100304,'I2S12','I2S12C2',1),(100304,'I2S12','I2S12C3',1),(100304,'I2S12','I2S12C4',1),(100306,'A4S12','A4S12C1',2),(100306,'A4S12','A4S12C2',3),(100306,'A4S12','A4S12C3',2),(100306,'B4S12','B4S12C1',4),(100306,'B4S12','B4S12C2',4),(100306,'B4S12','B4S12C3',3),(100306,'C1S12','C1S12C1',4),(100306,'C1S12','C1S12C2',4),(100306,'C1S12','C1S12C3',4),(100306,'C1S12','C1S12C4',4),(100306,'D1S12','D1S12C1',3),(100306,'D1S12','D1S12C2',2),(100306,'D1S12','D1S12C3',2),(100306,'D1S12','D1S12C4',3),(100306,'D1S12','D1S12C5',3),(100306,'D1S12','D1S12C6',2),(100306,'D2S12','D2S12C1',4),(100306,'D2S12','D2S12C2',3),(100306,'D2S12','D2S12C3',3),(100306,'D2S12','D2S12C4',3),(100306,'D2S12','D2S12C3',3),(100306,'D2S12','D2S12C6',4),(100306,'D3S12','D3S12C1',4),(100306,'D3S12','D3S12C2',4),(100306,'D3S12','D3S12C3',4),(100306,'D3S12','D3S12C4',4),(100306,'E1S12','E1S12C1',3),(100306,'E1S12','E1S12C2',2),(100306,'E1S12','E1S12C3',2),(100306,'E1S12','E1S12C4',1),(100306,'E1S12','E1S12C5',3),(100306,'E2S12','E2S12C1',2),(100306,'E2S12','E2S12C2',1),(100306,'E2S12','E2S12C3',2),(100306,'E2S12','E2S12C4',1),(100306,'E2S12','E2S12C5',1),(100306,'E2S12','E2S12C6',1),(100306,'E3S12','E3S12C1',4),(100306,'E3S12','E3S12C2',4),(100306,'F1S12','F1S12C1',3),(100306,'F1S12','F1S12C2',3),(100306,'F1S12','F1S12C3',3),(100306,'F1S12','F1S12C4',3),(100306,'F2S12','F2S12C1',4),(100306,'F2S12','F2S12C2',3),(100306,'F2S12','F2S12C3',3),(100306,'F2S12','F2S12C4',3),(100306,'F3S12','F3S12C1',3),(100306,'F3S12','F3S12C2',2),(100306,'F3S12','F3S12C3',3),(100306,'F3S12','F3S12C4',3),(100306,'G1S12','G1S12C1',2),(100306,'G1S12','G1S12C2',2),(100306,'G1S12','G1S12C3',3),(100306,'G2S12','G2S12C1',3),(100306,'G2S12','G2S12C2',3),(100306,'G3S12','G3S12C1',3),(100306,'G3S12','G3S12C2',3),(100306,'G3S12','G3S12C3',3),(100306,'G3S12','G3S12C4',3),(100306,'H1S12','H1S12C1',3),(100306,'H1S12','H1S12C2',3),(100306,'H1S12','H1S12C3',3),(100306,'H2S12','H2S12C1',3),(100306,'H3S12','H3S12C1',4),(100306,'H3S12','H3S12C2',3),(100306,'H3S12','H3S12C3',3),(100306,'I3S12','I3S12C1',4),(100306,'I3S12','I3S12C2',4),(100306,'I3S12','I3S12C3',2),(100306,'J1S12','J1S12C1',2),(100306,'J1S12','J1S12C2',3),(100306,'J1S12','J1S12C3',4),(100306,'J2S12','J2S12C1',3),(100306,'J3S12','J3S12C1',4),(100306,'J3S12','J3S12C2',4),(100306,'J3S12','J3S12C3',4),(100306,'J4S12','J4S12C1',4),(100306,'J4S12','J4S12C2',2),(100306,'K1S12','K1S12C1',3),(100306,'K3S12','K3S12C1',3),(100306,'K3S12','K3S12C2',4),(100306,'K3S12','K3S12C3',4),(100308,'A2S12','A2S12C1',4),(100308,'A2S12','A2S12C2',3),(100308,'A2S12','A2S12C3',2),(100308,'A2S12','A2S12C4',4),(100308,'A3S12','A3S12C1',4),(100308,'A3S12','A3S12C2',4),(100308,'A3S12','A3S12C3',3),(100308,'B2S12','B2S12C1',4),(100308,'B2S12','B2S12C2',3),(100308,'B2S12','B2S12C3',4),(100308,'B3S12','B3S12C1',3),(100308,'B3S12','B3S12C2',4),(100308,'B3S12','B3S12C3',4),(100308,'C2F11','C2F11C1',4),(100308,'C2F11','C2F11C2',4),(100308,'C2F11','C2F11C3',4),(100308,'C2F11','C2F11C4',4),(100308,'C3F11','C3F11C1',4),(100308,'C3F11','C3F11C2',4),(100308,'C3F11','C3F11C3',4),(100308,'C3F11','C3F11C4',4),(100308,'H3S12','H3S12C1',4),(100308,'H3S12','H3S12C2',4),(100308,'H3S12','H3S12C3',4),(100308,'I2S12','I2S12C1',4),(100308,'I2S12','I2S12C2',4),(100308,'I2S12','I2S12C3',4),(100308,'I2S12','I2S12C4',4),(100308,'I3S12','I3S12C1',2),(100308,'I3S12','I3S12C2',3),(100308,'I3S12','I3S12C3',3),(100308,'J5F11','J5F11C1',4),(100308,'J5F11','J5F11C2',4),(100308,'J5F11','J5F11C3',4),(100308,'J5F11','J5F11C4',4),(100308,'J5F11','J5F11C5',4),(100308,'J5F11','J5F11C6',4),(100308,'K2F11','K2F11C1',4),(100308,'K2F11','K2F11C2',4),(100308,'K2F11','K2F11C3',4),(100308,'K2F11','K2F11C4',4),(100308,'K2F11','K2F11C5',4),(100308,'K3S12','K3S12C1',4),(100308,'K3S12','K3S12C2',4),(100308,'K3S12','K3S12C3',4),(100309,'A1F12','A1F12C1',4),(100309,'A1F12','A1F12C2',4),(100309,'A1F12','A1F12C3',4),(100309,'A2F12','A2F12C1',3),(100309,'A2F12','A2F12C2',3),(100309,'A2F12','A2F12C3',4),(100309,'A2F12','A2F12C4',3),(100309,'A3F12','A3F12C1',4),(100309,'A3F12','A3F12C2',4),(100309,'A3F12','A3F12C3',4),(100309,'B1F12','B1F12C1',3),(100309,'B1F12','B1F12C2',4),(100309,'B1F12','B1F12C3',4),(100309,'B2F11','B2F11C1',4),(100309,'B2F11','B2F11C2',3),(100309,'B2F11','B2F11C3',4),(100309,'B3F11','B3F11C1',4),(100309,'B3F11','B3F11C2',4),(100309,'B3F11','B3F11C3',4),(100309,'C2F11','C2F11C1',4),(100309,'C2F11','C2F11C2',4),(100309,'C2F11','C2F11C3',4),(100309,'C2F11','C2F11C4',4),(100309,'C3F11','C3F11C1',4),(100309,'C3F11','C3F11C2',3),(100309,'C3F11','C3F11C3',4),(100309,'C3F11','C3F11C4',4),(100309,'I1F11','I1F11C1',3),(100309,'I1F11','I1F11C2',4),(100309,'I1F11','I1F11C3',4),(100309,'I2F11','I2F11C1',4),(100309,'I2F11','I2F11C2',4),(100309,'I2F11','I2F11C3',2),(100309,'I2F11','I2F11C4',4),(100309,'J5F11','J5F11C1',3),(100309,'J5F11','J5F11C2',4),(100309,'J5F11','J5F11C3',4),(100309,'J5F11','J5F11C4',4),(100309,'J5F11','J5F11C5',4),(100309,'J5F11','J5F11C6',4),(100309,'J6F12','J6F12C1',4),(100309,'J6F12','J6F12C2',3),(100309,'J6F12','J6F12C3',4),(100309,'K2F12','K2F12C1',4),(100309,'K2F12','K2F12C2',4),(100309,'K2F12','K2F12C3',4),(100309,'K2F12','K2F12C4',4),(100309,'K2F12','K2F12C5',4),(100311,'A2F12','A2F12C1',4),(100311,'A2F12','A2F12C2',4),(100311,'A2F12','A2F12C3',4),(100311,'A3F12','A3F12C1',3),(100311,'A3F12','A3F12C2',3),(100311,'A3F12','A3F12C3',3),(100311,'B2F12','B2F12C1',4),(100311,'B2F12','B2F12C2',3),(100311,'B2F12','B2F12C3',4),(100311,'B3F12','B3F12C1',4),(100311,'B3F12','B3F12C2',4),(100311,'B3F12','B3F12C3',4),(100311,'C3F12','C3F12C1',4),(100311,'C3F12','C3F12C2',4),(100311,'C3F12','C3F12C3',4),(100311,'C3F12','C3F12C4',4),(100311,'I1F12','I1F12C1',4),(100311,'I1F12','I1F12C2',3),(100311,'I1F12','I1F12C3',4),(100311,'I2F12','I2F12C1',4),(100311,'I2F12','I2F12C2',4),(100311,'I2F12','I2F12C3',4),(100311,'I2F12','I2F12C4',4),(100312,'A2F12','A2F12C1',4),(100312,'A2F12','A2F12C2',4),(100312,'A2F12','A2F12C3',2),(100312,'A3F12','A3F12C1',4),(100312,'A3F12','A3F12C2',3),(100312,'A3F12','A3F12C3',3),(100312,'B2F12','B2F12C1',3),(100312,'B2F12','B2F12C2',3),(100312,'B2F12','B2F12C3',3),(100312,'B3F12','B3F12C1',4),(100312,'B3F12','B3F12C2',4),(100312,'B3F12','B3F12C3',4),(100312,'C2F12','C2F12C1',3),(100312,'C2F12','C2F12C2',3),(100312,'C2F12','C2F12C3',3),(100312,'C2F12','C2F12C4',3),(100312,'C3F12','C3F12C1',4),(100312,'C3F12','C3F12C2',3),(100312,'C3F12','C3F12C3',3),(100312,'C3F12','C3F12C4',3),(100312,'I1F12','I1F12C1',4),(100312,'I1F12','I1F12C2',3),(100312,'I1F12','I1F12C3',3),(100312,'I2F12','I2F12C1',3),(100312,'I2F12','I2F12C2',3),(100312,'I2F12','I2F12C3',3),(100312,'I2F12','I2F12C4',3),(100312,'J5F12','J5F12C1',3),(100312,'J5F12','J5F12C2',3),(100312,'J5F12','J5F12C3',3),(100312,'J5F12','J5F12C4',3),(100312,'J5F12','J5F12C5',3),(100312,'J5F12','J5F12C6',4),(100312,'K2F12','K2F12C1',3),(100312,'K2F12','K2F12C2',4),(100312,'K2F12','K2F12C3',2),(100312,'K2F12','K2F12C4',3),(100312,'K2F12','K2F12C5',3),(100313,'A2F12','A2F12C1',4),(100313,'A2F12','A2F12C2',2),(100313,'A2F12','A2F12C3',2),(100313,'B2F12','B2F12C1',2),(100313,'B2F12','B2F12C2',2),(100313,'B2F12','B2F12C3',2),(100313,'C3F12','C3F12C1',4),(100313,'C3F12','C3F12C2',3),(100313,'C3F12','C3F12C3',4),(100313,'C3F12','C3F12C4',4),(100313,'E3F12','E3F12C1',4),(100313,'E3F12','E3F12C2',3),(100313,'F2F12','F2F12C1',3),(100313,'F2F12','F2F12C2',3),(100313,'F2F12','F2F12C3',3),(100313,'F2F12','F2F12C4',3),(100313,'G2F12','G2F12C1',3),(100313,'G2F12','G2F12C2',3),(100313,'H2F12','H2F12C1',3),(100313,'H3S12','H3S12C1',1),(100313,'H3S12','H3S12C2',2),(100313,'H3S12','H3S12C3',2),(100313,'I1S12','I1S12C1',3),(100313,'I1S12','I1S12C2',3),(100313,'I1S12','I1S12C3',3),(100313,'I2S12','I2S12C1',4),(100313,'I2S12','I2S12C2',4),(100313,'I2S12','I2S12C3',1),(100313,'I2S12','I2S12C4',4),(100313,'I3S12','I3S12C1',3),(100313,'I3S12','I3S12C2',2),(100313,'I3S12','I3S12C3',3),(100313,'J5F11','J5F11C1',3),(100313,'J5F11','J5F11C2',1),(100313,'J5F11','J5F11C3',1),(100313,'J5F11','J5F11C4',2),(100313,'J5F11','J5F11C5',2),(100313,'J5F11','J5F11C6',3),(100313,'K2F11','K2F11C1',2),(100313,'K2F11','K2F11C2',2),(100313,'K2F11','K2F11C3',2),(100313,'K2F11','K2F11C4',2),(100313,'K2F11','K2F11C5',2),(100313,'K3S12','K3S12C1',2),(100313,'K3S12','K3S12C2',3),(100313,'K3S12','K3S12C3',3),(100314,'A3S12','A3S12C1',4),(100314,'A3S12','A3S12C2',3),(100314,'A3S12','A3S12C3',4),(100314,'B3S12','B3S12C1',1),(100314,'B3S12','B3S12C2',1),(100314,'B3S12','B3S12C3',1),(100315,'B3F12','B3F12C1',4),(100315,'B3F12','B3F12C2',4),(100315,'B3F12','B3F12C3',4),(100316,'A2F12','A2F12C1',3),(100316,'A2F12','A2F12C2',4),(100316,'A2F12','A2F12C3',4),(100316,'A3F12','A3F12C1',4),(100316,'A3F12','A3F12C2',4),(100316,'A3F12','A3F12C3',4),(100316,'B1F12','B1F12C1',3),(100316,'B1F12','B1F12C2',4),(100316,'B1F12','B1F12C3',4),(100316,'B2F12','B2F12C1',4),(100316,'B2F12','B2F12C2',2),(100316,'B2F12','B2F12C3',4),(100316,'B3F12','B3F12C1',4),(100316,'B3F12','B3F12C2',4),(100316,'B3F12','B3F12C3',3),(100316,'C2F12','C2F12C1',3),(100316,'C2F12','C2F12C2',4),(100316,'C2F12','C2F12C3',3),(100316,'C2F12','C2F12C4',4),(100316,'C3F12','C3F12C1',4),(100316,'C3F12','C3F12C2',4),(100316,'C3F12','C3F12C3',3),(100316,'C3F12','C3F12C4',4),(100316,'I1F12','I1F12C1',3),(100316,'I1F12','I1F12C2',4),(100316,'I1F12','I1F12C3',4),(100316,'I2F12','I2F12C1',4),(100316,'I2F12','I2F12C2',4),(100316,'I2F12','I2F12C3',3),(100316,'I2F12','I2F12C4',4),(100316,'J5F12','J5F12C1',3),(100316,'J5F12','J5F12C2',4),(100316,'J5F12','J5F12C3',4),(100316,'J5F12','J5F12C4',4),(100316,'J5F12','J5F12C5',4),(100316,'J5F12','J5F12C6',2),(100316,'J6F12','J6F12C1',4),(100316,'J6F12','J6F12C2',2),(100316,'J6F12','J6F12C3',2),(100316,'K2F12','K2F12C1',3),(100316,'K2F12','K2F12C2',4),(100316,'K2F12','K2F12C3',4),(100316,'K2F12','K2F12C4',4),(100316,'K2F12','K2F12C5',4),(100318,'B2F12','B2F12C1',2),(100318,'B2F12','B2F12C2',2),(100318,'B2F12','B2F12C3',2),(100318,'C3F12','C3F12C1',3),(100318,'C3F12','C3F12C2',3),(100318,'C3F12','C3F12C3',3),(100318,'C3F12','C3F12C4',3),(100318,'I2F12','I2F12C1',1),(100318,'I2F12','I2F12C2',2),(100318,'I2F12','I2F12C3',3),(100318,'I2F12','I2F12C4',2),(100320,'A3F12','A3F12C1',2),(100320,'A3F12','A3F12C2',2),(100320,'A3F12','A3F12C3',2),(100320,'A3F12','A3F12C1',1),(100320,'A3F12','A3F12C2',1),(100320,'A3F12','A3F12C3',1),(100322,'A3F12','A3F12C1',2),(100322,'A3F12','A3F12C2',3),(100322,'A3F12','A3F12C3',3),(100322,'B3F12','B3F12C1',3),(100322,'B3F12','B3F12C2',3),(100322,'B3F12','B3F12C3',3),(100322,'B3F12','B3F12C1',2),(100322,'B3F12','B3F12C2',2),(100322,'B3F12','B3F12C3',2),(100323,'E1F12','E1F12C1',3),(100323,'E1F12','E1F12C2',4),(100323,'E1F12','E1F12C3',4),(100323,'E1F12','E1F12C4',4),(100323,'E1F12','E1F12C5',3),(100323,'F1F12','F1F12C1',4),(100323,'F1F12','F1F12C2',1),(100323,'F1F12','F1F12C3',4),(100323,'F1F12','F1F12C4',4),(100323,'G1F12','G1F12C1',2),(100323,'G1F12','G1F12C2',2),(100323,'G1F12','G1F12C3',2),(100323,'H1F12','H1F12C1',4),(100323,'H1F12','H1F12C2',4),(100323,'H1F12','H1F12C3',4),(100323,'H1F12','H1F12C4',4),(100324,'A2F12','A2F12C1',4),(100324,'A2F12','A2F12C2',4),(100324,'A2F12','A2F12C3',4),(100324,'I1F12','I1F12C1',4),(100324,'I1F12','I1F12C2',3),(100324,'I1F12','I1F12C3',4),(100325,'A3F12','A3F12C1',4),(100325,'A3F12','A3F12C2',4),(100325,'A3F12','A3F12C3',4),(100326,'A2F12','A2F12C1',4),(100326,'A2F12','A2F12C2',3),(100326,'A2F12','A2F12C3',2),(100326,'A3F12','A3F12C1',1),(100326,'A3F12','A3F12C2',1),(100326,'A3F12','A3F12C3',1),(100326,'B2F12','B2F12C1',2),(100326,'B2F12','B2F12C2',2),(100326,'B2F12','B2F12C3',2),(100326,'B3F12','B3F12C1',4),(100326,'B3F12','B3F12C2',4),(100326,'B3F12','B3F12C3',4),(100326,'C3F12','C3F12C1',3),(100326,'C3F12','C3F12C2',2),(100326,'C3F12','C3F12C3',2),(100326,'C3F12','C3F12C4',2),(100326,'E3F12','E3F12C1',3),(100326,'E3F12','E3F12C2',4),(100326,'I1F12','I1F12C1',2),(100326,'I1F12','I1F12C2',2),(100326,'I1F12','I1F12C3',3),(100326,'I2F12','I2F12C1',1),(100326,'I2F12','I2F12C2',2),(100326,'I2F12','I2F12C3',3),(100326,'I2F12','I2F12C4',2),(100329,'A2F12','A2F12C1',4),(100329,'A2F12','A2F12C2',4),(100329,'A2F12','A2F12C3',2),(100329,'A3F12','A3F12C1',3),(100329,'A3F12','A3F12C2',3),(100329,'A3F12','A3F12C3',3),(100329,'B2F11','B2F11C1',2),(100329,'B2F11','B2F11C2',2),(100329,'B2F11','B2F11C3',3),(100329,'B3F11','B3F11C1',4),(100329,'B3F11','B3F11C2',3),(100329,'B3F11','B3F11C3',4),(100329,'C2F12','C2F12C1',4),(100329,'C2F12','C2F12C2',4),(100329,'C2F12','C2F12C3',4),(100329,'C2F12','C2F12C4',4),(100329,'C3F11','C3F11C1',4),(100329,'C3F11','C3F11C2',2),(100329,'C3F11','C3F11C3',4),(100329,'C3F11','C3F11C4',4),(100329,'I1F11','I1F11C1',3),(100329,'I1F11','I1F11C2',3),(100329,'I1F11','I1F11C3',3),(100329,'I2F11','I2F11C1',3),(100329,'I2F11','I2F11C2',3),(100329,'I2F11','I2F11C3',2),(100329,'I2F11','I2F11C4',4),(100329,'J5F12','J5F12C1',4),(100329,'J5F12','J5F12C2',4),(100329,'J5F12','J5F12C3',4),(100329,'J5F12','J5F12C4',1),(100329,'J5F12','J5F12C5',1),(100329,'J5F12','J5F12C6',4),(100330,'A2F12','A2F12C1',4),(100330,'A2F12','A2F12C2',4),(100330,'A2F12','A2F12C3',2),(100330,'C2F12','C2F12C1',4),(100330,'C2F12','C2F12C2',3),(100330,'C2F12','C2F12C3',3),(100330,'C2F12','C2F12C4',4),(100330,'I1F12','I1F12C1',4),(100330,'I1F12','I1F12C2',4),(100330,'I1F12','I1F12C3',4),(100330,'J5F12','J5F12C1',2),(100330,'J5F12','J5F12C2',3),(100330,'J5F12','J5F12C3',3),(100330,'J5F12','J5F12C4',3),(100330,'J5F12','J5F12C5',3),(100330,'J5F12','J5F12C6',2),(100330,'K2F12','K2F12C1',4),(100330,'K2F12','K2F12C2',3),(100330,'K2F12','K2F12C3',2),(100330,'K2F12','K2F12C4',3),(100330,'K2F12','K2F12C5',4),(100331,'A2F12','A2F12C1',4),(100331,'A2F12','A2F12C2',4),(100331,'A2F12','A2F12C3',2),(100331,'B2F12','B2F12C1',4),(100331,'B2F12','B2F12C2',4),(100331,'B2F12','B2F12C3',3),(100331,'C3F12','C3F12C1',3),(100331,'C3F12','C3F12C2',3),(100331,'C3F12','C3F12C3',4),(100331,'C3F12','C3F12C4',3),(100331,'I1F12','I1F12C1',4),(100331,'I1F12','I1F12C2',3),(100331,'I1F12','I1F12C3',4),(100331,'I2F12','I2F12C1',4),(100331,'I2F12','I2F12C2',3),(100331,'I2F12','I2F12C3',3),(100331,'I2F12','I2F12C4',3),(100332,'A2F12','A2F12C1',4),(100332,'A2F12','A2F12C2',4),(100332,'A2F12','A2F12C3',2),(100332,'A3F12','A3F12C1',3),(100332,'A3F12','A3F12C2',4),(100332,'A3F12','A3F12C3',4),(100332,'B2F12','B2F12C1',3),(100332,'B2F12','B2F12C2',3),(100332,'B2F12','B2F12C3',2),(100332,'B3F12','B3F12C1',4),(100332,'B3F12','B3F12C2',4),(100332,'B3F12','B3F12C3',4),(100332,'I1F12','I1F12C1',3),(100332,'I1F12','I1F12C2',2),(100332,'I1F12','I1F12C3',2),(100332,'I2F12','I2F12C1',3),(100332,'I2F12','I2F12C2',3),(100332,'I2F12','I2F12C3',2),(100332,'I2F12','I2F12C4',3),(100333,'A1F11','A1F11C1',2),(100333,'A1F11','A1F11C2',4),(100333,'A1F11','A1F11C3',4),(100333,'A1F11','A1F11C4',4),(100333,'A2F11','A2F11C1',4),(100333,'A2F11','A2F11C2',4),(100333,'A2F11','A2F11C3',2),(100333,'A2F11','A2F11C4',2),(100333,'B1F11','B1F11C1',2),(100333,'B1F11','B1F11C2',2),(100333,'B1F11','B1F11C3',3),(100333,'C1F11','C1F11C1',3),(100333,'C1F11','C1F11C2',4),(100333,'C1F11','C1F11C3',3),(100333,'C1F11','C1F11C4',3),(100333,'D3F11','D3F11C1',4),(100333,'D3F11','D3F11C2',3),(100333,'D3F11','D3F11C3',4),(100333,'D3F11','D3F11C4',4),(100333,'E1F11','E1F11C1',2),(100333,'E1F11','E1F11C2',2),(100333,'E1F11','E1F11C3',2),(100333,'E1F11','E1F11C4',2),(100333,'E1F11','E1F11C5',3),(100333,'E3F11','E3F11C1',4),(100333,'E3F11','E3F11C2',3),(100333,'F1F11','F1F11C1',3),(100333,'F1F11','F1F11C2',1),(100333,'F1F11','F1F11C3',1),(100333,'F1F11','F1F11C4',3),(100333,'F2F11','F2F11C1',3),(100333,'F2F11','F2F11C2',3),(100333,'F2F11','F2F11C3',3),(100333,'F2F11','F2F11C4',4),(100333,'G1F11','G1F11C1',3),(100333,'G1F11','G1F11C2',2),(100333,'G1F11','G1F11C3',1),(100333,'G2F11','G2F11C1',3),(100333,'G2F11','G2F11C2',3),(100333,'H1F11','H1F11C1',3),(100333,'H1F11','H1F11C2',3),(100333,'H1F11','H1F11C3',2),(100333,'H2F11','H2F11C1',3),(100333,'H3F11','H3F11C1',4),(100333,'H3F11','H3F11C2',4),(100333,'H3F11','H3F11C3',4),(100333,'I1F11','I1F11C1',3),(100333,'I1F11','I1F11C2',3),(100333,'I1F11','I1F11C3',2),(100333,'I3F11','I3F11C1',3),(100333,'I3F11','I3F11C2',1),(100333,'I3F11','I3F11C3',2),(100333,'J4F11','J4F11C1',1),(100333,'J4F11','J4F11C2',2),(100333,'J6F11','J6F11C1',4),(100333,'J6F11','J6F11C2',2),(100333,'J6F11','J6F11C3',4),(100333,'J6F11','J6F11C4',2),(100333,'K3F11','K3F11C1',3),(100333,'K3F11','K3F11C2',4),(100333,'K3F11','K3F11C3',4),(100336,'A2F11','A2F11C1',4),(100336,'A2F11','A2F11C2',4),(100336,'A2F11','A2F11C3',2),(100336,'A3F11','A3F11C1',1),(100336,'A3F11','A3F11C2',3),(100336,'A3F11','A3F11C3',2),(100336,'B2F11','B2F11C1',2),(100336,'B2F11','B2F11C2',2),(100336,'B2F11','B2F11C3',1),(100336,'B3F11','B3F11C1',2),(100336,'B3F11','B3F11C2',2),(100336,'B3F11','B3F11C3',2),(100336,'C3F11','C3F11C1',4),(100336,'C3F11','C3F11C2',1),(100336,'C3F11','C3F11C3',1),(100336,'C3F11','C3F11C4',1),(100337,'A3F11','A3F11C1',2),(100337,'A3F11','A3F11C2',3),(100337,'A3F11','A3F11C3',2),(100337,'B3F11','B3F11C1',4),(100337,'B3F11','B3F11C2',4),(100337,'B3F11','B3F11C3',4),(100341,'A3F11','A3F11C1',0),(100341,'A3F11','A3F11C2',0),(100341,'A3F11','A3F11C3',0),(100341,'A3S12','A3S12C1',1),(100341,'A3S12','A3S12C2',1),(100341,'A3S12','A3S12C3',1),(100341,'B3S12','B3S12C1',2),(100341,'B3S12','B3S12C2',2),(100341,'B3S12','B3S12C3',2),(100341,'B3S12','B3S12C1',1),(100341,'B3S12','B3S12C2',1),(100341,'B3S12','B3S12C3',1),(100343,'A2S12','A2S12C1',4),(100343,'A2S12','A2S12C2',3),(100343,'A2S12','A2S12C3',3),(100343,'A2S12','A2S12C4',1),(100343,'A4S12','A4S12C1',4),(100343,'A4S12','A4S12C2',1),(100343,'A4S12','A4S12C3',2),(100343,'B4S12','B4S12C1',3),(100343,'B4S12','B4S12C2',3),(100343,'B4S12','B4S12C3',1),(100343,'C1S12','C1S12C1',3),(100343,'C1S12','C1S12C2',3),(100343,'C1S12','C1S12C3',3),(100343,'C1S12','C1S12C4',1),(100343,'C2S12','C2S12C1',3),(100343,'C2S12','C2S12C2',2),(100343,'C2S12','C2S12C3',4),(100343,'C2S12','C2S12C4',3),(100343,'D1F12','D1F12C1',4),(100343,'D1F12','D1F12C2',4),(100343,'D1F12','D1F12C3',4),(100343,'D1F12','D1F12C4',4),(100343,'D1F12','D1F12C5',4),(100343,'D1F12','D1F12C6',4),(100343,'D2F12','D2F12C1',3),(100343,'D2F12','D2F12C2',4),(100343,'D2F12','D2F12C3',3),(100343,'D2F12','D2F12C4',3),(100343,'D2F12','D2F12C3',3),(100343,'D2F12','D2F12C6',3),(100343,'D3F12','D3F12C1',3),(100343,'D3F12','D3F12C2',4),(100343,'D3F12','D3F12C3',4),(100343,'D3F12','D3F12C4',3),(100343,'E3F12','E3F12C1',4),(100343,'E3F12','E3F12C2',3),(100343,'F2F12','F2F12C1',3),(100343,'F2F12','F2F12C2',3),(100343,'F2F12','F2F12C3',3),(100343,'F2F12','F2F12C4',3),(100343,'G2F12','G2F12C1',3),(100343,'G2F12','G2F12C2',3),(100343,'H2F12','H2F12C1',3),(100343,'H3F12','H3F12C1',4),(100343,'H3F12','H3F12C2',2),(100343,'H3F12','H3F12C3',3),(100343,'I1F12','I1F12C1',3),(100343,'I1F12','I1F12C2',1),(100343,'I1F12','I1F12C3',2),(100343,'I3F12','I3F12C1',2),(100343,'I3F12','I3F12C2',3),(100343,'I3F12','I3F12C3',1),(100343,'J1F12','J1F12C1',2),(100343,'J1F12','J1F12C2',4),(100343,'J1F12','J1F12C3',4),(100343,'J2F12','J2F12C1',1),(100343,'J2F12','J2F12C2',2),(100343,'J3F12','J3F12C1',4),(100343,'J3F12','J3F12C2',2),(100343,'J3F12','J3F12C3',1),(100343,'J4F12','J4F12C1',4),(100343,'J4F12','J4F12C2',4),(100343,'J5F12','J5F12C1',3),(100343,'J5F12','J5F12C2',2),(100343,'J5F12','J5F12C3',2),(100343,'J5F12','J5F12C4',3),(100343,'J5F12','J5F12C5',3),(100343,'J5F12','J5F12C6',3),(100343,'K1F12','K1F12C1',2),(100343,'K1F12','K1F12C2',1),(100343,'K1F12','K1F12C3',2),(100343,'K2F12','K2F12C1',2),(100343,'K2F12','K2F12C2',2),(100343,'K2F12','K2F12C3',2),(100343,'K2F12','K2F12C4',2),(100343,'K2F12','K2F12C5',2),(100343,'K3F12','K3F12C1',3),(100343,'K3F12','K3F12C2',4),(100343,'K3F12','K3F12C3',4),(100344,'A3F12','A3F12C1',1),(100344,'A3F12','A3F12C2',1),(100344,'A3F12','A3F12C3',1),(100344,'B3F12','B3F12C1',1),(100344,'B3F12','B3F12C2',1),(100344,'B3F12','B3F12C3',1),(100345,'A2F12','A2F12C1',4),(100345,'A2F12','A2F12C2',4),(100345,'A2F12','A2F12C3',4),(100345,'A3F12','A3F12C1',4),(100345,'A3F12','A3F12C2',4),(100345,'A3F12','A3F12C3',4),(100345,'B2F12','B2F12C1',3),(100345,'B2F12','B2F12C2',3),(100345,'B2F12','B2F12C3',1),(100345,'B3F12','B3F12C1',2),(100345,'B3F12','B3F12C2',2),(100345,'B3F12','B3F12C3',3),(100345,'C2F12','C2F12C1',2),(100345,'C2F12','C2F12C2',4),(100345,'C2F12','C2F12C3',2),(100345,'C2F12','C2F12C4',1),(100345,'C3F12','C3F12C1',4),(100345,'C3F12','C3F12C2',3),(100345,'C3F12','C3F12C3',2),(100345,'C3F12','C3F12C4',2),(100345,'I1F12','I1F12C1',2),(100345,'I1F12','I1F12C2',2),(100345,'I1F12','I1F12C3',3),(100345,'I2F12','I2F12C1',3),(100345,'I2F12','I2F12C2',3),(100345,'I2F12','I2F12C3',3),(100345,'I2F12','I2F12C4',3),(100345,'J5F12','J5F12C1',4),(100345,'J5F12','J5F12C2',4),(100345,'J5F12','J5F12C3',4),(100345,'J5F12','J5F12C4',4),(100345,'J5F12','J5F12C5',4),(100345,'J5F12','J5F12C6',4),(100345,'K2F12','K2F12C1',2),(100345,'K2F12','K2F12C2',2),(100345,'K2F12','K2F12C3',2),(100345,'K2F12','K2F12C4',2),(100345,'K2F12','K2F12C5',3),(100346,'E1F12','E1F12C1',3),(100346,'E1F12','E1F12C2',3),(100346,'E1F12','E1F12C3',3),(100346,'E1F12','E1F12C4',2),(100346,'E1F12','E1F12C5',3),(100346,'E3F12','E3F12C1',4),(100346,'E3F12','E3F12C2',3),(100346,'F1F12','F1F12C1',1),(100346,'F1F12','F1F12C2',2),(100346,'F1F12','F1F12C3',2),(100346,'F1F12','F1F12C4',3),(100346,'F2F12','F2F12C1',3),(100346,'F2F12','F2F12C2',3),(100346,'F2F12','F2F12C3',3),(100346,'F2F12','F2F12C4',3),(100346,'G1F12','G1F12C1',3),(100346,'G1F12','G1F12C2',3),(100346,'G1F12','G1F12C3',1),(100346,'G2F12','G2F12C1',3),(100346,'G2F12','G2F12C2',3),(100346,'H1F12','H1F12C1',1),(100346,'H1F12','H1F12C2',1),(100346,'H1F12','H1F12C3',2),(100346,'H2F12','H2F12C1',3),(100347,'A1F12','A1F12C1',4),(100347,'A1F12','A1F12C2',4),(100347,'A1F12','A1F12C3',1),(100347,'A1F12','A1F12C4',1),(100347,'B1F12','B1F12C1',1),(100347,'B1F12','B1F12C2',1),(100347,'B1F12','B1F12C3',1),(100347,'C1F12','C1F12C1',3),(100347,'C1F12','C1F12C2',4),(100347,'C1F12','C1F12C3',3),(100347,'C1F12','C1F12C4',3),(100347,'D3F12','D3F12C1',4),(100347,'D3F12','D3F12C2',4),(100347,'D3F12','D3F12C3',4),(100347,'D3F12','D3F12C4',4),(100347,'E1F12','E1F12C1',4),(100347,'E1F12','E1F12C2',2),(100347,'E1F12','E1F12C3',2),(100347,'E1F12','E1F12C4',4),(100347,'E1F12','E1F12C5',3),(100347,'E3F12','E3F12C1',4),(100347,'E3F12','E3F12C2',3),(100347,'F1F12','F1F12C1',4),(100347,'F1F12','F1F12C2',3),(100347,'F1F12','F1F12C3',3),(100347,'F1F12','F1F12C4',4),(100347,'F2F12','F2F12C1',3),(100347,'F2F12','F2F12C2',3),(100347,'F2F12','F2F12C3',3),(100347,'F2F12','F2F12C4',3),(100347,'G1F12','G1F12C1',3),(100347,'G1F12','G1F12C2',3),(100347,'G1F12','G1F12C3',1),(100347,'G2F12','G2F12C1',3),(100347,'G2F12','G2F12C2',3),(100347,'H1F12','H1F12C1',1),(100347,'H1F12','H1F12C2',2),(100347,'H1F12','H1F12C3',1),(100347,'H2F12','H2F12C1',3),(100347,'J4F12','J4F12C1',3),(100347,'J4F12','J4F12C2',3),(100347,'J6F12','J6F12C1',4),(100347,'J6F12','J6F12C2',1),(100347,'J6F12','J6F12C3',4),(100347,'J6F12','J6F12C4',1),(100348,'A3F12','A3F12C1',4),(100348,'A3F12','A3F12C2',3),(100348,'A3F12','A3F12C3',3),(100348,'B3F12','B3F12C1',4),(100348,'B3F12','B3F12C2',4),(100348,'B3F12','B3F12C3',4),(100349,'A2F12','A2F12C1',4),(100349,'A2F12','A2F12C2',4),(100349,'A2F12','A2F12C3',4),(100349,'A2F12','A2F12C1',4),(100349,'A2F12','A2F12C2',4),(100349,'A2F12','A2F12C3',2),(100349,'A3F12','A3F12C1',1),(100349,'A3F12','A3F12C2',3),(100349,'A3F12','A3F12C3',1),(100349,'B2F12','B2F12C1',3),(100349,'B2F12','B2F12C2',3),(100349,'B2F12','B2F12C3',3),(100349,'B2F12','B2F12C1',3),(100349,'B2F12','B2F12C2',3),(100349,'B2F12','B2F12C3',1),(100349,'B3F12','B3F12C1',1),(100349,'B3F12','B3F12C2',1),(100349,'B3F12','B3F12C3',1),(100349,'C3F12','C3F12C1',3),(100349,'C3F12','C3F12C2',3),(100349,'C3F12','C3F12C3',3),(100349,'C3F12','C3F12C4',3),(100349,'C3F12','C3F12C1',3),(100349,'C3F12','C3F12C2',3),(100349,'C3F12','C3F12C3',3),(100349,'C3F12','C3F12C4',3),(100349,'I1F12','I1F12C1',1),(100349,'I1F12','I1F12C2',1),(100349,'I1F12','I1F12C3',3),(100349,'I1F12','I1F12C1',2),(100349,'I1F12','I1F12C2',2),(100349,'I1F12','I1F12C3',2),(100349,'I2F12','I2F12C1',1),(100349,'I2F12','I2F12C2',2),(100349,'I2F12','I2F12C3',3),(100349,'I2F12','I2F12C4',2),(100349,'I2F12','I2F12C1',3),(100349,'I2F12','I2F12C2',4),(100349,'I2F12','I2F12C3',2),(100349,'I2F12','I2F12C4',4),(100351,'A2F12','A2F12C1',4),(100351,'A2F12','A2F12C2',4),(100351,'A2F12','A2F12C3',2),(100351,'A3F12','A3F12C1',3),(100351,'A3F12','A3F12C2',4),(100351,'A3F12','A3F12C3',3),(100351,'B3F12','B3F12C1',2),(100351,'B3F12','B3F12C2',3),(100351,'B3F12','B3F12C3',3),(100351,'I1F12','I1F12C1',0),(100351,'I1F12','I1F12C2',0),(100351,'I1F12','I1F12C3',0),(100354,'A2F12','A2F12C1',2),(100354,'A2F12','A2F12C2',4),(100354,'A2F12','A2F12C3',4),(100354,'A3S12','A3S12C1',2),(100354,'A3S12','A3S12C2',4),(100354,'A3S12','A3S12C3',2),(100354,'B2S12','B2S12C1',3),(100354,'B2S12','B2S12C2',3),(100354,'B2S12','B2S12C3',2),(100354,'B3S12','B3S12C1',4),(100354,'B3S12','B3S12C2',4),(100354,'B3S12','B3S12C3',4),(100354,'C3S12','C3S12C1',3),(100354,'C3S12','C3S12C2',4),(100354,'C3S12','C3S12C3',4),(100354,'C3S12','C3S12C4',3),(100354,'I1S12','I1S12C1',3),(100354,'I1S12','I1S12C2',3),(100354,'I1S12','I1S12C3',4),(100354,'I2S12','I2S12C1',3),(100354,'I2S12','I2S12C2',3),(100354,'I2S12','I2S12C3',3),(100354,'I2S12','I2S12C4',2),(100355,'A3F12','A3F12C1',4),(100355,'A3F12','A3F12C2',4),(100355,'A3F12','A3F12C3',4),(100356,'A2F12','A2F12C1',3),(100356,'A2F12','A2F12C2',4),(100356,'A2F12','A2F12C3',4),(100356,'A2F12','A2F12C4',3),(100356,'A2F12','A2F12C1',4),(100356,'A2F12','A2F12C2',4),(100356,'A2F12','A2F12C3',3),(100356,'A2F12','A2F12C4',1),(100356,'I1F12','I1F12C1',0),(100356,'I1F12','I1F12C2',0),(100356,'I1F12','I1F12C3',0),(100360,'A2F12','A2F12C1',3),(100360,'A2F12','A2F12C2',3),(100360,'A2F12','A2F12C3',3),(100360,'A2F12','A2F12C4',2),(100360,'A3F12','A3F12C1',4),(100360,'A3F12','A3F12C2',3),(100360,'A3F12','A3F12C3',4),(100360,'B2F12','B2F12C1',3),(100360,'B2F12','B2F12C2',3),(100360,'B2F12','B2F12C3',1),(100360,'B3F12','B3F12C1',2),(100360,'B3F12','B3F12C2',2),(100360,'B3F12','B3F12C3',3),(100360,'C2F12','C2F12C1',2),(100360,'C2F12','C2F12C2',2),(100360,'C2F12','C2F12C3',2),(100360,'C2F12','C2F12C4',1),(100360,'C3F12','C3F12C1',4),(100360,'C3F12','C3F12C2',1),(100360,'C3F12','C3F12C3',3),(100360,'C3F12','C3F12C4',3),(100360,'I1F12','I1F12C1',3),(100360,'I1F12','I1F12C2',4),(100360,'I1F12','I1F12C3',3),(100360,'I2F12','I2F12C1',3),(100360,'I2F12','I2F12C2',3),(100360,'I2F12','I2F12C3',4),(100360,'I2F12','I2F12C4',3),(100360,'J5F12','J5F12C1',3),(100360,'J5F12','J5F12C2',3),(100360,'J5F12','J5F12C3',3),(100360,'J5F12','J5F12C4',2),(100360,'J5F12','J5F12C5',3),(100360,'J5F12','J5F12C6',4),(100362,'A1F12','A1F12C1',4),(100362,'A1F12','A1F12C2',4),(100362,'A1F12','A1F12C3',4),(100362,'A1F12','A1F12C4',1),(100362,'B1F12','B1F12C1',4),(100362,'B1F12','B1F12C2',4),(100362,'B1F12','B1F12C3',4),(100362,'E1F12','E1F12C1',3),(100362,'E1F12','E1F12C2',3),(100362,'E1F12','E1F12C3',3),(100362,'E1F12','E1F12C4',3),(100362,'E1F12','E1F12C5',3),(100362,'E3F12','E3F12C1',3),(100362,'E3F12','E3F12C2',3),(100362,'F1F12','F1F12C1',4),(100362,'F1F12','F1F12C2',1),(100362,'F1F12','F1F12C3',2),(100362,'F1F12','F1F12C4',3),(100362,'F2F12','F2F12C1',3),(100362,'F2F12','F2F12C2',3),(100362,'F2F12','F2F12C3',3),(100362,'F2F12','F2F12C4',2),(100362,'G1F12','G1F12C1',3),(100362,'G1F12','G1F12C2',3),(100362,'G1F12','G1F12C3',1),(100362,'G2F12','G2F12C1',3),(100362,'G2F12','G2F12C2',3),(100362,'H1F12','H1F12C1',0),(100362,'H1F12','H1F12C2',0),(100362,'H1F12','H1F12C3',0),(100362,'H2F12','H2F12C1',2),(100362,'J6F12','J6F12C1',4),(100362,'J6F12','J6F12C2',1),(100362,'J6F12','J6F12C3',2),(100362,'J6F12','J6F12C4',3),(100363,'B3F12','B3F12C1',4),(100363,'B3F12','B3F12C2',4),(100363,'B3F12','B3F12C3',4),(100363,'J2F12','J2F12C1',3),(100363,'J2F12','J2F12C2',4),(100363,'K1F12','K1F12C1',3),(100363,'K1F12','K1F12C2',3),(100363,'K1F12','K1F12C3',3),(100364,'A2F12','A2F12C1',3),(100364,'A2F12','A2F12C2',3),(100364,'A2F12','A2F12C3',3),(100364,'A2F12','A2F12C4',2),(100364,'A3F12','A3F12C1',3),(100364,'A3F12','A3F12C2',4),(100364,'A3F12','A3F12C3',4),(100364,'B2F12','B2F12C1',2),(100364,'B2F12','B2F12C2',2),(100364,'B2F12','B2F12C3',2),(100364,'B3F12','B3F12C1',4),(100364,'B3F12','B3F12C2',4),(100364,'B3F12','B3F12C3',4),(100364,'C1F12','C1F12C1',4),(100364,'C1F12','C1F12C2',4),(100364,'C1F12','C1F12C3',4),(100364,'C1F12','C1F12C4',3),(100364,'C2F11','C2F11C1',4),(100364,'C2F11','C2F11C2',2),(100364,'C2F11','C2F11C3',4),(100364,'C2F11','C2F11C4',3),(100364,'C3F11','C3F11C1',4),(100364,'C3F11','C3F11C2',4),(100364,'C3F11','C3F11C3',4),(100364,'C3F11','C3F11C4',4),(100364,'D1F12','D1F12C1',4),(100364,'D1F12','D1F12C2',4),(100364,'D1F12','D1F12C3',4),(100364,'D1F12','D1F12C4',4),(100364,'D1F12','D1F12C5',4),(100364,'D1F12','D1F12C6',4),(100364,'D3F12','D3F12C1',4),(100364,'D3F12','D3F12C2',4),(100364,'D3F12','D3F12C3',4),(100364,'D3F12','D3F12C4',4),(100364,'H3S12','H3S12C1',4),(100364,'H3S12','H3S12C2',4),(100364,'H3S12','H3S12C3',4),(100364,'I1S12','I1S12C1',3),(100364,'I1S12','I1S12C2',4),(100364,'I1S12','I1S12C3',3),(100364,'I2S12','I2S12C1',3),(100364,'I2S12','I2S12C2',3),(100364,'I2S12','I2S12C3',1),(100364,'I2S12','I2S12C4',3),(100364,'I3S12','I3S12C1',4),(100364,'I3S12','I3S12C2',3),(100364,'I3S12','I3S12C3',3),(100364,'J4S12','J4S12C1',2),(100364,'J4S12','J4S12C2',3),(100364,'J5F11','J5F11C1',3),(100364,'J5F11','J5F11C2',2),(100364,'J5F11','J5F11C3',2),(100364,'J5F11','J5F11C4',2),(100364,'J5F11','J5F11C5',2),(100364,'J5F11','J5F11C6',3),(100364,'K2F11','K2F11C1',2),(100364,'K2F11','K2F11C2',3),(100364,'K2F11','K2F11C3',3),(100364,'K2F11','K2F11C4',2),(100364,'K2F11','K2F11C5',3),(100364,'K3S12','K3S12C1',4),(100364,'K3S12','K3S12C2',4),(100364,'K3S12','K3S12C3',4),(100365,'A3S12','A3S12C1',1),(100365,'A3S12','A3S12C2',3),(100365,'A3S12','A3S12C3',1),(100365,'B3S12','B3S12C1',4),(100365,'B3S12','B3S12C2',4),(100365,'B3S12','B3S12C3',3),(100366,'A2S12','A2S12C1',4),(100366,'A2S12','A2S12C2',4),(100366,'A2S12','A2S12C3',4),(100366,'A3S12','A3S12C1',4),(100366,'A3S12','A3S12C2',4),(100366,'A3S12','A3S12C3',4),(100366,'B2F11','B2F11C1',4),(100366,'B2F11','B2F11C2',3),(100366,'B2F11','B2F11C3',4),(100366,'B3F11','B3F11C1',3),(100366,'B3F11','B3F11C2',2),(100366,'B3F11','B3F11C3',4),(100366,'C2F12','C2F12C1',4),(100366,'C2F12','C2F12C2',4),(100366,'C2F12','C2F12C3',4),(100366,'C2F12','C2F12C4',4),(100366,'C3F11','C3F11C1',3),(100366,'C3F11','C3F11C2',3),(100366,'C3F11','C3F11C3',3),(100366,'C3F11','C3F11C4',4),(100366,'I1F11','I1F11C1',2),(100366,'I1F11','I1F11C2',2),(100366,'I1F11','I1F11C3',2),(100366,'I2F11','I2F11C1',4),(100366,'I2F11','I2F11C2',3),(100366,'I2F11','I2F11C3',1),(100366,'I2F11','I2F11C4',4),(100366,'K2F12','K2F12C1',3),(100366,'K2F12','K2F12C2',3),(100366,'K2F12','K2F12C3',3),(100366,'K2F12','K2F12C4',3),(100366,'K2F12','K2F12C5',3),(100369,'A3F12','A3F12C1',4),(100369,'A3F12','A3F12C2',3),(100369,'A3F12','A3F12C3',4),(100369,'B3F12','B3F12C1',4),(100369,'B3F12','B3F12C2',4),(100369,'B3F12','B3F12C3',4),(100371,'A2F12','A2F12C1',2),(100371,'A2F12','A2F12C2',4),(100371,'A2F12','A2F12C3',2),(100371,'A3F12','A3F12C1',1),(100371,'A3F12','A3F12C2',1),(100371,'A3F12','A3F12C3',1),(100371,'B2F12','B2F12C1',2),(100371,'B2F12','B2F12C2',2),(100371,'B2F12','B2F12C3',1),(100371,'B3F12','B3F12C1',4),(100371,'B3F12','B3F12C2',4),(100371,'B3F12','B3F12C3',4),(100371,'C3F12','C3F12C1',3),(100371,'C3F12','C3F12C2',1),(100371,'C3F12','C3F12C3',1),(100371,'C3F12','C3F12C4',1),(100371,'I1F12','I1F12C1',1),(100371,'I1F12','I1F12C2',1),(100371,'I1F12','I1F12C3',1),(100372,'A3F12','A3F12C1',2),(100372,'A3F12','A3F12C2',3),(100372,'A3F12','A3F12C3',3),(100373,'A3F12','A3F12C1',3),(100373,'A3F12','A3F12C2',2),(100373,'A3F12','A3F12C3',2),(100373,'A3F12','A3F12C1',2),(100373,'A3F12','A3F12C2',2),(100373,'A3F12','A3F12C3',4),(100373,'B3F12','B3F12C1',2),(100373,'B3F12','B3F12C2',1),(100373,'B3F12','B3F12C3',2),(100373,'B3F12','B3F12C1',3),(100373,'B3F12','B3F12C2',4),(100373,'B3F12','B3F12C3',4),(100374,'A3F12','A3F12C1',0),(100374,'A3F12','A3F12C2',0),(100374,'A3F12','A3F12C3',0),(100374,'B2F12','B2F12C1',3),(100374,'B2F12','B2F12C2',3),(100374,'B2F12','B2F12C3',1),(100374,'B3F12','B3F12C1',4),(100374,'B3F12','B3F12C2',4),(100374,'B3F12','B3F12C3',4),(100374,'C3F12','C3F12C1',4),(100374,'C3F12','C3F12C2',3),(100374,'C3F12','C3F12C3',3),(100374,'C3F12','C3F12C4',3),(100374,'I2F12','I2F12C1',1),(100374,'I2F12','I2F12C2',1),(100374,'I2F12','I2F12C3',2),(100374,'I2F12','I2F12C4',1),(100375,'A3F12','A3F12C1',3),(100375,'A3F12','A3F12C2',3),(100375,'A3F12','A3F12C3',3),(100375,'B3F12','B3F12C1',3),(100375,'B3F12','B3F12C2',1),(100375,'B3F12','B3F12C3',1),(100376,'A2F12','A2F12C1',4),(100376,'A2F12','A2F12C2',1),(100376,'A2F12','A2F12C3',2),(100376,'A2F12','A2F12C4',1),(100376,'B2F12','B2F12C1',2),(100376,'B2F12','B2F12C2',1),(100376,'B2F12','B2F12C3',4),(100376,'C2F12','C2F12C1',4),(100376,'C2F12','C2F12C2',4),(100376,'C2F12','C2F12C3',4),(100376,'C2F12','C2F12C4',4),(100376,'C2F11','C2F11C1',1),(100376,'C2F11','C2F11C2',2),(100376,'C2F11','C2F11C3',1),(100376,'C2F11','C2F11C4',1),(100376,'C3F11','C3F11C1',4),(100376,'C3F11','C3F11C2',4),(100376,'C3F11','C3F11C3',4),(100376,'C3F11','C3F11C4',4),(100376,'E2F11','E2F11C1',4),(100376,'E2F11','E2F11C2',4),(100376,'E2F11','E2F11C3',3),(100376,'E2F11','E2F11C4',4),(100376,'E2F11','E2F11C5',3),(100376,'E2F11','E2F11C6',3),(100376,'E2F11','E2F11C7',3),(100376,'E3F11','E3F11C1',4),(100376,'E3F11','E3F11C2',2),(100376,'F2F11','F2F11C1',2),(100376,'F2F11','F2F11C2',4),(100376,'F2F11','F2F11C3',1),(100376,'F2F11','F2F11C4',3),(100376,'F3F11','F3F11C1',4),(100376,'F3F11','F3F11C2',4),(100376,'F3F11','F3F11C3',4),(100376,'F3F11','F3F11C4',3),(100376,'G2F11','G2F11C1',4),(100376,'G2F11','G2F11C2',3),(100376,'G3F11','G3F11C1',3),(100376,'G3F11','G3F11C2',4),(100376,'G3F11','G3F11C3',3),(100376,'G3F11','G3F11C4',4),(100376,'H2F11','H2F11C1',3),(100376,'I1F11','I1F11C1',4),(100376,'I1F11','I1F11C2',4),(100376,'I1F11','I1F11C3',3),(100376,'I2F11','I2F11C1',4),(100376,'I2F11','I2F11C2',4),(100376,'I2F11','I2F11C3',4),(100376,'I2F11','I2F11C4',4),(100376,'J5F11','J5F11C1',4),(100376,'J5F11','J5F11C2',4),(100376,'J5F11','J5F11C3',4),(100376,'J5F11','J5F11C4',4),(100376,'J5F11','J5F11C5',4),(100376,'J5F11','J5F11C6',4),(100376,'J5F11','J5F11C1',3),(100376,'J5F11','J5F11C2',2),(100376,'J5F11','J5F11C3',2),(100376,'J5F11','J5F11C4',2),(100376,'J5F11','J5F11C5',2),(100376,'J5F11','J5F11C6',3),(100376,'K2F11','K2F11C1',4),(100376,'K2F11','K2F11C2',4),(100376,'K2F11','K2F11C3',4),(100376,'K2F11','K2F11C4',4),(100376,'K2F11','K2F11C5',4),(100376,'K2F11','K2F11C1',4),(100376,'K2F11','K2F11C2',3),(100376,'K2F11','K2F11C3',4),(100376,'K2F11','K2F11C4',4),(100376,'K2F11','K2F11C5',4),(100377,'A3F12','A3F12C1',4),(100377,'A3F12','A3F12C2',2),(100377,'A3F12','A3F12C3',4),(100377,'B3F12','B3F12C1',4),(100377,'B3F12','B3F12C2',4),(100377,'B3F12','B3F12C3',4),(100378,'A1F12','A1F12C1',4),(100378,'A1F12','A1F12C2',4),(100378,'A1F12','A1F12C3',4),(100378,'A2F12','A2F12C1',4),(100378,'A2F12','A2F12C2',4),(100378,'A2F12','A2F12C3',4),(100378,'A3F12','A3F12C1',1),(100378,'A3F12','A3F12C2',1),(100378,'A3F12','A3F12C3',1),(100378,'B1F12','B1F12C1',4),(100378,'B1F12','B1F12C2',4),(100378,'B1F12','B1F12C3',3),(100378,'B2F11','B2F11C1',4),(100378,'B2F11','B2F11C2',3),(100378,'B2F11','B2F11C3',3),(100378,'B3F11','B3F11C1',3),(100378,'B3F11','B3F11C2',1),(100378,'B3F11','B3F11C3',3),(100378,'C2F11','C2F11C1',2),(100378,'C2F11','C2F11C2',3),(100378,'C2F11','C2F11C3',3),(100378,'C2F11','C2F11C4',2),(100378,'C3F11','C3F11C1',4),(100378,'C3F11','C3F11C2',3),(100378,'C3F11','C3F11C3',3),(100378,'C3F11','C3F11C4',2),(100378,'I1F11','I1F11C1',3),(100378,'I1F11','I1F11C2',3),(100378,'I1F11','I1F11C3',3),(100378,'J5F11','J5F11C1',2),(100378,'J5F11','J5F11C2',4),(100378,'J5F11','J5F11C3',4),(100378,'J5F11','J5F11C4',3),(100378,'J5F11','J5F11C5',3),(100378,'J5F11','J5F11C6',2),(100378,'J6F12','J6F12C1',4),(100378,'J6F12','J6F12C2',3),(100378,'J6F12','J6F12C3',4),(100378,'K2F12','K2F12C1',4),(100378,'K2F12','K2F12C2',4),(100378,'K2F12','K2F12C3',3),(100378,'K2F12','K2F12C4',4),(100378,'K2F12','K2F12C5',4),(100379,'A2F12','A2F12C1',4),(100379,'A2F12','A2F12C2',4),(100379,'A2F12','A2F12C3',2);
/*!40000 ALTER TABLE `Result` ENABLE KEYS */;
UNLOCK TABLES;

--
-- Table structure for table `SE`
--

DROP TABLE IF EXISTS `SE`;
/*!40101 SET @saved_cs_client     = @@character_set_client */;
/*!40101 SET character_set_client = utf8 */;
CREATE TABLE `SE` (
  `uid` mediumint(9) NOT NULL,
  `b_date` varchar(12) DEFAULT NULL,
  `e_date` varchar(12) DEFAULT NULL,
  UNIQUE KEY `uid` (`uid`),
  CONSTRAINT `SE_ibfk_1` FOREIGN KEY (`uid`) REFERENCES `Student` (`uid`)
) ENGINE=InnoDB DEFAULT CHARSET=latin1;
/*!40101 SET character_set_client = @saved_cs_client */;

--
-- Dumping data for table `SE`
--

LOCK TABLES `SE` WRITE;
/*!40000 ALTER TABLE `SE` DISABLE KEYS */;
INSERT INTO `SE` VALUES (100008,'Spring 2011','Fall 2012'),(100020,'Spring 2011','Fall 2012'),(100023,'Spring 2011','Fall 2012'),(100025,'Spring 2011','Fall 2012'),(100033,'Fall 2010','Fall 2012'),(100039,'Fall 2010','Fall 2012'),(100040,'Spring 2011','Fall 2012'),(100042,'Spring 2011','Fall 2012'),(100043,'Spring 2011','Fall 2012'),(100055,'Fall 2011','Fall 2011'),(100059,'Fall 2011','Fall 2011'),(100060,'Fall 2010','Spring 2012'),(100063,'Spring 2011','Spring 2012'),(100064,'Fall 2011','Fall 2011'),(100067,'Fall 2011','Spring 2012'),(100070,'Spring 2011','Spring 2011'),(100072,'Spring 2011','Spring 2012'),(100079,'Fall 2010','Spring 2012'),(100089,'Fall 2011','Fall 2011'),(100092,'Fall 2011','Spring 2012'),(100094,'Fall 2010','Spring 2012'),(100095,'Fall 2011','Spring 2012'),(100100,'Spring 2011','Fall 2012'),(100109,'Fall 2010','Fall 2012'),(100113,'Spring 2011','Spring 2012'),(100114,'Fall 2010','Fall 2012'),(100115,'Spring 2011','Fall 2012'),(100116,'Fall 2010','Fall 2012'),(100117,'Spring 2011','Fall 2012'),(100120,'Fall 2011','Spring 2012'),(100122,'Fall 2010','Spring 2012'),(100123,'Spring 2011','Fall 2012'),(100125,'Fall 2010','Fall 2010'),(100126,'Spring 2011','Fall 2012'),(100127,'Spring 2011','Fall 2012'),(100129,'Fall 2011','Spring 2012'),(100130,'Fall 2011','Fall 2011'),(100134,'Fall 2011','Spring 2012'),(100137,'Fall 2012','Fall 2012'),(100142,'Fall 2010','Fall 2012'),(100145,'Fall 2011','Fall 2011'),(100150,'Fall 2010','Spring 2012'),(100154,'Fall 2012','Fall 2012'),(100155,'Spring 2012','Spring 2012'),(100164,'Fall 2010','Fall 2012'),(100165,'Fall 2010','Spring 2012'),(100166,'Fall 2010','Spring 2012'),(100168,'Fall 2010','Fall 2012'),(100173,'Fall 2011','Fall 2011'),(100176,'Fall 2010','Fall 2011'),(100188,'Spring 2011','Spring 2012'),(100191,'Fall 2010','Fall 2012'),(100199,'Spring 2011','Fall 2012'),(100203,'Spring 2011','Fall 2012'),(100209,'Fall 2011','Fall 2011'),(100210,'Spring 2011','Fall 2012'),(100212,'Fall 2010','Spring 2012'),(100213,'Spring 2011','Fall 2012'),(100214,'Fall 2010','Fall 2012'),(100219,'Fall 2011','Spring 2012'),(100222,'Fall 2011','Spring 2012'),(100223,'Fall 2010','Fall 2012'),(100228,'Spring 2011','Fall 2012'),(100229,'Fall 2010','Fall 2012'),(100234,'Spring 2011','Fall 2012'),(100238,'Spring 2011','Spring 2011'),(100239,'Fall 2010','Spring 2012'),(100242,'Spring 2011','Fall 2012'),(100244,'Spring 2011','Fall 2012'),(100248,'Fall 2010','Spring 2012'),(100255,'Spring 2012','Spring 2012'),(100260,'Fall 2010','Fall 2012'),(100262,'Fall 2010','Spring 2012'),(100266,'Spring 2011','Fall 2012'),(100267,'Fall 2010','Fall 2012'),(100277,'Fall 2010','Fall 2012'),(100279,'Spring 2011','Fall 2012'),(100281,'Fall 2011','Spring 2012'),(100283,'Fall 2010','Spring 2012');
/*!40000 ALTER TABLE `SE` ENABLE KEYS */;
UNLOCK TABLES;

--
-- Table structure for table `Student`
--

DROP TABLE IF EXISTS `Student`;
/*!40101 SET @saved_cs_client     = @@character_set_client */;
/*!40101 SET character_set_client = utf8 */;
CREATE TABLE `Student` (
  `uid` mediumint(9) NOT NULL,
  `f_name` varchar(10) DEFAULT NULL,
  `m_name` varchar(10) DEFAULT NULL,
  `l_name` varchar(15) DEFAULT NULL,
  `emphasis` char(3) DEFAULT NULL,
  `status` varchar(9) DEFAULT NULL,
  PRIMARY KEY (`uid`),
  UNIQUE KEY `uid` (`uid`)
) ENGINE=InnoDB DEFAULT CHARSET=latin1;
/*!40101 SET character_set_client = @saved_cs_client */;

--
-- Dumping data for table `Student`
--

LOCK TABLES `Student` WRITE;
/*!40000 ALTER TABLE `Student` DISABLE KEYS */;
INSERT INTO `Student` VALUES (100000,'Wade','H.',' Andrews','CIS',NULL),(100001,'Jacqueline','J',' Simmons','UND',NULL),(100002,'Frederick','O',' Castro','UND',NULL),(100003,'Annette','S',' Myers','CIS',NULL),(100004,'Samantha','null',' Boone','CS',NULL),(100005,'Nina','M',' Adkins','UND',NULL),(100006,'Lucy','M',' Lawrence','UND',NULL),(100007,'Oliver','D',' Salazar','CIS',NULL),(100008,'Anne','B',' Allison','SE',NULL),(100009,'Megan','M',' King','UND',NULL),(100010,'Rachel','D',' Matthews','UND',NULL),(100011,'Ollie','F',' Wells','UND',NULL),(100012,'Ross','null',' Evans','CIS',NULL),(100013,'Donna','M.',' Cunningham','CS',NULL),(100014,'Sara','L.',' Medina','CS',NULL),(100015,'Shirley','N.',' Guerrero','CS',NULL),(100016,'Kerry','J',' Reed','UND',NULL),(100017,'George','A',' Soto','UND',NULL),(100018,'Keith','E',' Carter','CIS',NULL),(100019,'Diane','M',' Reese','SE',NULL),(100020,'Lydia','M',' Rice','SE',NULL),(100021,'Robin','L',' Davidson','UND',NULL),(100022,'Clyde','A',' Singleton','UND',NULL),(100023,'Melody','J',' Mccormick','SE',NULL),(100024,'Ron','J.',' Harris','SE',NULL),(100025,'Enrique','A',' Guzman','SE',NULL),(100026,'Judy','S',' Clark','UND',NULL),(100027,'Bobbie','K',' Harmon','UND',NULL),(100028,'Elisa','D',' Walsh','SE',NULL),(100029,'Tonya','null',' Underwood','UND',NULL),(100030,'Leroy','null',' Mcguire','UND',NULL),(100031,'Andre','J.',' Mack','UND',NULL),(100032,'Marshall','R',' Flores','CS',NULL),(100033,'Dexter','M',' Cole','SE',NULL),(100034,'Emma','J',' Rhodes','CIS',NULL),(100035,'Gina','A.',' Baker','CIS',NULL),(100036,'Jorge','P',' Hamilton','UND',NULL),(100037,'Gilberto','R',' Hansen','CIS',NULL),(100038,'Noah','R',' May','UND',NULL),(100039,'Gerald','M',' Walters','SE',NULL),(100040,'Bruce','J',' Phillips','SE',NULL),(100041,'Willard','A',' Williamson','CS',NULL),(100042,'Martha','R',' Stanley','SE',NULL),(100043,'Marion','W.',' Lloyd','SE',NULL),(100044,'Allen','A',' Mcbride','UND',NULL),(100045,'Ellis','N',' Moran','CS',NULL),(100046,'Dana','M',' Kelly','CIS',NULL),(100047,'Cynthia','null',' Copeland','UND',NULL),(100048,'Kay','null',' Simpson','UND',NULL),(100049,'Marlene','T.',' Day','CIS',NULL),(100050,'Clayton','null',' Martin','CS',NULL),(100051,'Steve','null',' Garza','UND',NULL),(100052,'Omar','W',' Carlson','CS',NULL),(100053,'Edna','W',' Roberts','CIS',NULL),(100054,'Maria','A',' Austin','CIS',NULL),(100055,'Brandon','A.',' Rogers','SE',NULL),(100056,'Adrian','A',' Maldonado','CIS',NULL),(100057,'Toby','H',' Norris','SE',NULL),(100058,'Terry','M',' Buchanan','UND',NULL),(100059,'Byron','null',' Goodwin','SE',NULL),(100060,'Van','J.',' Gilbert','SE',NULL),(100061,'Victoria','null',' Rodriguez','UND',NULL),(100062,'Miranda','M',' Nash','UND',NULL),(100063,'Jenna','null',' Martinez','SE',NULL),(100064,'Alyssa','M.',' Elliott','SE',NULL),(100065,'April','R.',' Larson','CIS',NULL),(100066,'Lindsey','J.',' Colon','CS',NULL),(100067,'Shari','E',' Pittman','SE',NULL),(100068,'Gregory','R',' Ramsey','CS',NULL),(100069,'Marcella','S',' Gill','SE',NULL),(100070,'Steven','W',' Schmidt','SE',NULL),(100071,'Lucille','A.',' Webster','UND',NULL),(100072,'Frank','J',' Grant','SE',NULL),(100073,'Claude','W',' Hernandez','UND',NULL),(100074,'Edward','J',' Fletcher','UND',NULL),(100075,'Yvonne','A',' Collier','UND',NULL),(100076,'Darren','N',' Riley','CIS',NULL),(100077,'Sylvia','D',' Carroll','CIS',NULL),(100078,'Brendan','M',' Barrett','UND',NULL),(100079,'Andrea','P',' Osborne','SE',NULL),(100080,'Lori','null',' Warner','UND',NULL),(100081,'Philip','M',' Cruz','UND',NULL),(100082,'Shaun','M.',' Shaw','CS',NULL),(100083,'Kerry','T',' Perkins','CS',NULL),(100084,'Mabel','D',' Green','UND',NULL),(100085,'Garrett','null',' Padilla','UND',NULL),(100086,'Malcolm','J',' Peters','UND',NULL),(100087,'Karla','J.',' Kennedy','CIS',NULL),(100088,'Neal','V',' Pierce','UND',NULL),(100089,'Erick','L.',' Boyd','SE',NULL),(100090,'Inez','W',' Saunders','UND',NULL),(100091,'Leon','J.',' Barton','CS',NULL),(100092,'Clara','R',' Santos','SE',NULL),(100093,'Jay','W',' Douglas','CS',NULL),(100094,'Jamie','null',' Jones','SE',NULL),(100095,'Stewart','O',' Robertson','SE',NULL),(100096,'Rafael','L',' Bell','UND',NULL),(100097,'Gordon','D',' Patton','CS',NULL),(100098,'Santos','T',' Mccarthy','CS',NULL),(100099,'Irving','null',' Ford','UND',NULL),(100100,'Emilio','E',' Lawson','SE',NULL),(100101,'Rickey','O',' Schwartz','UND',NULL),(100102,'Maryann','S.',' Rivera','SE',NULL),(100103,'Ramon','C',' Morrison','UND',NULL),(100104,'Lindsey','C',' Manning','UND',NULL),(100105,'Pat','J.',' Bryant','CIS',NULL),(100106,'Fredrick','E',' Thompson','CS',NULL),(100107,'Lynette','D.',' Fleming','SE',NULL),(100108,'Noel','M.',' Martinez','CS',NULL),(100109,'Fred','J',' Burton','SE',NULL),(100110,'Karl','D',' Gonzalez','UND',NULL),(100111,'Owen','A',' Brady','UND',NULL),(100112,'Herbert','R',' Patton','UND',NULL),(100113,'Jennifer','J.',' Singleton','SE',NULL),(100114,'Judy','D.',' Daniel','SE',NULL),(100115,'Doreen','J',' Carpenter','SE',NULL),(100116,'Phillip','null',' Scott','SE',NULL),(100117,'Patsy','G',' Strickland','SE',NULL),(100118,'Tami','J',' Frank','UND',NULL),(100119,'Rachel','E.',' Armstrong','CIS',NULL),(100120,'Tamara','C',' Cooper','SE',NULL),(100121,'Antonia','J.',' Steele','CIS',NULL),(100122,'Lana','A',' Ramsey','SE',NULL),(100123,'Molly','J',' Yates','SE',NULL),(100124,'Kathryn','J',' Duncan','UND',NULL),(100125,'Nicholas','D',' Weaver','SE',NULL),(100126,'May','S.',' Erickson','SE',NULL),(100127,'Lillie','K',' Roberts','SE',NULL),(100128,'Miguel','A',' Weber','SE',NULL),(100129,'Jacqueline','D',' Bowers','SE',NULL),(100130,'Shannon','T.',' Miller','SE',NULL),(100131,'Lindsay','N',' Saunders','UND',NULL),(100132,'Danny','J',' Christensen','SE',NULL),(100133,'Jared','C.',' Norton','CIS',NULL),(100134,'Santiago','E.',' Jacobs','SE',NULL),(100135,'Devin','R',' Warren','CIS',NULL),(100136,'Mandy','D.',' Moody','SE',NULL),(100137,'Leo','J',' Figueroa','SE',NULL),(100138,'Christie','A',' Stephens','UND',NULL),(100139,'Jesus','P',' Hansen','CS',NULL),(100140,'Patrick','J',' Goodwin','UND',NULL),(100141,'Stacy','J',' Watts','CS',NULL),(100142,'Dwight','R',' Simon','SE',NULL),(100143,'Damon','D',' Mcdonald','CS',NULL),(100144,'Jody','null',' Pittman','UND',NULL),(100145,'Lorene','H',' Butler','SE',NULL),(100146,'Bernard','null',' Dixon','CS',NULL),(100147,'Sharon','J',' Ruiz','UND',NULL),(100148,'Sidney','P',' Nguyen','UND',NULL),(100149,'Edmund','null',' Morris','UND',NULL),(100150,'Scott','J',' Reyes','SE',NULL),(100151,'Kevin','J',' Knight','UND',NULL),(100152,'Erika','J',' Elliott','UND',NULL),(100153,'Nathaniel','R.',' Bradley','CIS',NULL),(100154,'Beatrice','D',' Reeves','SE',NULL),(100155,'Donald','B',' Ferguson','SE',NULL),(100156,'Ricardo','null',' Doyle','CIS',NULL),(100157,'Clay','D',' Copeland','UND',NULL),(100158,'Hugo','C',' Mills','UND',NULL),(100159,'Dallas','null',' Hall','CIS',NULL),(100160,'Jackie','null',' Webster','UND',NULL),(100161,'Lynn','T',' Watson','CS',NULL),(100162,'Beverly','M',' Sutton','UND',NULL),(100163,'Kate','J',' Hawkins','CIS',NULL),(100164,'Roland','R',' Foster','SE',NULL),(100165,'Boyd','D',' Jones','SE',NULL),(100166,'Marian','J',' Robertson','SE',NULL),(100167,'Lydia','J',' Woods','UND',NULL),(100168,'Debra','A',' Wright','SE',NULL),(100169,'Bernice','M',' Willis','UND',NULL),(100170,'Willie','L',' Boone','UND',NULL),(100171,'Catherine','V.',' Mcdaniel','CIS',NULL),(100172,'Gene','Y',' Townsend','CIS',NULL),(100173,'Katherine','J',' Jensen','SE',NULL),(100174,'Javier','null',' Dawson','CS',NULL),(100175,'Shawn','T',' Walters','UND',NULL),(100176,'Brent','B',' Obrien','SE',NULL),(100177,'Lawrence','M.',' Gross','CIS',NULL),(100178,'Peggy','J',' Schultz','UND',NULL),(100179,'Joan','M',' Patterson','UND',NULL),(100180,'Rick','S.',' Holt','UND',NULL),(100181,'Paulette','M',' Colon','UND',NULL),(100182,'Ryan','K.',' Barnes','CIS',NULL),(100183,'Sarah','R',' Greene','UND',NULL),(100184,'Stacey','G.',' Lynch','CIS',NULL),(100185,'Kristina','J',' Sandoval','UND',NULL),(100186,'Casey','A',' Quinn','UND',NULL),(100187,'Darrin','J',' Jordan','CS',NULL),(100188,'Tracy','M',' Schmidt','SE',NULL),(100189,'Irving','null',' Powers','UND',NULL),(100190,'Cody','null',' Richardson','SE',NULL),(100191,'Alfonso','null',' Waters','SE',NULL),(100192,'Joann','J',' Maldonado','UND',NULL),(100193,'Jamie','null',' Rodriquez','CS',NULL),(100194,'Janis','A',' Blair','CS',NULL),(100195,'Rafael','null',' Curtis','CS',NULL),(100196,'Jon','G',' Paul','CS',NULL),(100197,'Sue','J',' Garcia','UND',NULL),(100198,'Carol','null',' Estrada','UND',NULL),(100199,'Megan','A',' Webb','SE',NULL),(100200,'Danny','J.',' Henderson','CIS',NULL),(100201,'Claude','X',' Farmer','CS',NULL),(100202,'Antonio','M',' Mckinney','SE',NULL),(100203,'Phil','K',' Hansen','SE',NULL),(100204,'Candice','N',' Vargas','UND',NULL),(100205,'Bradley','null',' Fox','UND',NULL),(100206,'Brandi','null',' Berry','CIS',NULL),(100207,'Vivian','J',' Joseph','CS',NULL),(100208,'Terrence','F',' Sandoval','CIS',NULL),(100209,'Sonja','M.',' Mccoy','SE',NULL),(100210,'Chelsea','null',' Holloway','SE',NULL),(100211,'Gregory','L',' Warner','CS',NULL),(100212,'Freda','J',' Cain','SE',NULL),(100213,'Rene','R',' Ross','SE',NULL),(100214,'Christine','M',' Fuller','SE',NULL),(100215,'Bruce','G',' Knight','SE',NULL),(100216,'Jesse','F',' Frazier','UND',NULL),(100217,'Erin','S',' Santos','UND',NULL),(100218,'Frank','L',' Pope','UND',NULL),(100219,'Cecilia','J',' Tran','SE',NULL),(100220,'Emily','null',' Paul','CIS',NULL),(100221,'Stacy','M',' Hopkins','CIS',NULL),(100222,'Hilda','R',' Obrien','SE',NULL),(100223,'Melba','A',' Lynch','SE',NULL),(100224,'Keith','A',' Burke','UND',NULL),(100225,'Hannah','T',' Blake','UND',NULL),(100226,'Kristopher','null',' Wolfe','UND',NULL),(100227,'Jasmine','M',' Carpenter','UND',NULL),(100228,'Angel','J',' Torres','SE',NULL),(100229,'Juan','L',' Lee','SE',NULL),(100230,'Chester','E',' Marshall','CS',NULL),(100231,'Barbara','null',' Delgado','CS',NULL),(100232,'Charles','D',' Harmon','UND',NULL),(100233,'Bonnie','C',' Kelly','CS',NULL),(100234,'Hope','null',' Martinez','SE',NULL),(100235,'Opal','R',' George','SE',NULL),(100236,'Guillermo','C',' Valdez','CS',NULL),(100237,'Zachary','K',' Cunningham','CS',NULL),(100238,'Muriel','M',' Tate','SE',NULL),(100239,'John','M',' Price','SE',NULL),(100240,'Sheryl','M',' Hayes','UND',NULL),(100241,'Sylvester','J',' Mason','UND',NULL),(100242,'James','J',' Thomas','SE',NULL),(100243,'Rufus','W',' Lopez','CIS',NULL),(100244,'Freddie','Z',' Simpson','SE',NULL),(100245,'Allison','M',' Singleton','UND',NULL),(100246,'Ernest','L',' Byrd','CIS',NULL),(100247,'Veronica','M',' Rodriquez','CIS',NULL),(100248,'Kellie','I',' Greer','SE',NULL),(100249,'Grace','M',' Flowers','CS',NULL),(100250,'Lynne','L',' Sullivan','CIS',NULL),(100251,'Mario','J',' Hanson','CS',NULL),(100252,'Linda','J',' Frank','UND',NULL),(100253,'Jacob','R.',' Watson','UND',NULL),(100254,'Clayton','J',' Wade','UND',NULL),(100255,'Dixie','W.',' Hunt','SE',NULL),(100256,'Bryant','null',' Hubbard','UND',NULL),(100257,'Benjamin','J',' Foster','UND',NULL),(100258,'Dora','null',' Vega','UND',NULL),(100259,'Marguerite','A',' Evans','UND',NULL),(100260,'Jacquelyn','N',' Boone','SE',NULL),(100261,'Jaime','J',' Doyle','CIS',NULL),(100262,'Robert','M',' Hart','SE',NULL),(100263,'Karen','R.',' Simmons','UND',NULL),(100264,'Nichole','C',' Dean','CS',NULL),(100265,'Ethel','A',' Reid','CS',NULL),(100266,'Jason','P',' Collins','SE',NULL),(100267,'Darren','C',' Hogan','SE',NULL),(100268,'Kurt','S',' Ferguson','CIS',NULL),(100269,'Angela','R',' Potter','CS',NULL),(100270,'Shane','D',' Mack','SE',NULL),(100271,'Tricia','A',' Campbell','UND',NULL),(100272,'Sherman','M',' Douglas','UND',NULL),(100273,'Salvatore','D',' Drake','UND',NULL),(100274,'Crystal','S',' Greene','CIS',NULL),(100275,'Erika','C',' Garner','UND',NULL),(100276,'Jamie','null',' Stevenson','UND',NULL),(100277,'Patricia','J',' Cobb','SE',NULL),(100278,'Myra','A.',' Shaw','CIS',NULL),(100279,'Russell','M',' Bailey','SE',NULL),(100280,'Silvia','null',' Rowe','CS',NULL),(100281,'Rudy','R',' Lucas','SE',NULL),(100282,'Jeremiah','T',' Weber','UND',NULL),(100283,'Annette','J',' Pierce','SE',NULL),(100284,'Catherine','T',' Baker','UND',NULL),(100285,'Damon','P.',' Lawrence','CS',NULL),(100286,'Sherri','A',' Spencer','CS',NULL),(100287,'Forrest','W.',' Ingram','UND',NULL),(100288,'Ralph','S',' Higgins','UND',NULL),(100289,'Gerardo','R',' Norman','UND',NULL),(100290,'Ida','S.',' Wise','CS',NULL),(100291,'Diane','A',' Diaz','CS',NULL),(100292,'Joan','null',' Ortiz','CIS',NULL),(100293,'Ron','M',' Cannon','CS',NULL),(100294,'Andre','A',' Guzman','CS',NULL),(100295,'Mack','R.',' Nichols','UND',NULL),(100296,'Beulah','L',' Carlson','SE',NULL),(100297,'Alberta','R',' Gill','UND',NULL),(100298,'Terry','E',' Holt','UND',NULL),(100299,'Virgil','null',' Brown','CS',NULL),(100300,'Seymour','J',' Pitre','UND',NULL),(100301,'Kenton','M.',' Saylor','SE',NULL),(100302,'Nicolasa','D.',' Lindsay','CS',NULL),(100303,'Evie','L',' Blakely','UND',NULL),(100304,'Tomiko','S',' Penn','SE',NULL),(100305,'Hang','W',' Mott','UND',NULL),(100306,'Bethann','J.',' Barrera','CS',NULL),(100307,'Enda','E',' Mabe','CIS',NULL),(100308,'Corina','A.',' Marlowe','SE',NULL),(100309,'Lilian','J',' Honeycutt','UND',NULL),(100310,'Lucio','C.',' Cushman','CIS',NULL),(100311,'Ricki','D',' Shoemaker','SE',NULL),(100312,'Velda','L',' Beckman','UND',NULL),(100313,'Terrie','null',' Granger','CIS',NULL),(100314,'Thomasena','L',' Hoskins','UND',NULL),(100315,'Genia','R',' Packard','UND',NULL),(100316,'Cole','null',' Council','SE',NULL),(100317,'Coretta','A',' Bobbitt','CIS',NULL),(100318,'Johnathon','R',' Loy','SE',NULL),(100319,'Kendall','L',' Magee','SE',NULL),(100320,'Danuta','null',' Stahl','UND',NULL),(100321,'Mickie','T',' Lusk','UND',NULL),(100322,'Emogene','T',' Schmid','SE',NULL),(100323,'Denita','W.',' Spriggs','CIS',NULL),(100324,'Alisha','A',' Doty','CS',NULL),(100325,'Eusebio','J',' Witherspoon','UND',NULL),(100326,'Ellis','C',' Baughman','UND',NULL),(100327,'Helaine','null',' Fuqua','CIS',NULL),(100328,'Savanna','J',' Brantley','SE',NULL),(100329,'Parker','J',' Hess','UND',NULL),(100330,'Cherelle','T.',' Houck','CS',NULL),(100331,'Arie','K.',' Urban','UND',NULL),(100332,'Anisha','D',' Laster','UND',NULL),(100333,'Dinorah','J.',' Kirby','SE',NULL),(100334,'Billye','J',' Batson','UND',NULL),(100335,'Lisabeth','L',' Cartwright','UND',NULL),(100336,'Randee','L',' Mosby','UND',NULL),(100337,'Jerri','J',' Chase','CS',NULL),(100338,'Shiloh','J',' Flint','SE',NULL),(100339,'Georgetta','J',' Hamer','UND',NULL),(100340,'Nu','P',' Mcghee','UND',NULL),(100341,'Lavenia','R',' Wheatley','CS',NULL),(100342,'Marybelle','A',' Thomason','UND',NULL),(100343,'Chas','W',' Kong','CS',NULL),(100344,'Allie','A',' Buckley','CIS',NULL),(100345,'Macy','null',' Stegall','UND',NULL),(100346,'Coralie','D.',' Ferreira','CIS',NULL),(100347,'Shanelle','J',' Lester','SE',NULL),(100348,'Sherwood','null',' Finn','UND',NULL),(100349,'Ingeborg','J',' Dozier','SE',NULL),(100350,'Christinia','R',' Barbour','UND',NULL),(100351,'Taunya','M',' Koonce','CIS',NULL),(100352,'Robbin','null',' Gantt','UND',NULL),(100353,'Tawna','D',' Shrader','UND',NULL),(100354,'Mickey','W',' Bartholomew','UND',NULL),(100355,'Rae','M',' Mixon','CIS',NULL),(100356,'Keira','S',' Conners','SE',NULL),(100357,'Dante','D',' Gilchrist','UND',NULL),(100358,'Stefanie','J',' Chapa','UND',NULL),(100359,'Thomas','A',' Enos','CIS',NULL),(100360,'Elodia','A',' Finley','CS',NULL),(100361,'Alyce','L',' Haskell','SE',NULL),(100362,'Adele','S.',' Springer','SE',NULL),(100363,'Clement','null',' Holder','SE',NULL),(100364,'Gaynelle','P',' Vick','SE',NULL),(100365,'Shae','D',' Petit','UND',NULL),(100366,'Brendon','J',' Boling','CIS',NULL),(100367,'Ahmad','V',' Larue','SE',NULL),(100368,'Pansy','D',' Jernigan','UND',NULL),(100369,'Mellie','null',' Polanco','UND',NULL),(100370,'Lon','T',' Herman','UND',NULL),(100371,'Wendie','K',' Wylie','CS',NULL),(100372,'Maryalice','null',' Seay','UND',NULL),(100373,'Lesley','null',' Waugh','CIS',NULL),(100374,'Sharolyn','null',' Timmons','CIS',NULL),(100375,'Lewis','null',' Corcoran','UND',NULL),(100376,'Aleshia','J',' Leeper','SE',NULL),(100377,'Serina','L',' Lavender','UND',NULL),(100378,'Lashaunda','J',' Hodgson','CS',NULL),(100379,'Darcie','T.',' Randle','UND',NULL);
/*!40000 ALTER TABLE `Student` ENABLE KEYS */;
UNLOCK TABLES;

--
-- Table structure for table `UND`
--

DROP TABLE IF EXISTS `UND`;
/*!40101 SET @saved_cs_client     = @@character_set_client */;
/*!40101 SET character_set_client = utf8 */;
CREATE TABLE `UND` (
  `uid` mediumint(9) NOT NULL,
  `b_date` varchar(12) DEFAULT NULL,
  `e_date` varchar(12) DEFAULT NULL,
  UNIQUE KEY `uid` (`uid`),
  CONSTRAINT `UND_ibfk_1` FOREIGN KEY (`uid`) REFERENCES `Student` (`uid`)
) ENGINE=InnoDB DEFAULT CHARSET=latin1;
/*!40101 SET character_set_client = @saved_cs_client */;

--
-- Dumping data for table `UND`
--

LOCK TABLES `UND` WRITE;
/*!40000 ALTER TABLE `UND` DISABLE KEYS */;
INSERT INTO `UND` VALUES (100001,'Fall 2010','Fall 2012'),(100002,'Fall 2011','Spring 2012'),(100005,'Fall 2010','Spring 2012'),(100006,'Spring 2011','Fall 2012'),(100009,'Fall 2010','Fall 2012'),(100029,'Spring 2011','Fall 2012'),(100031,'Spring 2011','Fall 2012'),(100036,'Fall 2010','Fall 2012'),(100038,'Fall 2010','Fall 2012'),(100048,'Fall 2012','Fall 2012'),(100051,'Spring 2011','Spring 2011'),(100062,'Fall 2011','Spring 2012'),(100071,'Fall 2010','Fall 2012'),(100073,'Spring 2012','Spring 2012'),(100081,'Fall 2011','Spring 2012'),(100088,'Fall 2011','Fall 2012'),(100090,'Fall 2011','Spring 2012'),(100099,'Spring 2011','Fall 2012'),(100101,'Fall 2010','Spring 2012'),(100103,'Spring 2011','Fall 2012'),(100104,'Spring 2011','Fall 2012'),(100110,'Spring 2011','Fall 2012'),(100112,'Spring 2011','Spring 2011'),(100118,'Spring 2011','Fall 2012'),(100147,'Fall 2012','Fall 2012'),(100149,'Fall 2010','Spring 2012'),(100151,'Fall 2010','Spring 2012'),(100160,'Spring 2011','Spring 2011'),(100162,'Fall 2010','Fall 2012'),(100167,'Spring 2011','Spring 2012'),(100169,'Fall 2010','Fall 2012'),(100170,'Fall 2010','Spring 2012'),(100175,'Spring 2011','Fall 2012'),(100180,'Fall 2010','Spring 2012'),(100183,'Fall 2012','Fall 2012'),(100185,'Fall 2010','Spring 2012'),(100186,'Fall 2011','Spring 2012'),(100189,'Spring 2011','Fall 2012'),(100192,'Spring 2011','Spring 2011'),(100197,'Spring 2011','Spring 2012'),(100198,'Fall 2012','Fall 2012'),(100205,'Spring 2011','Spring 2011'),(100216,'Spring 2011','Spring 2011'),(100217,'Spring 2011','Spring 2011'),(100224,'Fall 2012','Fall 2012'),(100225,'Spring 2011','Fall 2012'),(100226,'Fall 2012','Fall 2012'),(100227,'Fall 2012','Fall 2012'),(100240,'Spring 2011','Spring 2011'),(100245,'Spring 2011','Fall 2012'),(100252,'Spring 2011','Spring 2011'),(100253,'Fall 2010','Spring 2012'),(100258,'Spring 2011','Spring 2012'),(100259,'Spring 2011','Fall 2012'),(100263,'Fall 2012','Fall 2012'),(100271,'Spring 2012','Spring 2012'),(100273,'Fall 2012','Fall 2012'),(100275,'Spring 2011','Fall 2012'),(100276,'Fall 2011','Spring 2012'),(100282,'Fall 2011','Spring 2012'),(100284,'Fall 2010','Spring 2012'),(100288,'Spring 2011','Spring 2011'),(100289,'Spring 2011','Spring 2011');
/*!40000 ALTER TABLE `UND` ENABLE KEYS */;
UNLOCK TABLES;
/*!40103 SET TIME_ZONE=@OLD_TIME_ZONE */;

/*!40101 SET SQL_MODE=@OLD_SQL_MODE */;
/*!40014 SET FOREIGN_KEY_CHECKS=@OLD_FOREIGN_KEY_CHECKS */;
/*!40014 SET UNIQUE_CHECKS=@OLD_UNIQUE_CHECKS */;
/*!40101 SET CHARACTER_SET_CLIENT=@OLD_CHARACTER_SET_CLIENT */;
/*!40101 SET CHARACTER_SET_RESULTS=@OLD_CHARACTER_SET_RESULTS */;
/*!40101 SET COLLATION_CONNECTION=@OLD_COLLATION_CONNECTION */;
/*!40111 SET SQL_NOTES=@OLD_SQL_NOTES */;

-- Dump completed on 2014-04-14 19:35:43
